city,task_id,p_req_level,p_req,strategy,regime,pool_size,n_selected,p_commit,p_deliv,shortfall,ocr,success
City-A,T1,1x,180.0,S0_Oracle,routine,800,1,379.364,379.364,0.0,0.0,1.0
City-A,T1,1x,180.0,S0_Oracle,stress,800,1,379.364,248.01672076599937,0.0,0.3462302148701527,1.0
City-A,T1,1x,180.0,S1_CapOnly,routine,800,1,678.17287,297.358,0.0,0.56153067579952,1.0
City-A,T1,1x,180.0,S1_CapOnly,stress,800,1,678.17287,199.26621236901053,0.0,0.7061719493895258,1.0
City-A,T1,1x,180.0,S2_Platform,routine,800,1,421.075,297.358,0.0,0.2938122662233569,1.0
City-A,T1,1x,180.0,S2_Platform,stress,800,1,421.075,199.26621236901053,0.0,0.526767886079652,1.0
City-A,T1,1x,180.0,S3_Linear4,routine,800,1,310.3740162596014,297.358,0.0,0.041936552603406674,1.0
City-A,T1,1x,180.0,S3_Linear4,stress,800,1,310.3740162596014,199.26621236901053,0.0,0.3579803658488559,1.0
City-A,T1,1x,180.0,S4_GlobalCalib,routine,800,1,309.6319032183313,297.358,0.0,0.03964030544254528,1.0
City-A,T1,1x,180.0,S4_GlobalCalib,stress,800,1,309.6319032183313,199.26621236901053,0.0,0.35644159953213345,1.0
City-A,T1,1x,180.0,S5_CityCalib,routine,800,1,289.9320634234879,297.358,0.0,0.0,1.0
City-A,T1,1x,180.0,S5_CityCalib,stress,800,1,289.9320634234879,199.26621236901053,0.0,0.3127141233843002,1.0
City-A,T1,1x,180.0,S6_Q10,routine,800,2,255.15139368290036,676.722,0.0,0.0,1.0
City-A,T1,1x,180.0,S6_Q10,stress,800,2,255.15139368290036,447.2829331350099,0.0,0.0,1.0
City-A,T1,2x,360.0,S0_Oracle,routine,800,1,379.364,379.364,0.0,0.0,1.0
City-A,T1,2x,360.0,S0_Oracle,stress,800,1,379.364,248.01672076599937,111.98327923400063,0.3462302148701527,0.0
City-A,T1,2x,360.0,S1_CapOnly,routine,800,1,678.17287,297.358,62.641999999999996,0.56153067579952,0.0
City-A,T1,2x,360.0,S1_CapOnly,stress,800,1,678.17287,199.26621236901053,160.73378763098947,0.7061719493895258,0.0
City-A,T1,2x,360.0,S2_Platform,routine,800,1,421.075,297.358,62.641999999999996,0.2938122662233569,0.0
City-A,T1,2x,360.0,S2_Platform,stress,800,1,421.075,199.26621236901053,160.73378763098947,0.526767886079652,0.0
City-A,T1,2x,360.0,S3_Linear4,routine,800,2,559.1424658460598,542.455,0.0,0.029844747743867684,1.0
City-A,T1,2x,360.0,S3_Linear4,stress,800,2,559.1424658460598,359.50322539498075,0.4967746050192545,0.357045391193812,0.0
City-A,T1,2x,360.0,S4_GlobalCalib,routine,800,2,609.2531323500806,676.722,0.0,0.0,1.0
City-A,T1,2x,360.0,S4_GlobalCalib,stress,800,2,609.2531323500806,447.2829331350099,0.0,0.26585041687073613,1.0
City-A,T1,2x,360.0,S5_CityCalib,routine,800,2,570.6040303578241,676.722,0.0,0.0,1.0
City-A,T1,2x,360.0,S5_CityCalib,stress,800,2,570.6040303578241,447.2829331350099,0.0,0.21612377526580012,1.0
City-A,T1,2x,360.0,S6_Q10,routine,800,3,369.93743784172955,1039.819,0.0,0.0,1.0
City-A,T1,2x,360.0,S6_Q10,stress,800,3,369.93743784172955,684.664780806302,0.0,0.0,1.0
City-A,T1,5x,900.0,S0_Oracle,routine,800,3,1064.916,1064.916,0.0,0.0,1.0
City-A,T1,5x,900.0,S0_Oracle,stress,800,3,1064.916,707.2883377970791,192.71166220292093,0.33582710955880174,0.0
City-A,T1,5x,900.0,S1_CapOnly,routine,800,2,1293.3561519999998,676.722,223.27800000000002,0.47677057169941844,0.0
City-A,T1,5x,900.0,S1_CapOnly,stress,800,2,1293.3561519999998,447.2829331350099,452.7170668649901,0.654168782169283,0.0
City-A,T1,5x,900.0,S2_Platform,routine,800,3,1202.069,1039.819,0.0,0.13497561288079138,1.0
City-A,T1,5x,900.0,S2_Platform,stress,800,3,1202.069,684.664780806302,215.33521919369798,0.43042805296010295,0.0
City-A,T1,5x,900.0,S3_Linear4,routine,800,4,1051.3772254419391,1176.84,0.0,0.0,1.0
City-A,T1,5x,900.0,S3_Linear4,stress,800,4,1051.3772254419391,774.2449705345789,125.7550294654211,0.26358974514677125,0.0
City-A,T1,5x,900.0,S4_GlobalCalib,routine,800,4,1147.3458112926571,1362.274,0.0,0.0,1.0
City-A,T1,5x,900.0,S4_GlobalCalib,stress,800,4,1147.3458112926571,906.5545501660897,0.0,0.20986807879246097,1.0
City-A,T1,5x,900.0,S5_CityCalib,routine,800,4,1075.383056418633,1362.274,0.0,0.0,1.0
City-A,T1,5x,900.0,S5_CityCalib,stress,800,4,1075.383056418633,906.5545501660897,0.0,0.15699383140254772,1.0
City-A,T1,5x,900.0,S6_Q10,routine,800,9,997.2685401279505,2843.556,0.0,0.0,1.0
City-A,T1,5x,900.0,S6_Q10,stress,800,9,997.2685401279505,1876.2264701153267,0.0,0.0,1.0
City-A,T1,10x,1800.0,S0_Oracle,routine,800,6,1984.734,1984.734,0.0,0.0,1.0
City-A,T1,10x,1800.0,S0_Oracle,stress,800,6,1984.734,1309.8920591081712,490.1079408918288,0.3400163149781425,0.0
City-A,T1,10x,1800.0,S1_CapOnly,routine,800,3,1889.6612019999998,931.7429999999999,868.2570000000001,0.5069258981377975,0.0
City-A,T1,10x,1800.0,S1_CapOnly,stress,800,3,1889.6612019999998,614.0079575086087,1185.9920424913912,0.6750698184104386,0.0
City-A,T1,10x,1800.0,S2_Platform,routine,800,5,1914.484,1652.6329999999998,147.3670000000002,0.13677366851851472,0.0
City-A,T1,10x,1800.0,S2_Platform,stress,800,5,1914.484,1096.382491206607,703.617508793393,0.427322196891378,0.0
City-A,T1,10x,1800.0,S3_Linear4,routine,800,8,1977.7161904555196,2337.226,0.0,0.0,1.0
City-A,T1,10x,1800.0,S3_Linear4,stress,800,8,1977.7161904555196,1543.9487097180045,256.05129028199553,0.21932746611009296,0.0
City-A,T1,10x,1800.0,S4_GlobalCalib,routine,800,7,1885.9774156426683,2267.7799999999997,0.0,0.0,1.0
City-A,T1,10x,1800.0,S4_GlobalCalib,stress,800,7,1885.9774156426683,1499.0169735633647,300.9830264366353,0.2051776648382836,0.0
City-A,T1,10x,1800.0,S5_CityCalib,routine,800,8,1995.0490673977988,2538.885,0.0,0.0,1.0
City-A,T1,10x,1800.0,S5_CityCalib,stress,800,8,1995.0490673977988,1676.257231160992,123.74276883900802,0.15979147653376585,0.0
City-A,T1,10x,1800.0,S6_Q10,routine,800,18,1858.3362116467142,5141.222000000001,0.0,0.0,1.0
City-A,T1,10x,1800.0,S6_Q10,stress,800,18,1858.3362116467142,3383.4856741684353,0.0,0.0,1.0
City-A,T2,1x,260.0,S0_Oracle,routine,800,1,289.666,289.666,0.0,0.0,1.0
City-A,T2,1x,260.0,S0_Oracle,stress,800,1,289.666,189.37487857942233,70.62512142057767,0.34623021487015276,0.0
City-A,T2,1x,260.0,S1_CapOnly,routine,800,1,678.17287,165.415,94.58500000000001,0.7560872642988505,0.0
City-A,T2,1x,260.0,S1_CapOnly,stress,800,1,678.17287,108.14332900725368,151.85667099274633,0.8405372231902263,0.0
City-A,T2,1x,260.0,S2_Platform,routine,800,1,441.11,165.415,94.58500000000001,0.6250028337602866,0.0
City-A,T2,1x,260.0,S2_Platform,stress,800,1,441.11,108.14332900725368,151.85667099274633,0.754838183203161,0.0
City-A,T2,1x,260.0,S3_Linear4,routine,800,1,303.20276158027036,165.415,94.58500000000001,0.4544409848450283,0.0
City-A,T2,1x,260.0,S3_Linear4,stress,800,1,303.20276158027036,108.14332900725368,151.85667099274633,0.6433299998864831,0.0
City-A,T2,1x,260.0,S4_GlobalCalib,routine,800,1,324.9831359259218,165.415,94.58500000000001,0.4910043577224097,0.0
City-A,T2,1x,260.0,S4_GlobalCalib,stress,800,1,324.9831359259218,108.14332900725368,151.85667099274633,0.6672340283161512,0.0
City-A,T2,1x,260.0,S5_CityCalib,routine,800,1,304.1322955827038,165.415,94.58500000000001,0.45610840281505693,0.0
City-A,T2,1x,260.0,S5_CityCalib,stress,800,1,304.1322955827038,108.14332900725368,151.85667099274633,0.6444201073744703,0.0
City-A,T2,1x,260.0,S6_Q10,routine,800,2,261.55783760879086,444.85900000000004,0.0,0.0,1.0
City-A,T2,1x,260.0,S6_Q10,stress,800,2,261.55783760879086,290.83537284307874,0.0,0.0,1.0
City-A,T2,2x,520.0,S0_Oracle,routine,800,2,578.111,578.111,0.0,0.0,1.0
City-A,T2,2x,520.0,S0_Oracle,stress,800,2,578.111,379.3242450831194,140.67575491688058,0.34385568673988315,0.0
City-A,T2,2x,520.0,S1_CapOnly,routine,800,1,678.17287,165.415,354.58500000000004,0.7560872642988505,0.0
City-A,T2,2x,520.0,S1_CapOnly,stress,800,1,678.17287,108.14332900725368,411.85667099274633,0.8405372231902263,0.0
City-A,T2,2x,520.0,S2_Platform,routine,800,2,849.902,444.85900000000004,75.14099999999996,0.47657612289416895,0.0
City-A,T2,2x,520.0,S2_Platform,stress,800,2,849.902,290.83537284307874,229.16462715692126,0.6578012843326893,0.0
City-A,T2,2x,520.0,S3_Linear4,routine,800,2,544.7999564873978,453.86,66.13999999999999,0.16692357516644077,0.0
City-A,T2,2x,520.0,S3_Linear4,stress,800,2,544.7999564873978,298.0926955109508,221.90730448904918,0.4528400893551719,0.0
City-A,T2,2x,520.0,S4_GlobalCalib,routine,800,2,625.2035496834428,444.85900000000004,75.14099999999996,0.28845733485479413,0.0
City-A,T2,2x,520.0,S4_GlobalCalib,stress,800,2,625.2035496834428,290.83537284307874,229.16462715692126,0.5348149046972999,0.0
City-A,T2,2x,520.0,S5_CityCalib,routine,800,2,585.3585216409983,444.85900000000004,75.14099999999996,0.24002302255226576,0.0
City-A,T2,2x,520.0,S5_CityCalib,stress,800,2,585.3585216409983,290.83537284307874,229.16462715692126,0.503150014750364,0.0
City-A,T2,2x,520.0,S6_Q10,routine,800,5,599.6815587363478,1274.8850000000002,0.0,0.0,1.0
City-A,T2,2x,520.0,S6_Q10,stress,800,5,599.6815587363478,833.4812925152653,0.0,0.0,1.0
City-A,T2,5x,1300.0,S0_Oracle,routine,800,5,1424.766,1424.766,0.0,0.0,1.0
City-A,T2,5x,1300.0,S0_Oracle,stress,800,5,1424.766,936.3107215032722,363.68927849672775,0.34283193064456047,0.0
City-A,T2,5x,1300.0,S1_CapOnly,routine,800,3,1889.6612019999998,687.311,612.689,0.6362781861253454,0.0
City-A,T2,5x,1300.0,S1_CapOnly,stress,800,3,1889.6612019999998,449.3431647873805,850.6568352126195,0.7622096678961288,0.0
City-A,T2,5x,1300.0,S2_Platform,routine,800,4,1596.471,990.3420000000001,309.6579999999999,0.3796680302993289,0.0
City-A,T2,5x,1300.0,S2_Platform,stress,800,4,1596.471,647.4556765450632,652.5443234549368,0.5944457014596174,0.0
City-A,T2,5x,1300.0,S3_Linear4,routine,800,6,1486.291337515986,1351.2060000000001,0.0,0.090887522591467,1.0
City-A,T2,5x,1300.0,S3_Linear4,stress,800,6,1486.291337515986,886.4692099858752,413.5307900141248,0.4035696854242477,0.0
City-A,T2,5x,1300.0,S4_GlobalCalib,routine,800,5,1428.032193273422,1274.8850000000002,25.11499999999978,0.10724351593388702,0.0
City-A,T2,5x,1300.0,S4_GlobalCalib,stress,800,5,1428.032193273422,833.4812925152653,466.5187074847347,0.4163427852388195,0.0
City-A,T2,5x,1300.0,S5_CityCalib,routine,800,5,1338.5398680188766,1274.8850000000002,25.11499999999978,0.047555451682653,0.0
City-A,T2,5x,1300.0,S5_CityCalib,stress,800,5,1338.5398680188766,833.4812925152653,466.5187074847347,0.37732053229847373,0.0
City-A,T2,5x,1300.0,S6_Q10,routine,800,12,1311.9099683757827,2946.125,0.0,0.0,1.0
City-A,T2,5x,1300.0,S6_Q10,stress,800,12,1311.9099683757827,1933.1237674390964,0.0,0.0,1.0
City-A,T2,10x,2600.0,S0_Oracle,routine,800,10,2748.0730000000003,2748.0730000000003,0.0,0.0,1.0
City-A,T2,10x,2600.0,S0_Oracle,stress,800,10,2748.0730000000003,1802.5794215799167,797.4205784200833,0.34405693677718296,0.0
City-A,T2,10x,2600.0,S1_CapOnly,routine,800,5,3037.3306979999998,1231.573,1368.427,0.5945212680295374,0.0
City-A,T2,10x,2600.0,S1_CapOnly,stress,800,5,3037.3306979999998,806.5379564136397,1793.4620435863603,0.7344583001960494,0.0
City-A,T2,10x,2600.0,S2_Platform,routine,800,7,2630.133,1770.1260000000002,829.8739999999998,0.32698232370758423,0.0
City-A,T2,10x,2600.0,S2_Platform,stress,800,7,2630.133,1157.254894672756,1442.745105327244,0.5600013783817183,0.0
City-A,T2,10x,2600.0,S3_Linear4,routine,800,12,2747.3373611604857,2693.693,0.0,0.019525946073774454,1.0
City-A,T2,10x,2600.0,S3_Linear4,stress,800,12,2747.3373611604857,1764.1466475154884,835.8533524845116,0.35787039755091954,0.0
City-A,T2,10x,2600.0,S4_GlobalCalib,routine,800,10,2642.9584744913764,2453.161,146.83899999999994,0.07181250720479135,0.0
City-A,T2,10x,2600.0,S4_GlobalCalib,stress,800,10,2642.9584744913764,1608.6442996818816,991.3557003181184,0.39134711528471633,0.0
City-A,T2,10x,2600.0,S5_CityCalib,routine,800,11,2702.221945088321,2698.183,0.0,0.0014946755560409028,1.0
City-A,T2,10x,2600.0,S5_CityCalib,stress,800,11,2702.221945088321,1771.0267793744317,828.9732206255683,0.3446035094957581,0.0
City-A,T2,10x,2600.0,S6_Q10,routine,800,27,2669.2036077563766,5876.262000000001,0.0,0.0,1.0
City-A,T2,10x,2600.0,S6_Q10,stress,800,27,2669.2036077563766,3860.328641066875,0.0,0.0,1.0
City-A,T3,1x,200.0,S0_Oracle,routine,800,1,325.109,325.109,0.0,0.0,1.0
City-A,T3,1x,200.0,S0_Oracle,stress,800,1,325.109,212.5464410737795,0.0,0.3462302148701527,1.0
City-A,T3,1x,200.0,S1_CapOnly,routine,800,1,596.7921256000001,159.12,40.879999999999995,0.733374498130275,0.0
City-A,T3,1x,200.0,S1_CapOnly,stress,800,1,596.7921256000001,104.0278482098613,95.9721517901387,0.8256883029324922,0.0
City-A,T3,1x,200.0,S2_Platform,routine,800,1,470.654,159.12,40.879999999999995,0.6619172470647227,0.0
City-A,T3,1x,200.0,S2_Platform,stress,800,1,470.654,104.0278482098613,95.9721517901387,0.7789717112573965,0.0
City-A,T3,1x,200.0,S3_Linear4,routine,800,1,295.4487061874675,159.12,40.879999999999995,0.46142935586580125,0.0
City-A,T3,1x,200.0,S3_Linear4,stress,800,1,295.4487061874675,104.0278482098613,95.9721517901387,0.6478987857071414,0.0
City-A,T3,1x,200.0,S4_GlobalCalib,routine,800,1,347.62036173640604,159.12,40.879999999999995,0.5422592646610911,0.0
City-A,T3,1x,200.0,S4_GlobalCalib,stress,800,1,347.62036173640604,104.0278482098613,95.9721517901387,0.7007429378123032,0.0
City-A,T3,1x,200.0,S5_CityCalib,routine,800,1,325.072233636703,159.12,40.879999999999995,0.5105087930154296,0.0
City-A,T3,1x,200.0,S5_CityCalib,stress,800,1,325.072233636703,104.0278482098613,95.9721517901387,0.6799854387867479,0.0
City-A,T3,1x,200.0,S6_Q10,routine,800,2,274.31933111289334,468.574,0.0,0.0,1.0
City-A,T3,1x,200.0,S6_Q10,stress,800,2,274.31933111289334,306.33952329743306,0.0,0.0,1.0
City-A,T3,2x,400.0,S0_Oracle,routine,800,2,634.563,634.563,0.0,0.0,1.0
City-A,T3,2x,400.0,S0_Oracle,stress,800,2,634.563,414.8581161613513,0.0,0.3462302148701527,1.0
City-A,T3,2x,400.0,S1_CapOnly,routine,800,1,596.7921256000001,159.12,240.88,0.733374498130275,0.0
City-A,T3,2x,400.0,S1_CapOnly,stress,800,1,596.7921256000001,104.0278482098613,295.9721517901387,0.8256883029324922,0.0
City-A,T3,2x,400.0,S2_Platform,routine,800,1,470.654,159.12,240.88,0.6619172470647227,0.0
City-A,T3,2x,400.0,S2_Platform,stress,800,1,470.654,104.0278482098613,295.9721517901387,0.7789717112573965,0.0
City-A,T3,2x,400.0,S3_Linear4,routine,800,2,524.9070629886824,484.229,0.0,0.07749574325990626,1.0
City-A,T3,2x,400.0,S3_Linear4,stress,800,2,524.9070629886824,316.57428928364084,83.42571071635916,0.3968945902896594,0.0
City-A,T3,2x,400.0,S4_GlobalCalib,routine,800,2,656.9764254850726,468.574,0.0,0.28677197259546616,1.0
City-A,T3,2x,400.0,S4_GlobalCalib,stress,800,2,656.9764254850726,306.33952329743306,93.66047670256694,0.5337130657751531,0.0
City-A,T3,2x,400.0,S5_CityCalib,routine,800,2,614.7491394072177,468.574,0.0,0.23778014483789206,1.0
City-A,T3,2x,400.0,S5_CityCalib,stress,800,2,614.7491394072177,306.33952329743306,93.66047670256694,0.5016836890689654,0.0
City-A,T3,2x,400.0,S6_Q10,routine,800,4,504.1194626139636,1095.732,0.0,0.0,1.0
City-A,T3,2x,400.0,S6_Q10,stress,800,4,504.1194626139636,716.5885957269105,0.0,0.0,1.0
City-A,T3,5x,1000.0,S0_Oracle,routine,800,4,1240.953,1240.953,0.0,0.0,1.0
City-A,T3,5x,1000.0,S0_Oracle,stress,800,4,1240.953,811.7031817468568,188.29681825314321,0.3459033647955589,0.0
City-A,T3,5x,1000.0,S1_CapOnly,routine,800,2,1138.1160166,374.587,625.413,0.6708709880746265,0.0
City-A,T3,5x,1000.0,S1_CapOnly,stress,800,2,1138.1160166,246.3359757119065,753.6640242880935,0.7835581152369607,0.0
City-A,T3,5x,1000.0,S2_Platform,routine,800,3,1264.78,770.623,229.37699999999995,0.3907058935150777,0.0
City-A,T3,5x,1000.0,S2_Platform,stress,800,3,1264.78,504.042154653131,495.957845346869,0.6014783957264259,0.0
City-A,T3,5x,1000.0,S3_Linear4,routine,800,5,1206.0611562083568,1311.199,0.0,0.0,1.0
City-A,T3,5x,1000.0,S3_Linear4,stress,800,5,1206.0611562083568,858.8967232289557,141.1032767710443,0.28784977543827445,0.0
City-A,T3,5x,1000.0,S4_GlobalCalib,routine,800,4,1203.1113574098738,1095.732,0.0,0.0892513870378933,1.0
City-A,T3,5x,1000.0,S4_GlobalCalib,stress,800,4,1203.1113574098738,716.5885957269105,283.4114042730895,0.40438714063042097,0.0
City-A,T3,5x,1000.0,S5_CityCalib,routine,800,4,1126.9674285947117,1095.732,0.0,0.02771635435254876,1.0
City-A,T3,5x,1000.0,S5_CityCalib,stress,800,4,1126.9674285947117,716.5885957269105,283.4114042730895,0.36414435985920995,0.0
City-A,T3,5x,1000.0,S6_Q10,routine,800,9,1040.2262132719843,1972.7640000000001,0.0,0.0,1.0
City-A,T3,5x,1000.0,S6_Q10,stress,800,9,1040.2262132719843,1291.581415181988,0.0,0.0,1.0
City-A,T3,10x,2000.0,S0_Oracle,routine,800,7,2034.5459999999998,2034.5459999999998,0.0,0.0,1.0
City-A,T3,10x,2000.0,S0_Oracle,stress,800,7,2034.5459999999998,1330.5303068374078,669.4696931625922,0.3460308556123047,0.0
City-A,T3,10x,2000.0,S1_CapOnly,routine,800,4,2175.3372921,1001.7449999999999,998.2550000000001,0.5394989992411946,0.0
City-A,T3,10x,2000.0,S1_CapOnly,stress,800,4,2175.3372921,656.5850481413839,1343.414951858616,0.6981686239987464,0.0
City-A,T3,10x,2000.0,S2_Platform,routine,800,6,2357.866,1431.267,568.733,0.3929820439329461,0.0
City-A,T3,10x,2000.0,S2_Platform,stress,800,6,2357.866,937.3935537899262,1062.606446210074,0.6024398529051583,0.0
City-A,T3,10x,2000.0,S3_Linear4,routine,800,9,2035.8512760452716,2092.163,0.0,0.0,1.0
City-A,T3,10x,2000.0,S3_Linear4,stress,800,9,2035.8512760452716,1369.6408737567065,630.3591262432935,0.32723922917528014,0.0
City-A,T3,10x,2000.0,S4_GlobalCalib,routine,800,8,2230.801071644974,1854.083,145.91699999999992,0.16887120794109406,0.0
City-A,T3,10x,2000.0,S4_GlobalCalib,stress,800,8,2230.801071644974,1213.9913633129925,786.0086366870075,0.4558047426354312,0.0
City-A,T3,10x,2000.0,S5_CityCalib,routine,800,8,2091.665930238611,1854.083,145.91699999999992,0.11358550464677131,0.0
City-A,T3,10x,2000.0,S5_CityCalib,stress,800,8,2091.665930238611,1213.9913633129925,786.0086366870075,0.4196055183752484,0.0
City-A,T3,10x,2000.0,S6_Q10,routine,800,19,2017.016721730017,3770.548,0.0,0.0,1.0
City-A,T3,10x,2000.0,S6_Q10,stress,800,19,2017.016721730017,2473.756778530913,0.0,0.0,1.0
City-A,T4,1x,140.0,S0_Oracle,routine,800,1,277.547,277.547,0.0,0.0,1.0
City-A,T4,1x,140.0,S0_Oracle,stress,800,1,277.547,202.476876727138,0.0,0.27047715620367724,1.0
City-A,T4,1x,140.0,S1_CapOnly,routine,800,1,678.17287,188.535,0.0,0.7219956616666191,1.0
City-A,T4,1x,140.0,S1_CapOnly,stress,800,1,678.17287,123.25848643945575,16.74151356054425,0.8182491634626202,0.0
City-A,T4,1x,140.0,S2_Platform,routine,800,1,299.216,277.547,0.0,0.07241925565477776,1.0
City-A,T4,1x,140.0,S2_Platform,stress,800,1,299.216,202.476876727138,0.0,0.32330865753456367,1.0
City-A,T4,1x,140.0,S3_Linear4,routine,800,1,310.3880500260971,188.535,0.0,0.3925829297096065,1.0
City-A,T4,1x,140.0,S3_Linear4,stress,800,1,310.3880500260971,123.25848643945575,16.74151356054425,0.6028890724720481,0.0
City-A,T4,1x,140.0,S4_GlobalCalib,routine,800,1,216.2610089575743,277.547,0.0,0.0,1.0
City-A,T4,1x,140.0,S4_GlobalCalib,stress,800,1,216.2610089575743,202.476876727138,0.0,0.06373840710759114,1.0
City-A,T4,1x,140.0,S5_CityCalib,routine,800,1,203.5619066633238,277.547,0.0,0.0,1.0
City-A,T4,1x,140.0,S5_CityCalib,stress,800,1,203.5619066633238,202.476876727138,0.0,0.0053302209336266605,1.0
City-A,T4,1x,140.0,S6_Q10,routine,800,2,179.98115906666175,499.521,0.0,0.0,1.0
City-A,T4,1x,140.0,S6_Q10,stress,800,2,179.98115906666175,347.5967710115507,0.0,0.0,1.0
City-A,T4,2x,280.0,S0_Oracle,routine,800,2,553.1690000000001,553.1690000000001,0.0,0.0,1.0
City-A,T4,2x,280.0,S0_Oracle,stress,800,2,553.1690000000001,383.80532979095585,0.0,0.3061698508214383,1.0
City-A,T4,2x,280.0,S1_CapOnly,routine,800,1,678.17287,188.535,91.465,0.7219956616666191,0.0
City-A,T4,2x,280.0,S1_CapOnly,stress,800,1,678.17287,123.25848643945575,156.74151356054426,0.8182491634626202,0.0
City-A,T4,2x,280.0,S2_Platform,routine,800,1,299.216,277.547,2.4529999999999745,0.07241925565477776,0.0
City-A,T4,2x,280.0,S2_Platform,stress,800,1,299.216,202.476876727138,77.523123272862,0.32330865753456367,0.0
City-A,T4,2x,280.0,S3_Linear4,routine,800,1,310.3880500260971,188.535,91.465,0.3925829297096065,0.0
City-A,T4,2x,280.0,S3_Linear4,stress,800,1,310.3880500260971,123.25848643945575,156.74151356054426,0.6028890724720481,0.0
City-A,T4,2x,280.0,S4_GlobalCalib,routine,800,2,422.09835084481864,499.521,0.0,0.0,1.0
City-A,T4,2x,280.0,S4_GlobalCalib,stress,800,2,422.09835084481864,347.5967710115507,0.0,0.17650289247554515,1.0
City-A,T4,2x,280.0,S5_CityCalib,routine,800,2,397.48168912929435,499.521,0.0,0.0,1.0
City-A,T4,2x,280.0,S5_CityCalib,stress,800,2,397.48168912929435,347.5967710115507,0.0,0.12550243063276534,1.0
City-A,T4,2x,280.0,S6_Q10,routine,800,4,353.2524321307203,1034.3500000000001,0.0,0.0,1.0
City-A,T4,2x,280.0,S6_Q10,stress,800,4,353.2524321307203,698.3869287695209,0.0,0.0,1.0
City-A,T4,5x,700.0,S0_Oracle,routine,800,3,812.3760000000001,812.3760000000001,0.0,0.0,1.0
City-A,T4,5x,700.0,S0_Oracle,stress,800,3,812.3760000000001,553.2670344851082,146.73296551489182,0.31895201915725213,0.0
City-A,T4,5x,700.0,S1_CapOnly,routine,800,2,1293.3561519999998,466.082,233.918,0.6396336776383926,0.0
City-A,T4,5x,700.0,S1_CapOnly,stress,800,2,1293.3561519999998,325.73536316659374,374.26463683340626,0.7481472039523775,0.0
City-A,T4,5x,700.0,S2_Platform,routine,800,3,870.04,758.7280000000001,0.0,0.12793894533584652,1.0
City-A,T4,5x,700.0,S2_Platform,stress,800,3,870.04,517.058475705703,182.94152429429698,0.4057072367871557,0.0
City-A,T4,5x,700.0,S3_Linear4,routine,800,3,805.3636547507406,443.558,256.442,0.44924507409354,0.0
City-A,T4,5x,700.0,S3_Linear4,stress,800,3,805.3636547507406,289.9848183526248,410.0151816473752,0.6399330704309286,0.0
City-A,T4,5x,700.0,S4_GlobalCalib,routine,800,4,827.4907906976933,1034.3500000000001,0.0,0.0,1.0
City-A,T4,5x,700.0,S4_GlobalCalib,stress,800,4,827.4907906976933,698.3869287695209,1.613071230479136,0.15601848791491615,0.0
City-A,T4,5x,700.0,S5_CityCalib,routine,800,4,779.5100385147712,1034.3500000000001,0.0,0.0,1.0
City-A,T4,5x,700.0,S5_CityCalib,stress,800,4,779.5100385147712,698.3869287695209,1.613071230479136,0.10406935861893082,0.0
City-A,T4,5x,700.0,S6_Q10,routine,800,9,742.6935632905703,2089.477,0.0,0.0,1.0
City-A,T4,5x,700.0,S6_Q10,stress,800,9,742.6935632905703,1388.1970808442213,0.0,0.0,1.0
City-A,T4,10x,1400.0,S0_Oracle,routine,800,6,1475.278,1475.278,0.0,0.0,1.0
City-A,T4,10x,1400.0,S0_Oracle,stress,800,6,1475.278,986.6523325872541,413.34766741274586,0.3312092144075529,0.0
City-A,T4,10x,1400.0,S1_CapOnly,routine,800,3,1889.6612019999998,562.616,837.384,0.7022662054951795,0.0
City-A,T4,10x,1400.0,S1_CapOnly,stress,800,3,1889.6612019999998,388.84637560431844,1011.1536243956816,0.7942242899453261,0.0
City-A,T4,10x,1400.0,S2_Platform,routine,800,5,1424.1570000000002,1242.4560000000001,157.54399999999987,0.1275849502547823,0.0
City-A,T4,10x,1400.0,S2_Platform,stress,800,5,1424.1570000000002,834.4403436737529,565.5596563262471,0.4140812117808972,0.0
City-A,T4,10x,1400.0,S3_Linear4,routine,800,6,1529.4030681909467,956.965,443.03499999999997,0.3742885574749465,0.0
City-A,T4,10x,1400.0,S3_Linear4,stress,800,6,1529.4030681909467,646.709111354527,753.290888645473,0.5771493304773565,0.0
City-A,T4,10x,1400.0,S4_GlobalCalib,routine,800,8,1561.431391479348,1872.262,0.0,0.0,1.0
City-A,T4,10x,1400.0,S4_GlobalCalib,stress,800,8,1561.431391479348,1246.1884769672415,153.8115230327585,0.20189354218979522,0.0
City-A,T4,10x,1400.0,S5_CityCalib,routine,800,8,1472.4840677949455,1872.262,0.0,0.0,1.0
City-A,T4,10x,1400.0,S5_CityCalib,stress,800,8,1472.4840677949455,1246.1884769672415,153.8115230327585,0.1536828790049886,0.0
City-A,T4,10x,1400.0,S6_Q10,routine,800,19,1421.5932000863636,3907.488,0.0,0.0,1.0
City-A,T4,10x,1400.0,S6_Q10,stress,800,19,1421.5932000863636,2577.328580436981,0.0,0.0,1.0
City-A,T5,1x,160.0,S0_Oracle,routine,800,1,375.785,375.785,0.0,0.0,1.0
City-A,T5,1x,160.0,S0_Oracle,stress,800,1,375.785,245.69721607601653,0.0,0.3461760951713972,1.0
City-A,T5,1x,160.0,S1_CapOnly,routine,800,1,596.7921256000001,195.583,0.0,0.672276171869115,1.0
City-A,T5,1x,160.0,S1_CapOnly,stress,800,1,596.7921256000001,128.73790780200991,31.262092197990086,0.7842835012734459,0.0
City-A,T5,1x,160.0,S2_Platform,routine,800,1,485.499,195.583,0.0,0.5971505605572823,1.0
City-A,T5,1x,160.0,S2_Platform,stress,800,1,485.499,128.73790780200991,31.262092197990086,0.734833835286973,0.0
City-A,T5,1x,160.0,S3_Linear4,routine,800,1,295.43467242097176,195.583,0.0,0.3379822402114359,1.0
City-A,T5,1x,160.0,S3_Linear4,stress,800,1,295.43467242097176,128.73790780200991,31.262092197990086,0.5642423864908847,0.0
City-A,T5,1x,160.0,S4_GlobalCalib,routine,800,1,358.99490875633023,195.583,0.0,0.45519283079094297,1.0
City-A,T5,1x,160.0,S4_GlobalCalib,stress,800,1,358.99490875633023,128.73790780200991,31.262092197990086,0.6413934998465634,0.0
City-A,T5,1x,160.0,S5_CityCalib,routine,800,1,335.59394296555547,195.583,0.0,0.41720342664207694,1.0
City-A,T5,1x,160.0,S5_CityCalib,stress,800,1,335.59394296555547,128.73790780200991,31.262092197990086,0.6163878684329435,0.0
City-A,T5,1x,160.0,S6_Q10,routine,800,2,276.2286157416211,571.368,0.0,0.0,1.0
City-A,T5,1x,160.0,S6_Q10,stress,800,2,276.2286157416211,374.43512387802645,0.0,0.0,1.0
City-A,T5,2x,320.0,S0_Oracle,routine,800,1,375.785,375.785,0.0,0.0,1.0
City-A,T5,2x,320.0,S0_Oracle,stress,800,1,375.785,245.69721607601653,74.30278392398347,0.3461760951713972,0.0
City-A,T5,2x,320.0,S1_CapOnly,routine,800,1,596.7921256000001,195.583,124.417,0.672276171869115,0.0
City-A,T5,2x,320.0,S1_CapOnly,stress,800,1,596.7921256000001,128.73790780200991,191.26209219799009,0.7842835012734459,0.0
City-A,T5,2x,320.0,S2_Platform,routine,800,1,485.499,195.583,124.417,0.5971505605572823,0.0
City-A,T5,2x,320.0,S2_Platform,stress,800,1,485.499,128.73790780200991,191.26209219799009,0.734833835286973,0.0
City-A,T5,2x,320.0,S3_Linear4,routine,800,2,524.8789954556909,556.91,0.0,0.0,1.0
City-A,T5,2x,320.0,S3_Linear4,stress,800,2,524.8789954556909,364.96258295362225,0.0,0.30467291296964927,1.0
City-A,T5,2x,320.0,S4_GlobalCalib,routine,800,1,358.99490875633023,195.583,124.417,0.45519283079094297,0.0
City-A,T5,2x,320.0,S4_GlobalCalib,stress,800,1,358.99490875633023,128.73790780200991,191.26209219799009,0.6413934998465634,0.0
City-A,T5,2x,320.0,S5_CityCalib,routine,800,1,335.59394296555547,195.583,124.417,0.41720342664207694,0.0
City-A,T5,2x,320.0,S5_CityCalib,stress,800,1,335.59394296555547,128.73790780200991,191.26209219799009,0.6163878684329435,0.0
City-A,T5,2x,320.0,S6_Q10,routine,800,3,401.4135521642655,932.695,0.0,0.0,1.0
City-A,T5,2x,320.0,S6_Q10,stress,800,3,401.4135521642655,610.6597990296387,0.0,0.0,1.0
City-A,T5,5x,800.0,S0_Oracle,routine,800,3,1092.4840000000002,1092.4840000000002,0.0,0.0,1.0
City-A,T5,5x,800.0,S0_Oracle,stress,800,3,1092.4840000000002,714.4405871646702,85.5594128353298,0.34604022835604903,0.0
City-A,T5,5x,800.0,S1_CapOnly,routine,800,2,1138.1160166,541.892,258.10799999999995,0.523869278618146,0.0
City-A,T5,5x,800.0,S1_CapOnly,stress,800,2,1138.1160166,356.23020951540576,443.76979048459424,0.6870000910982649,0.0
City-A,T5,5x,800.0,S2_Platform,routine,800,2,897.5730000000001,571.368,228.63199999999995,0.36343004970069287,0.0
City-A,T5,5x,800.0,S2_Platform,stress,800,2,897.5730000000001,374.43512387802645,425.56487612197355,0.5828360212728921,0.0
City-A,T5,5x,800.0,S3_Linear4,routine,800,4,981.0296958273174,1288.067,0.0,0.0,1.0
City-A,T5,5x,800.0,S3_Linear4,stress,800,4,981.0296958273174,843.1784949666801,0.0,0.1405168482126173,1.0
City-A,T5,5x,800.0,S4_GlobalCalib,routine,800,3,960.4042392981951,932.695,0.0,0.02885164201112154,1.0
City-A,T5,5x,800.0,S4_GlobalCalib,stress,800,3,960.4042392981951,610.6597990296387,189.34020097036125,0.36416378224665924,0.0
City-A,T5,5x,800.0,S5_CityCalib,routine,800,3,898.9422819525838,932.695,0.0,0.0,1.0
City-A,T5,5x,800.0,S5_CityCalib,stress,800,3,898.9422819525838,610.6597990296387,189.34020097036125,0.32069075925182816,0.0
City-A,T5,5x,800.0,S6_Q10,routine,800,7,866.499161591687,1933.051,0.0,0.0,1.0
City-A,T5,5x,800.0,S6_Q10,stress,800,7,866.499161591687,1267.1094659252333,0.0,0.0,1.0
City-A,T5,10x,1600.0,S0_Oracle,routine,800,5,1748.92,1748.92,0.0,0.0,1.0
City-A,T5,10x,1600.0,S0_Oracle,stress,800,5,1748.92,1144.6845510310302,455.3154489689698,0.34549061647700857,0.0
City-A,T5,10x,1600.0,S1_CapOnly,routine,800,3,1662.8644605999998,897.2640000000001,702.7359999999999,0.4604106219960666,0.0
City-A,T5,10x,1600.0,S1_CapOnly,stress,800,3,1662.8644605999998,588.7489054524472,1011.2510945475528,0.6459429379830435,0.0
City-A,T5,10x,1600.0,S2_Platform,routine,800,4,1696.7960000000003,1288.067,311.933,0.24088281679117596,0.0
City-A,T5,10x,1600.0,S2_Platform,stress,800,4,1696.7960000000003,843.1784949666801,756.8215050333199,0.5030760946120335,0.0
City-A,T5,10x,1600.0,S3_Linear4,routine,800,7,1632.2882547033053,1910.8,0.0,0.0,1.0
City-A,T5,10x,1600.0,S3_Linear4,stress,800,7,1632.2882547033053,1252.562434436309,347.4375655636909,0.2326340455938755,0.0
City-A,T5,10x,1600.0,S4_GlobalCalib,routine,800,6,1815.9557664108395,1794.422,0.0,0.0118580897228571,1.0
City-A,T5,10x,1600.0,S4_GlobalCalib,stress,800,6,1815.9557664108395,1176.4780143824678,423.5219856175322,0.35214390342352486,0.0
City-A,T5,10x,1600.0,S5_CityCalib,routine,800,6,1700.8934698399949,1794.422,0.0,0.0,1.0
City-A,T5,10x,1600.0,S5_CityCalib,stress,800,6,1700.8934698399949,1176.4780143824678,423.5219856175322,0.3083176370280612,0.0
City-A,T5,10x,1600.0,S6_Q10,routine,800,15,1667.7508906761082,3855.467,0.0,0.0,1.0
City-A,T5,10x,1600.0,S6_Q10,stress,800,15,1667.7508906761082,2524.2537561938607,0.0,0.0,1.0
City-B,T1,1x,180.0,S0_Oracle,routine,500,1,465.521,465.521,0.0,0.0,1.0
City-B,T1,1x,180.0,S0_Oracle,stress,500,1,465.521,304.34356414343165,0.0,0.3462302148701527,1.0
City-B,T1,1x,180.0,S1_CapOnly,routine,500,1,846.0108700000001,433.442,0.0,0.48766379325598974,1.0
City-B,T1,1x,180.0,S1_CapOnly,stress,500,1,846.0108700000001,283.3712832062513,0.0,0.6650500682027274,1.0
City-B,T1,1x,180.0,S2_Platform,routine,500,1,561.148,465.521,0.0,0.17041315303627563,1.0
City-B,T1,1x,180.0,S2_Platform,stress,500,1,561.148,304.34356414343165,0.0,0.4576411853139784,1.0
City-B,T1,1x,180.0,S3_Linear4,routine,500,1,327.1068668671576,433.442,0.0,0.0,1.0
City-B,T1,1x,180.0,S3_Linear4,stress,500,1,327.1068668671576,283.3712832062513,0.0,0.13370426637563645,1.0
City-B,T1,1x,180.0,S4_GlobalCalib,routine,500,1,416.95874220262476,465.521,0.0,0.0,1.0
City-B,T1,1x,180.0,S4_GlobalCalib,stress,500,1,416.95874220262476,304.34356414343165,0.0,0.27008710133835445,1.0
City-B,T1,1x,180.0,S5_CityCalib,routine,500,1,467.8736516578139,465.521,0.0,0.005028390997180054,1.0
City-B,T1,1x,180.0,S5_CityCalib,stress,500,1,467.8736516578139,304.34356414343165,0.0,0.34951762497192795,1.0
City-B,T1,1x,180.0,S6_Q10,routine,500,2,342.32174685619566,870.8900000000001,0.0,0.0,1.0
City-B,T1,1x,180.0,S6_Q10,stress,500,2,342.32174685619566,571.7129651145954,0.0,0.0,1.0
City-B,T1,2x,360.0,S0_Oracle,routine,500,1,465.521,465.521,0.0,0.0,1.0
City-B,T1,2x,360.0,S0_Oracle,stress,500,1,465.521,304.34356414343165,55.65643585656835,0.3462302148701527,0.0
City-B,T1,2x,360.0,S1_CapOnly,routine,500,1,846.0108700000001,433.442,0.0,0.48766379325598974,1.0
City-B,T1,2x,360.0,S1_CapOnly,stress,500,1,846.0108700000001,283.3712832062513,76.62871679374871,0.6650500682027274,0.0
City-B,T1,2x,360.0,S2_Platform,routine,500,1,561.148,465.521,0.0,0.17041315303627563,1.0
City-B,T1,2x,360.0,S2_Platform,stress,500,1,561.148,304.34356414343165,55.65643585656835,0.4576411853139784,0.0
City-B,T1,2x,360.0,S3_Linear4,routine,500,2,652.6252659616582,811.396,0.0,0.0,1.0
City-B,T1,2x,360.0,S3_Linear4,stress,500,2,652.6252659616582,532.0952211076943,0.0,0.18468491972397072,1.0
City-B,T1,2x,360.0,S4_GlobalCalib,routine,500,1,416.95874220262476,465.521,0.0,0.0,1.0
City-B,T1,2x,360.0,S4_GlobalCalib,stress,500,1,416.95874220262476,304.34356414343165,55.65643585656835,0.27008710133835445,0.0
City-B,T1,2x,360.0,S5_CityCalib,routine,500,1,467.8736516578139,465.521,0.0,0.005028390997180054,1.0
City-B,T1,2x,360.0,S5_CityCalib,stress,500,1,467.8736516578139,304.34356414343165,55.65643585656835,0.34951762497192795,0.0
City-B,T1,2x,360.0,S6_Q10,routine,500,3,511.54086796885866,1304.332,0.0,0.0,1.0
City-B,T1,2x,360.0,S6_Q10,stress,500,3,511.54086796885866,855.0842483208467,0.0,0.0,1.0
City-B,T1,5x,900.0,S0_Oracle,routine,500,3,1307.312,1307.312,0.0,0.0,1.0
City-B,T1,5x,900.0,S0_Oracle,stress,500,3,1307.312,856.5468172335999,43.45318276640012,0.3448030636652919,0.0
City-B,T1,5x,900.0,S1_CapOnly,routine,500,2,1687.96367,811.396,88.60400000000004,0.5193048201090726,0.0
City-B,T1,5x,900.0,S1_CapOnly,stress,500,2,1687.96367,532.0952211076943,367.90477889230567,0.6847709280924902,0.0
City-B,T1,5x,900.0,S2_Platform,routine,500,2,1112.335,870.8900000000001,29.1099999999999,0.21706140686034328,0.0
City-B,T1,5x,900.0,S2_Platform,stress,500,2,1112.335,571.7129651145954,328.28703488540464,0.48602447543717014,0.0
City-B,T1,5x,900.0,S3_Linear4,routine,500,3,976.8923625563503,1216.7649999999999,0.0,0.0,1.0
City-B,T1,5x,900.0,S3_Linear4,stress,500,3,976.8923625563503,799.4646220788582,100.53537792114184,0.1816246572070601,0.0
City-B,T1,5x,900.0,S4_GlobalCalib,routine,500,3,1234.5932694694163,1304.332,0.0,0.0,1.0
City-B,T1,5x,900.0,S4_GlobalCalib,stress,500,3,1234.5932694694163,855.0842483208467,44.915751679153345,0.3073959906744583,0.0
City-B,T1,5x,900.0,S5_CityCalib,routine,500,2,927.1934089313254,870.8900000000001,29.1099999999999,0.06072455691441992,0.0
City-B,T1,5x,900.0,S5_CityCalib,stress,500,2,927.1934089313254,571.7129651145954,328.28703488540464,0.38339405823263295,0.0
City-B,T1,5x,900.0,S6_Q10,routine,500,6,926.8179684817583,2431.674,0.0,0.0,1.0
City-B,T1,5x,900.0,S6_Q10,stress,500,6,926.8179684817583,1595.6011498571047,0.0,0.0,1.0
City-B,T1,10x,1800.0,S0_Oracle,routine,500,5,2090.635,2090.635,0.0,0.0,1.0
City-B,T1,10x,1800.0,S0_Oracle,stress,500,5,2090.635,1372.6401561062066,427.35984389379337,0.34343385808321086,0.0
City-B,T1,10x,1800.0,S1_CapOnly,routine,500,3,2504.489688,1216.7649999999999,583.2350000000001,0.5141664963405512,0.0
City-B,T1,10x,1800.0,S1_CapOnly,stress,500,3,2504.489688,799.4646220788582,1000.5353779211418,0.6807874171295617,0.0
City-B,T1,10x,1800.0,S2_Platform,routine,500,4,2163.156,1682.286,117.71399999999994,0.22230019471549897,0.0
City-B,T1,10x,1800.0,S2_Platform,stress,500,4,2163.156,1103.8081862222898,696.1918137777102,0.48972326257454857,0.0
City-B,T1,10x,1800.0,S3_Linear4,routine,500,6,1830.621295555079,2431.674,0.0,0.0,1.0
City-B,T1,10x,1800.0,S3_Linear4,stress,500,6,1830.621295555079,1595.6011498571047,204.3988501428953,0.12838272244981824,0.0
City-B,T1,10x,1800.0,S4_GlobalCalib,routine,500,5,1925.5201701249719,2090.635,0.0,0.0,1.0
City-B,T1,10x,1800.0,S4_GlobalCalib,stress,500,5,1925.5201701249719,1372.6401561062066,427.35984389379337,0.2871328083688065,0.0
City-B,T1,10x,1800.0,S5_CityCalib,routine,500,4,1801.5623766262302,1682.286,117.71399999999994,0.06620718670290945,0.0
City-B,T1,10x,1800.0,S5_CityCalib,stress,500,4,1801.5623766262302,1103.8081862222898,696.1918137777102,0.387305041144686,0.0
City-B,T1,10x,1800.0,S6_Q10,routine,500,14,1820.0209560759167,4743.967000000001,0.0,0.0,1.0
City-B,T1,10x,1800.0,S6_Q10,stress,500,14,1820.0209560759167,3108.834700088945,0.0,0.0,1.0
City-B,T2,1x,260.0,S0_Oracle,routine,500,1,463.421,463.421,0.0,0.0,1.0
City-B,T2,1x,260.0,S0_Oracle,stress,500,1,463.421,303.0372626151298,0.0,0.34608646864270326,1.0
City-B,T2,1x,260.0,S1_CapOnly,routine,500,1,846.0108700000001,360.613,0.0,0.5737489755894035,1.0
City-B,T2,1x,260.0,S1_CapOnly,stress,500,1,846.0108700000001,239.31810221088188,20.681897789118125,0.7171217171111739,0.0
City-B,T2,1x,260.0,S2_Platform,routine,500,1,557.033,463.421,0.0,0.16805467539625124,1.0
City-B,T2,1x,260.0,S2_Platform,stress,500,1,557.033,303.0372626151298,0.0,0.4559796948921701,1.0
City-B,T2,1x,260.0,S3_Linear4,routine,500,1,327.31737336459395,360.613,0.0,0.0,1.0
City-B,T2,1x,260.0,S3_Linear4,stress,500,1,327.31737336459395,239.31810221088188,20.681897789118125,0.2688499857161294,0.0
City-B,T2,1x,260.0,S4_GlobalCalib,routine,500,1,413.8057438202073,463.421,0.0,0.0,1.0
City-B,T2,1x,260.0,S4_GlobalCalib,stress,500,1,413.8057438202073,303.0372626151298,0.0,0.26768231920242463,1.0
City-B,T2,1x,260.0,S5_CityCalib,routine,500,1,464.3399426535568,463.421,0.0,0.001979029950138163,1.0
City-B,T2,1x,260.0,S5_CityCalib,stress,500,1,464.3399426535568,303.0372626151298,0.0,0.34738058310605996,1.0
City-B,T2,1x,260.0,S6_Q10,routine,500,2,342.800914516887,916.062,0.0,0.0,1.0
City-B,T2,1x,260.0,S6_Q10,stress,500,2,342.800914516887,598.960271926089,0.0,0.0,1.0
City-B,T2,2x,520.0,S0_Oracle,routine,500,2,916.062,916.062,0.0,0.0,1.0
City-B,T2,2x,520.0,S0_Oracle,stress,500,2,916.062,598.960271926089,0.0,0.34615749597069956,1.0
City-B,T2,2x,520.0,S1_CapOnly,routine,500,1,846.0108700000001,360.613,159.387,0.5737489755894035,0.0
City-B,T2,2x,520.0,S1_CapOnly,stress,500,1,846.0108700000001,239.31810221088188,280.6818977891181,0.7171217171111739,0.0
City-B,T2,2x,520.0,S2_Platform,routine,500,1,557.033,463.421,56.57900000000001,0.16805467539625124,0.0
City-B,T2,2x,520.0,S2_Platform,stress,500,1,557.033,303.0372626151298,216.9627373848702,0.4559796948921701,0.0
City-B,T2,2x,520.0,S3_Linear4,routine,500,2,653.0462789565308,763.116,0.0,0.0,1.0
City-B,T2,2x,520.0,S3_Linear4,stress,500,2,653.0462789565308,502.46240203500076,17.537597964999236,0.2305868385960951,0.0
City-B,T2,2x,520.0,S4_GlobalCalib,routine,500,2,827.4781652300767,916.062,0.0,0.0,1.0
City-B,T2,2x,520.0,S4_GlobalCalib,stress,500,2,827.4781652300767,598.960271926089,0.0,0.27616184076645606,1.0
City-B,T2,2x,520.0,S5_CityCalib,routine,500,2,928.530464804868,916.062,0.0,0.013428169863536158,1.0
City-B,T2,2x,520.0,S5_CityCalib,stress,500,2,928.530464804868,598.960271926089,0.0,0.3549374041788048,1.0
City-B,T2,2x,520.0,S6_Q10,routine,500,4,656.5209375135249,1679.178,0.0,0.0,1.0
City-B,T2,2x,520.0,S6_Q10,stress,500,4,656.5209375135249,1101.42267396109,0.0,0.0,1.0
City-B,T2,5x,1300.0,S0_Oracle,routine,500,3,1318.565,1318.565,0.0,0.0,1.0
City-B,T2,5x,1300.0,S0_Oracle,stress,500,3,1318.565,862.1045717502079,437.8954282497921,0.3461796940232693,0.0
City-B,T2,5x,1300.0,S1_CapOnly,routine,500,2,1687.96367,763.116,536.884,0.5479073314415589,0.0
City-B,T2,5x,1300.0,S1_CapOnly,stress,500,2,1687.96367,502.46240203500076,797.5375979649992,0.7023262935303575,0.0
City-B,T2,5x,1300.0,S2_Platform,routine,500,3,1630.3029999999999,1318.565,0.0,0.1912147619184899,1.0
City-B,T2,5x,1300.0,S2_Platform,stress,500,3,1630.3029999999999,862.1045717502079,437.8954282497921,0.4711997881680841,0.0
City-B,T2,5x,1300.0,S3_Linear4,routine,500,5,1574.6639609966028,2078.918,0.0,0.0,1.0
City-B,T2,5x,1300.0,S3_Linear4,stress,500,5,1574.6639609966028,1362.7606078688948,0.0,0.13457052322045565,1.0
City-B,T2,5x,1300.0,S4_GlobalCalib,routine,500,4,1582.5523007769107,1679.178,0.0,0.0,1.0
City-B,T2,5x,1300.0,S4_GlobalCalib,stress,500,4,1582.5523007769107,1101.42267396109,198.5773260389101,0.3040213120158009,0.0
City-B,T2,5x,1300.0,S5_CityCalib,routine,500,3,1357.9867313537027,1318.565,0.0,0.029029540895738545,1.0
City-B,T2,5x,1300.0,S5_CityCalib,stress,500,3,1357.9867313537027,862.1045717502079,437.8954282497921,0.3651597973340851,0.0
City-B,T2,5x,1300.0,S6_Q10,routine,500,10,1354.9679682104947,3544.3010000000004,0.0,0.0,1.0
City-B,T2,5x,1300.0,S6_Q10,stress,500,10,1354.9679682104947,2321.3953170170003,0.0,0.0,1.0
City-B,T2,10x,2600.0,S0_Oracle,routine,500,7,2709.9900000000002,2709.9900000000002,0.0,0.0,1.0
City-B,T2,10x,2600.0,S0_Oracle,stress,500,7,2709.9900000000002,1775.336413710358,824.6635862896419,0.34489189491091926,0.0
City-B,T2,10x,2600.0,S1_CapOnly,routine,500,4,3303.245438,1679.178,920.8219999999999,0.4916581188055212,0.0
City-B,T2,10x,2600.0,S1_CapOnly,stress,500,4,3303.245438,1101.4226739610897,1498.5773260389103,0.6665634768490099,0.0
City-B,T2,10x,2600.0,S2_Platform,routine,500,6,2974.3599999999997,2401.197,198.80299999999988,0.19270128699955608,0.0
City-B,T2,10x,2600.0,S2_Platform,stress,500,6,2974.3599999999997,1573.4568804507571,1026.5431195492429,0.4709931277818565,0.0
City-B,T2,10x,2600.0,S3_Linear4,routine,500,10,2778.203159106167,3580.674,0.0,0.0,1.0
City-B,T2,10x,2600.0,S3_Linear4,stress,500,10,2778.203159106167,2345.174885411528,254.82511458847193,0.1558663095876535,0.0
City-B,T2,10x,2600.0,S4_GlobalCalib,routine,500,8,2728.748780945965,2989.054,0.0,0.0,1.0
City-B,T2,10x,2600.0,S4_GlobalCalib,stress,500,8,2728.748780945965,1958.391605133008,641.6083948669921,0.2823115052554967,0.0
City-B,T2,10x,2600.0,S5_CityCalib,routine,500,7,2766.562882211724,2693.416,0.0,0.0264396239398856,1.0
City-B,T2,10x,2600.0,S5_CityCalib,stress,500,7,2766.562882211724,1764.500833291616,835.4991667083841,0.3622046892059115,0.0
City-B,T2,10x,2600.0,S6_Q10,routine,500,23,2665.9531460786493,6976.972,0.0,0.0,1.0
City-B,T2,10x,2600.0,S6_Q10,stress,500,23,2665.9531460786493,4577.5079968496475,0.0,0.0,1.0
City-B,T3,1x,200.0,S0_Oracle,routine,500,1,492.551,492.551,0.0,0.0,1.0
City-B,T3,1x,200.0,S0_Oracle,stress,500,1,492.551,324.89474228630047,0.0,0.3403835495485737,1.0
City-B,T3,1x,200.0,S1_CapOnly,routine,500,1,744.4895656,296.654,0.0,0.6015337034832446,1.0
City-B,T3,1x,200.0,S1_CapOnly,stress,500,1,744.4895656,194.28808573524032,5.711914264759685,0.7390318216499657,0.0
City-B,T3,1x,200.0,S2_Platform,routine,500,1,543.154,492.551,0.0,0.09316510602886108,1.0
City-B,T3,1x,200.0,S2_Platform,stress,500,1,543.154,324.89474228630047,0.0,0.4018367860932618,1.0
City-B,T3,1x,200.0,S3_Linear4,routine,500,1,311.45904475981985,296.654,0.0,0.04753448329373992,1.0
City-B,T3,1x,200.0,S3_Linear4,stress,500,1,311.45904475981985,194.28808573524032,5.711914264759685,0.376200213144991,0.0
City-B,T3,1x,200.0,S4_GlobalCalib,routine,500,1,403.17136604388344,492.551,0.0,0.0,1.0
City-B,T3,1x,200.0,S4_GlobalCalib,stress,500,1,403.17136604388344,324.89474228630047,0.0,0.19415223984201027,1.0
City-B,T3,1x,200.0,S5_CityCalib,routine,500,1,452.42151075317184,492.551,0.0,0.0,1.0
City-B,T3,1x,200.0,S5_CityCalib,stress,500,1,452.42151075317184,324.89474228630047,0.0,0.2818760059718874,1.0
City-B,T3,1x,200.0,S6_Q10,routine,500,2,322.5186122189664,937.076,0.0,0.0,1.0
City-B,T3,1x,200.0,S6_Q10,stress,500,2,322.5186122189664,622.2679779824542,0.0,0.0,1.0
City-B,T3,2x,400.0,S0_Oracle,routine,500,1,492.551,492.551,0.0,0.0,1.0
City-B,T3,2x,400.0,S0_Oracle,stress,500,1,492.551,324.89474228630047,75.10525771369953,0.3403835495485737,0.0
City-B,T3,2x,400.0,S1_CapOnly,routine,500,1,744.4895656,296.654,103.346,0.6015337034832446,0.0
City-B,T3,2x,400.0,S1_CapOnly,stress,500,1,744.4895656,194.28808573524032,205.71191426475968,0.7390318216499657,0.0
City-B,T3,2x,400.0,S2_Platform,routine,500,1,543.154,492.551,0.0,0.09316510602886108,1.0
City-B,T3,2x,400.0,S2_Platform,stress,500,1,543.154,324.89474228630047,75.10525771369953,0.4018367860932618,0.0
City-B,T3,2x,400.0,S3_Linear4,routine,500,2,622.420501317531,741.179,0.0,0.0,1.0
City-B,T3,2x,400.0,S3_Linear4,stress,500,2,622.420501317531,491.6613214313941,0.0,0.210081736718742,1.0
City-B,T3,2x,400.0,S4_GlobalCalib,routine,500,1,403.17136604388344,492.551,0.0,0.0,1.0
City-B,T3,2x,400.0,S4_GlobalCalib,stress,500,1,403.17136604388344,324.89474228630047,75.10525771369953,0.19415223984201027,0.0
City-B,T3,2x,400.0,S5_CityCalib,routine,500,1,452.42151075317184,492.551,0.0,0.0,1.0
City-B,T3,2x,400.0,S5_CityCalib,stress,500,1,452.42151075317184,324.89474228630047,75.10525771369953,0.2818760059718874,0.0
City-B,T3,2x,400.0,S6_Q10,routine,500,3,462.5503601090045,1332.999,0.0,0.0,1.0
City-B,T3,2x,400.0,S6_Q10,stress,500,3,462.5503601090045,881.1104726204187,0.0,0.0,1.0
City-B,T3,5x,1000.0,S0_Oracle,routine,500,3,1332.999,1332.999,0.0,0.0,1.0
City-B,T3,5x,1000.0,S0_Oracle,stress,500,3,1332.999,881.1104726204187,118.8895273795813,0.33900140013577,0.0
City-B,T3,5x,1000.0,S1_CapOnly,routine,500,2,1485.4080295999997,789.2049999999999,210.79500000000007,0.4686948068992719,0.0
City-B,T3,5x,1000.0,S1_CapOnly,stress,500,2,1485.4080295999997,519.1828280215408,480.8171719784592,0.6504779712538987,0.0
City-B,T3,5x,1000.0,S2_Platform,routine,500,2,1047.987,937.076,62.92399999999998,0.10583241967696169,0.0
City-B,T3,5x,1000.0,S2_Platform,stress,500,2,1047.987,622.2679779824542,377.7320220175458,0.4062254799129625,0.0
City-B,T3,5x,1000.0,S3_Linear4,routine,500,4,1237.282595044783,1574.243,0.0,0.0,1.0
City-B,T3,5x,1000.0,S3_Linear4,stress,500,4,1237.282595044783,1039.1731745616141,0.0,0.16011654999155495,1.0
City-B,T3,5x,1000.0,S4_GlobalCalib,routine,500,3,1112.6193546459265,1332.999,0.0,0.0,1.0
City-B,T3,5x,1000.0,S4_GlobalCalib,stress,500,3,1112.6193546459265,881.1104726204187,118.8895273795813,0.20807554808282283,0.0
City-B,T3,5x,1000.0,S5_CityCalib,routine,500,3,1248.6701766676947,1332.999,0.0,0.0,1.0
City-B,T3,5x,1000.0,S5_CityCalib,stress,500,3,1248.6701766676947,881.1104726204187,118.8895273795813,0.2943609216552096,0.0
City-B,T3,5x,1000.0,S6_Q10,routine,500,8,1044.1023318888165,2954.7609999999995,0.0,0.0,1.0
City-B,T3,5x,1000.0,S6_Q10,stress,500,8,1044.1023318888165,1941.7473063829102,0.0,0.0,1.0
City-B,T3,10x,2000.0,S0_Oracle,routine,500,5,2017.82,2017.82,0.0,0.0,1.0
City-B,T3,10x,2000.0,S0_Oracle,stress,500,5,2017.82,1328.8257506428258,671.1742493571742,0.34145476274255093,0.0
City-B,T3,10x,2000.0,S1_CapOnly,routine,500,3,2203.9012885999996,1233.73,766.27,0.4402063257634776,0.0
City-B,T3,10x,2000.0,S1_CapOnly,stress,500,3,2203.9012885999996,816.5560637176945,1183.4439362823055,0.6294951738803141,0.0
City-B,T3,10x,2000.0,S2_Platform,routine,500,5,2307.6780000000003,1997.7269999999999,2.2730000000001382,0.1343129327401832,0.0
City-B,T3,10x,2000.0,S2_Platform,stress,500,5,2307.6780000000003,1315.6895543502117,684.3104456497883,0.4298643249403897,0.0
City-B,T3,10x,2000.0,S3_Linear4,routine,500,8,2202.1298937773868,2741.301,0.0,0.0,1.0
City-B,T3,10x,2000.0,S3_Linear4,stress,500,8,2202.1298937773868,1802.2475467622862,197.75245323771378,0.18158890088412044,0.0
City-B,T3,10x,2000.0,S4_GlobalCalib,routine,500,7,2237.27813577941,2642.688,0.0,0.0,1.0
City-B,T3,10x,2000.0,S4_GlobalCalib,stress,500,7,2237.27813577941,1737.3455687373432,262.6544312626568,0.22345570675677445,0.0
City-B,T3,10x,2000.0,S5_CityCalib,routine,500,6,2215.5684943794117,2342.035,0.0,0.0,1.0
City-B,T3,10x,2000.0,S5_CityCalib,stress,500,6,2215.5684943794117,1540.7877215286992,459.2122784713008,0.3045632642649222,0.0
City-B,T3,10x,2000.0,S6_Q10,routine,500,19,2071.979745191051,5832.429,0.0,0.0,1.0
City-B,T3,10x,2000.0,S6_Q10,stress,500,19,2071.979745191051,3834.663477160352,0.0,0.0,1.0
City-B,T4,1x,140.0,S0_Oracle,routine,500,1,460.931,460.931,0.0,0.0,1.0
City-B,T4,1x,140.0,S0_Oracle,stress,500,1,460.931,301.34276082968563,0.0,0.3462302148701527,1.0
City-B,T4,1x,140.0,S1_CapOnly,routine,500,1,846.0108700000001,460.931,0.0,0.455171302940824,1.0
City-B,T4,1x,140.0,S1_CapOnly,stress,500,1,846.0108700000001,301.34276082968563,0.0,0.6438074597910478,1.0
City-B,T4,1x,140.0,S2_Platform,routine,500,1,480.052,460.931,0.0,0.03983110163065676,1.0
City-B,T4,1x,140.0,S2_Platform,stress,500,1,480.052,301.34276082968563,0.0,0.37227058562471227,1.0
City-B,T4,1x,140.0,S3_Linear4,routine,500,1,335.33065403367027,460.931,0.0,0.0,1.0
City-B,T4,1x,140.0,S3_Linear4,stress,500,1,335.33065403367027,301.34276082968563,0.0,0.10135635616710408,1.0
City-B,T4,1x,140.0,S4_GlobalCalib,routine,500,1,354.8213043361533,460.931,0.0,0.0,1.0
City-B,T4,1x,140.0,S4_GlobalCalib,stress,500,1,354.8213043361533,301.34276082968563,0.0,0.15071965198516588,1.0
City-B,T4,1x,140.0,S5_CityCalib,routine,500,1,398.23339274913036,460.931,0.0,0.0,1.0
City-B,T4,1x,140.0,S5_CityCalib,stress,500,1,398.23339274913036,301.34276082968563,0.0,0.24330112362144776,1.0
City-B,T4,1x,140.0,S6_Q10,routine,500,1,147.73628378304238,460.931,0.0,0.0,1.0
City-B,T4,1x,140.0,S6_Q10,stress,500,1,147.73628378304238,301.34276082968563,0.0,0.0,1.0
City-B,T4,2x,280.0,S0_Oracle,routine,500,1,460.931,460.931,0.0,0.0,1.0
City-B,T4,2x,280.0,S0_Oracle,stress,500,1,460.931,301.34276082968563,0.0,0.3462302148701527,1.0
City-B,T4,2x,280.0,S1_CapOnly,routine,500,1,846.0108700000001,460.931,0.0,0.455171302940824,1.0
City-B,T4,2x,280.0,S1_CapOnly,stress,500,1,846.0108700000001,301.34276082968563,0.0,0.6438074597910478,1.0
City-B,T4,2x,280.0,S2_Platform,routine,500,1,480.052,460.931,0.0,0.03983110163065676,1.0
City-B,T4,2x,280.0,S2_Platform,stress,500,1,480.052,301.34276082968563,0.0,0.37227058562471227,1.0
City-B,T4,2x,280.0,S3_Linear4,routine,500,1,335.33065403367027,460.931,0.0,0.0,1.0
City-B,T4,2x,280.0,S3_Linear4,stress,500,1,335.33065403367027,301.34276082968563,0.0,0.10135635616710408,1.0
City-B,T4,2x,280.0,S4_GlobalCalib,routine,500,1,354.8213043361533,460.931,0.0,0.0,1.0
City-B,T4,2x,280.0,S4_GlobalCalib,stress,500,1,354.8213043361533,301.34276082968563,0.0,0.15071965198516588,1.0
City-B,T4,2x,280.0,S5_CityCalib,routine,500,1,398.23339274913036,460.931,0.0,0.0,1.0
City-B,T4,2x,280.0,S5_CityCalib,stress,500,1,398.23339274913036,301.34276082968563,0.0,0.24330112362144776,1.0
City-B,T4,2x,280.0,S6_Q10,routine,500,2,280.956280226875,881.716,0.0,0.0,1.0
City-B,T4,2x,280.0,S6_Q10,stress,500,2,280.956280226875,576.4392798655484,0.0,0.0,1.0
City-B,T4,5x,700.0,S0_Oracle,routine,500,2,881.716,881.716,0.0,0.0,1.0
City-B,T4,5x,700.0,S0_Oracle,stress,500,2,881.716,576.4392798655484,123.56072013445157,0.3462302148701527,0.0
City-B,T4,5x,700.0,S1_CapOnly,routine,500,1,846.0108700000001,460.931,239.06900000000002,0.455171302940824,0.0
City-B,T4,5x,700.0,S1_CapOnly,stress,500,1,846.0108700000001,301.34276082968563,398.65723917031437,0.6438074597910478,0.0
City-B,T4,5x,700.0,S2_Platform,routine,500,2,912.935,881.716,0.0,0.03419630094146893,1.0
City-B,T4,5x,700.0,S2_Platform,stress,500,2,912.935,576.4392798655484,123.56072013445157,0.36858672318889246,0.0
City-B,T4,5x,700.0,S3_Linear4,routine,500,3,1001.5637240558884,1104.281,0.0,0.0,1.0
City-B,T4,5x,700.0,S3_Linear4,stress,500,3,1001.5637240558884,721.9455520929729,0.0,0.2791816089650153,1.0
City-B,T4,5x,700.0,S4_GlobalCalib,routine,500,3,971.9289655849366,1232.131,0.0,0.0,1.0
City-B,T4,5x,700.0,S4_GlobalCalib,stress,500,3,971.9289655849366,805.5300191218239,0.0,0.1712048435175185,1.0
City-B,T4,5x,700.0,S5_CityCalib,routine,500,2,755.9609483119175,881.716,0.0,0.0,1.0
City-B,T4,5x,700.0,S5_CityCalib,stress,500,2,755.9609483119175,576.4392798655484,123.56072013445157,0.23747479131990362,0.0
City-B,T4,5x,700.0,S6_Q10,routine,500,6,726.4452556595359,2118.6440000000002,0.0,0.0,1.0
City-B,T4,5x,700.0,S6_Q10,stress,500,6,726.4452556595359,1385.10543264664,0.0,0.0,1.0
City-B,T4,10x,1400.0,S0_Oracle,routine,500,4,1532.623,1532.623,0.0,0.0,1.0
City-B,T4,10x,1400.0,S0_Oracle,stress,500,4,1532.623,1001.982609395062,398.017390604938,0.3462302148701527,0.0
City-B,T4,10x,1400.0,S1_CapOnly,routine,500,2,1687.96367,753.866,646.134,0.5533873072043073,0.0
City-B,T4,10x,1400.0,S1_CapOnly,stress,500,2,1687.96367,492.8548128366974,907.1451871633026,0.7080181157946975,0.0
City-B,T4,10x,1400.0,S2_Platform,routine,500,4,1693.471,1526.3580000000002,0.0,0.09868075685972764,1.0
City-B,T4,10x,1400.0,S2_Platform,stress,500,4,1693.471,997.8867416912235,402.1132583087765,0.4107447120787876,0.0
City-B,T4,10x,1400.0,S3_Linear4,routine,500,5,1614.7303643419846,1731.945,0.0,0.0,1.0
City-B,T4,10x,1400.0,S3_Linear4,stress,500,5,1614.7303643419846,1132.3353573655495,267.6646426344505,0.2987464765815653,0.0
City-B,T4,10x,1400.0,S4_GlobalCalib,routine,500,5,1493.0261020924213,1826.8500000000001,0.0,0.0,1.0
City-B,T4,10x,1400.0,S4_GlobalCalib,stress,500,5,1493.0261020924213,1194.3393319644615,205.6606680355385,0.20005462041779526,0.0
City-B,T4,10x,1400.0,S5_CityCalib,routine,500,5,1676.147325562986,1826.8500000000001,0.0,0.0,1.0
City-B,T4,10x,1400.0,S5_CityCalib,stress,500,5,1676.147325562986,1194.3393319644615,205.6606680355385,0.2874496688032446,0.0
City-B,T4,10x,1400.0,S6_Q10,routine,500,14,1445.5478901139113,4156.928,0.0,0.0,1.0
City-B,T4,10x,1400.0,S6_Q10,stress,500,14,1445.5478901139113,2722.931589111988,0.0,0.0,1.0
City-B,T5,1x,160.0,S0_Oracle,routine,500,1,482.245,482.245,0.0,0.0,1.0
City-B,T5,1x,160.0,S0_Oracle,stress,500,1,482.245,316.9686879260977,0.0,0.342722707490803,1.0
City-B,T5,1x,160.0,S1_CapOnly,routine,500,1,744.4895656,282.301,0.0,0.6208126842281697,1.0
City-B,T5,1x,160.0,S1_CapOnly,stress,500,1,744.4895656,186.90879441245636,0.0,0.7489437017672336,1.0
City-B,T5,1x,160.0,S2_Platform,routine,500,1,553.308,475.372,0.0,0.1408546415378053,1.0
City-B,T5,1x,160.0,S2_Platform,stress,500,1,553.308,310.78385029674575,0.0,0.4383167236028654,1.0
City-B,T5,1x,160.0,S3_Linear4,routine,500,1,311.45904475981985,282.301,0.0,0.09361758873403386,1.0
City-B,T5,1x,160.0,S3_Linear4,stress,500,1,311.45904475981985,186.90879441245636,0.0,0.3998928669527315,1.0
City-B,T5,1x,160.0,S4_GlobalCalib,routine,500,1,410.9515715299265,475.372,0.0,0.0,1.0
City-B,T5,1x,160.0,S4_GlobalCalib,stress,500,1,410.9515715299265,310.78385029674575,0.0,0.2437458040621857,1.0
City-B,T5,1x,160.0,S5_CityCalib,routine,500,1,461.14114167157436,475.372,0.0,0.0,1.0
City-B,T5,1x,160.0,S5_CityCalib,stress,500,1,461.14114167157436,310.78385029674575,0.0,0.32605481876937664,1.0
City-B,T5,1x,160.0,S6_Q10,routine,500,1,170.28086063057253,475.372,0.0,0.0,1.0
City-B,T5,1x,160.0,S6_Q10,stress,500,1,170.28086063057253,310.78385029674575,0.0,0.0,1.0
City-B,T5,2x,320.0,S0_Oracle,routine,500,1,482.245,482.245,0.0,0.0,1.0
City-B,T5,2x,320.0,S0_Oracle,stress,500,1,482.245,316.9686879260977,3.0313120739023134,0.342722707490803,0.0
City-B,T5,2x,320.0,S1_CapOnly,routine,500,1,744.4895656,282.301,37.69900000000001,0.6208126842281697,0.0
City-B,T5,2x,320.0,S1_CapOnly,stress,500,1,744.4895656,186.90879441245636,133.09120558754364,0.7489437017672336,0.0
City-B,T5,2x,320.0,S2_Platform,routine,500,1,553.308,475.372,0.0,0.1408546415378053,1.0
City-B,T5,2x,320.0,S2_Platform,stress,500,1,553.308,310.78385029674575,9.216149703254246,0.4383167236028654,0.0
City-B,T5,2x,320.0,S3_Linear4,routine,500,2,622.420501317531,701.156,0.0,0.0,1.0
City-B,T5,2x,320.0,S3_Linear4,stress,500,2,622.420501317531,461.45038830664157,0.0,0.25861955489922034,1.0
City-B,T5,2x,320.0,S4_GlobalCalib,routine,500,1,410.9515715299265,475.372,0.0,0.0,1.0
City-B,T5,2x,320.0,S4_GlobalCalib,stress,500,1,410.9515715299265,310.78385029674575,9.216149703254246,0.2437458040621857,0.0
City-B,T5,2x,320.0,S5_CityCalib,routine,500,1,461.14114167157436,475.372,0.0,0.0,1.0
City-B,T5,2x,320.0,S5_CityCalib,stress,500,1,461.14114167157436,310.78385029674575,9.216149703254246,0.32605481876937664,0.0
City-B,T5,2x,320.0,S6_Q10,routine,500,2,336.58035194427686,894.2270000000001,0.0,0.0,1.0
City-B,T5,2x,320.0,S6_Q10,stress,500,2,336.58035194427686,585.325444190931,0.0,0.0,1.0
City-B,T5,5x,800.0,S0_Oracle,routine,500,2,957.617,957.617,0.0,0.0,1.0
City-B,T5,5x,800.0,S0_Oracle,stress,500,2,957.617,627.7525382228434,172.24746177715656,0.3444638741554886,0.0
City-B,T5,5x,800.0,S1_CapOnly,routine,500,2,1485.4080295999997,757.673,42.327,0.4899226442151177,0.0
City-B,T5,5x,800.0,S1_CapOnly,stress,500,2,1485.4080295999997,497.6926447092021,302.3073552907979,0.6649454999625766,0.0
City-B,T5,5x,800.0,S2_Platform,routine,500,2,1093.679,894.2270000000001,0.0,0.1823679525710926,1.0
City-B,T5,5x,800.0,S2_Platform,stress,500,2,1093.679,585.325444190931,214.67455580906903,0.46481056672850907,0.0
City-B,T5,5x,800.0,S3_Linear4,routine,500,3,932.2910783046939,1176.528,0.0,0.0,1.0
City-B,T5,5x,800.0,S3_Linear4,stress,500,3,932.2910783046939,772.2342386033873,27.765761396612675,0.17168118780280375,0.0
City-B,T5,5x,800.0,S4_GlobalCalib,routine,500,2,811.9905452291518,894.2270000000001,0.0,0.0,1.0
City-B,T5,5x,800.0,S4_GlobalCalib,stress,500,2,811.9905452291518,585.325444190931,214.67455580906903,0.27914746344029623,0.0
City-B,T5,5x,800.0,S5_CityCalib,routine,500,2,911.1727831273349,894.2270000000001,0.0,0.018597771400911883,1.0
City-B,T5,5x,800.0,S5_CityCalib,stress,500,2,911.1727831273349,585.325444190931,214.67455580906903,0.3576131168207505,0.0
City-B,T5,5x,800.0,S6_Q10,routine,500,6,859.6273987814257,2420.5840000000003,0.0,0.0,1.0
City-B,T5,5x,800.0,S6_Q10,stress,500,6,859.6273987814257,1584.9030100085238,0.0,0.0,1.0
City-B,T5,10x,1600.0,S0_Oracle,routine,500,4,1781.73,1781.73,0.0,0.0,1.0
City-B,T5,10x,1600.0,S0_Oracle,stress,500,4,1781.73,1167.2395676991803,432.76043230081973,0.344884147598581,0.0
City-B,T5,10x,1600.0,S1_CapOnly,routine,500,3,2203.9012885999996,1176.528,423.472,0.4661612087230211,0.0
City-B,T5,10x,1600.0,S1_CapOnly,stress,500,3,2203.9012885999996,772.2342386033873,827.7657613966127,0.649605795596254,0.0
City-B,T5,10x,1600.0,S2_Platform,routine,500,4,2025.834,1781.7300000000002,0.0,0.12049555886612615,1.0
City-B,T5,10x,1600.0,S2_Platform,stress,500,4,2025.834,1167.2395676991803,432.76043230081973,0.42382269835574865,0.0
City-B,T5,10x,1600.0,S3_Linear4,routine,500,6,1746.6477846972139,2278.089,0.0,0.0,1.0
City-B,T5,10x,1600.0,S3_Linear4,stress,500,6,1746.6477846972139,1501.4303875506837,98.56961244931631,0.1403931572781511,0.0
City-B,T5,10x,1600.0,S4_GlobalCalib,routine,500,5,1785.8703088412176,2110.3860000000004,0.0,0.0,1.0
City-B,T5,10x,1600.0,S4_GlobalCalib,stress,500,5,1785.8703088412176,1382.1049302008155,217.8950697991845,0.22608885798789605,0.0
City-B,T5,10x,1600.0,S5_CityCalib,routine,500,4,1683.638685767763,1781.7300000000002,0.0,0.0,1.0
City-B,T5,10x,1600.0,S5_CityCalib,stress,500,4,1683.638685767763,1167.2395676991803,432.76043230081973,0.3067161157758129,0.0
City-B,T5,10x,1600.0,S6_Q10,routine,500,14,1686.7243297364435,4692.246999999999,0.0,0.0,1.0
City-B,T5,10x,1600.0,S6_Q10,stress,500,14,1686.7243297364435,3073.9088017192958,0.0,0.0,1.0
City-C,T1,1x,180.0,S0_Oracle,routine,650,1,387.629,387.629,0.0,0.0,1.0
City-C,T1,1x,180.0,S0_Oracle,stress,650,1,387.629,255.2097149848303,0.0,0.34161346291213945,1.0
City-C,T1,1x,180.0,S1_CapOnly,routine,650,1,737.04618,387.629,0.0,0.4740777301091229,1.0
City-C,T1,1x,180.0,S1_CapOnly,stress,650,1,737.04618,255.2097149848303,0.0,0.6537398579491582,1.0
City-C,T1,1x,180.0,S2_Platform,routine,650,1,460.895,387.629,0.0,0.15896462317881505,1.0
City-C,T1,1x,180.0,S2_Platform,stress,650,1,460.895,255.2097149848303,0.0,0.44627363068631615,1.0
City-C,T1,1x,180.0,S3_Linear4,routine,650,1,293.7598241466688,387.629,0.0,0.0,1.0
City-C,T1,1x,180.0,S3_Linear4,stress,650,1,293.7598241466688,255.2097149848303,0.0,0.1312300253236506,1.0
City-C,T1,1x,180.0,S4_GlobalCalib,routine,650,1,340.14281344624504,387.629,0.0,0.0,1.0
City-C,T1,1x,180.0,S4_GlobalCalib,stress,650,1,340.14281344624504,255.2097149848303,0.0,0.2496983475878648,1.0
City-C,T1,1x,180.0,S5_CityCalib,routine,650,1,317.081954980767,387.629,0.0,0.0,1.0
City-C,T1,1x,180.0,S5_CityCalib,stress,650,1,317.081954980767,255.2097149848303,0.0,0.1951301202229867,1.0
City-C,T1,1x,180.0,S6_Q10,routine,650,2,278.365020302006,756.715,0.0,0.0,1.0
City-C,T1,1x,180.0,S6_Q10,stress,650,2,278.365020302006,496.50698989926514,0.0,0.0,1.0
City-C,T1,2x,360.0,S0_Oracle,routine,650,1,387.629,387.629,0.0,0.0,1.0
City-C,T1,2x,360.0,S0_Oracle,stress,650,1,387.629,255.2097149848303,104.7902850151697,0.34161346291213945,0.0
City-C,T1,2x,360.0,S1_CapOnly,routine,650,1,737.04618,387.629,0.0,0.4740777301091229,1.0
City-C,T1,2x,360.0,S1_CapOnly,stress,650,1,737.04618,255.2097149848303,104.7902850151697,0.6537398579491582,0.0
City-C,T1,2x,360.0,S2_Platform,routine,650,1,460.895,387.629,0.0,0.15896462317881505,1.0
City-C,T1,2x,360.0,S2_Platform,stress,650,1,460.895,255.2097149848303,104.7902850151697,0.44627363068631615,0.0
City-C,T1,2x,360.0,S3_Linear4,routine,650,2,558.5376753773826,756.715,0.0,0.0,1.0
City-C,T1,2x,360.0,S3_Linear4,stress,650,2,558.5376753773826,496.50698989926514,0.0,0.11105908914059501,1.0
City-C,T1,2x,360.0,S4_GlobalCalib,routine,650,2,667.0491634523291,756.715,0.0,0.0,1.0
City-C,T1,2x,360.0,S4_GlobalCalib,stress,650,2,667.0491634523291,496.50698989926514,0.0,0.25566657286611205,1.0
City-C,T1,2x,360.0,S5_CityCalib,routine,650,2,621.7598462056758,756.715,0.0,0.0,1.0
City-C,T1,2x,360.0,S5_CityCalib,stress,650,2,621.7598462056758,496.50698989926514,0.0,0.20144893091886393,1.0
City-C,T1,2x,360.0,S6_Q10,routine,650,3,407.3020518557671,1040.729,0.0,0.0,1.0
City-C,T1,2x,360.0,S6_Q10,stress,650,3,407.3020518557671,682.1867616531335,0.0,0.0,1.0
City-C,T1,5x,900.0,S0_Oracle,routine,650,3,1116.04,1116.04,0.0,0.0,1.0
City-C,T1,5x,900.0,S0_Oracle,stress,650,3,1116.04,732.5153752954211,167.4846247045789,0.34364774085568517,0.0
City-C,T1,5x,900.0,S1_CapOnly,routine,650,2,1439.5386200000003,756.715,143.28499999999997,0.47433504771132856,0.0
City-C,T1,5x,900.0,S1_CapOnly,stress,650,2,1439.5386200000003,496.50698989926514,403.49301010073486,0.6550929700661556,0.0
City-C,T1,5x,900.0,S2_Platform,routine,650,2,904.515,756.715,143.28499999999997,0.16340248641537172,0.0
City-C,T1,5x,900.0,S2_Platform,stress,650,2,904.515,496.50698989926514,403.49301010073486,0.45107931886230174,0.0
City-C,T1,5x,900.0,S3_Linear4,routine,650,4,1051.0413097838873,1439.74,0.0,0.0,1.0
City-C,T1,5x,900.0,S3_Linear4,stress,650,4,1051.0413097838873,944.1406547419526,0.0,0.10170928016513008,1.0
City-C,T1,5x,900.0,S4_GlobalCalib,routine,650,3,975.0651071108746,1040.729,0.0,0.0,1.0
City-C,T1,5x,900.0,S4_GlobalCalib,stress,650,3,975.0651071108746,682.1867616531335,217.81323834686646,0.3003679890930995,0.0
City-C,T1,5x,900.0,S5_CityCalib,routine,650,3,908.7352895094887,1040.729,0.0,0.0,1.0
City-C,T1,5x,900.0,S5_CityCalib,stress,650,3,908.7352895094887,682.1867616531335,217.81323834686646,0.24930090255286558,0.0
City-C,T1,5x,900.0,S6_Q10,routine,650,8,1003.044710855963,2695.608,0.0,0.0,1.0
City-C,T1,5x,900.0,S6_Q10,stress,650,8,1003.044710855963,1765.1892072534038,0.0,0.0,1.0
City-C,T1,10x,1800.0,S0_Oracle,routine,650,6,2099.586,2099.586,0.0,0.0,1.0
City-C,T1,10x,1800.0,S0_Oracle,stress,650,6,2099.586,1375.5280323807417,424.4719676192583,0.34485749458191195,0.0
City-C,T1,10x,1800.0,S1_CapOnly,routine,650,3,2081.0861320000004,1116.04,683.96,0.46372234054174183,0.0
City-C,T1,10x,1800.0,S1_CapOnly,stress,650,3,2081.0861320000004,732.5153752954211,1067.484624704579,0.6480129466859467,0.0
City-C,T1,10x,1800.0,S2_Platform,routine,650,5,2117.87,1676.4370000000001,123.56299999999987,0.20843252890876202,0.0
City-C,T1,10x,1800.0,S2_Platform,stress,650,5,2117.87,1097.7934442184585,702.2065557815415,0.481652110744069,0.0
City-C,T1,10x,1800.0,S3_Linear4,routine,650,8,1997.391678864462,2428.118,0.0,0.0,1.0
City-C,T1,10x,1800.0,S3_Linear4,stress,650,8,1997.391678864462,1590.5402897531183,209.45971024688174,0.20369134077030046,0.0
City-C,T1,10x,1800.0,S4_GlobalCalib,routine,650,6,1846.5425324929106,2035.7620000000002,0.0,0.0,1.0
City-C,T1,10x,1800.0,S4_GlobalCalib,stress,650,6,1846.5425324929106,1333.8018296146145,466.19817038538554,0.2776760859042193,0.0
City-C,T1,10x,1800.0,S5_CityCalib,routine,650,7,1976.4741402453462,2364.4900000000002,0.0,0.0,1.0
City-C,T1,10x,1800.0,S5_CityCalib,stress,650,7,1976.4741402453462,1548.714263540779,251.28573645922097,0.21642573914550076,0.0
City-C,T1,10x,1800.0,S6_Q10,routine,650,16,1839.8847175783715,4834.664000000001,0.0,0.0,1.0
City-C,T1,10x,1800.0,S6_Q10,stress,650,16,1839.8847175783715,3163.6393887541144,0.0,0.0,1.0
City-C,T2,1x,260.0,S0_Oracle,routine,650,1,382.794,382.794,0.0,0.0,1.0
City-C,T2,1x,260.0,S0_Oracle,stress,650,1,382.794,257.05168257252245,2.948317427477548,0.3284856017269799,0.0
City-C,T2,1x,260.0,S1_CapOnly,routine,650,1,737.04618,382.794,0.0,0.4806376989838005,1.0
City-C,T2,1x,260.0,S1_CapOnly,stress,650,1,737.04618,257.05168257252245,2.948317427477548,0.6512407369474157,0.0
City-C,T2,1x,260.0,S2_Platform,routine,650,1,467.288,382.794,0.0,0.18081782540959757,1.0
City-C,T2,1x,260.0,S2_Platform,stress,650,1,467.288,257.05168257252245,2.948317427477548,0.4499073749539418,0.0
City-C,T2,1x,260.0,S3_Linear4,routine,650,1,302.18008404412205,382.794,0.0,0.0,1.0
City-C,T2,1x,260.0,S3_Linear4,stress,650,1,302.18008404412205,257.05168257252245,2.948317427477548,0.14934273916281754,0.0
City-C,T2,1x,260.0,S4_GlobalCalib,routine,650,1,345.041262695041,382.794,0.0,0.0,1.0
City-C,T2,1x,260.0,S4_GlobalCalib,stress,650,1,345.041262695041,257.05168257252245,2.948317427477548,0.25501176130428976,0.0
City-C,T2,1x,260.0,S5_CityCalib,routine,650,1,321.6723561148453,382.794,0.0,0.0,1.0
City-C,T2,1x,260.0,S5_CityCalib,stress,650,1,321.6723561148453,257.05168257252245,2.948317427477548,0.20088973240601252,0.0
City-C,T2,1x,260.0,S6_Q10,routine,650,2,277.60856936431856,727.4,0.0,0.0,1.0
City-C,T2,1x,260.0,S6_Q10,stress,650,2,277.60856936431856,482.3446731469786,0.0,0.0,1.0
City-C,T2,2x,520.0,S0_Oracle,routine,650,2,760.3,760.3,0.0,0.0,1.0
City-C,T2,2x,520.0,S0_Oracle,stress,650,2,760.3,503.85369907775055,16.146300922249452,0.33729620008187483,0.0
City-C,T2,2x,520.0,S1_CapOnly,routine,650,1,737.04618,382.794,137.20600000000002,0.4806376989838005,0.0
City-C,T2,2x,520.0,S1_CapOnly,stress,650,1,737.04618,257.05168257252245,262.94831742747755,0.6512407369474157,0.0
City-C,T2,2x,520.0,S2_Platform,routine,650,2,902.057,727.4,0.0,0.19362080223311834,1.0
City-C,T2,2x,520.0,S2_Platform,stress,650,2,902.057,482.3446731469786,37.65532685302139,0.465283598323633,0.0
City-C,T2,2x,520.0,S3_Linear4,routine,650,2,575.3781951722892,727.4,0.0,0.0,1.0
City-C,T2,2x,520.0,S3_Linear4,stress,650,2,575.3781951722892,482.3446731469786,37.65532685302139,0.1616910804161652,0.0
City-C,T2,2x,520.0,S4_GlobalCalib,routine,650,2,665.1657928511183,727.4,0.0,0.0,1.0
City-C,T2,2x,520.0,S4_GlobalCalib,stress,650,2,665.1657928511183,482.3446731469786,37.65532685302139,0.27485045332909946,0.0
City-C,T2,2x,520.0,S5_CityCalib,routine,650,2,619.9949148764774,727.4,0.0,0.0,1.0
City-C,T2,2x,520.0,S5_CityCalib,stress,650,2,619.9949148764774,482.3446731469786,37.65532685302139,0.2220183398712602,0.0
City-C,T2,2x,520.0,S6_Q10,routine,650,4,522.325987216725,1440.0459999999998,0.0,0.0,1.0
City-C,T2,2x,520.0,S6_Q10,stress,650,4,522.325987216725,949.362139351098,0.0,0.0,1.0
City-C,T2,5x,1300.0,S0_Oracle,routine,650,4,1455.878,1455.878,0.0,0.0,1.0
City-C,T2,5x,1300.0,S0_Oracle,stress,650,4,1455.878,958.6015786787993,341.39842132120066,0.3415646237673765,0.0
City-C,T2,5x,1300.0,S1_CapOnly,routine,650,2,1439.5386200000003,727.4,572.6,0.4946992113348096,0.0
City-C,T2,5x,1300.0,S1_CapOnly,stress,650,2,1439.5386200000003,482.3446731469786,817.6553268530214,0.6649310644079987,0.0
City-C,T2,5x,1300.0,S2_Platform,routine,650,3,1301.083,1104.906,195.09400000000005,0.15077977346564372,0.0
City-C,T2,5x,1300.0,S2_Platform,stress,650,3,1301.083,729.1466896522068,570.8533103477932,0.4395848000072196,0.0
City-C,T2,5x,1300.0,S3_Linear4,routine,650,5,1334.6142096832832,1589.3029999999999,0.0,0.0,1.0
City-C,T2,5x,1300.0,S3_Linear4,stress,650,5,1334.6142096832832,1046.9418561702237,253.05814382977633,0.21554719815348508,0.0
City-C,T2,5x,1300.0,S4_GlobalCalib,routine,650,5,1528.6392762883834,1589.3029999999999,0.0,0.0,1.0
City-C,T2,5x,1300.0,S4_GlobalCalib,stress,650,5,1528.6392762883834,1046.9418561702237,253.05814382977633,0.3151151665340867,0.0
City-C,T2,5x,1300.0,S5_CityCalib,routine,650,5,1424.1562280421485,1589.3029999999999,0.0,0.0,1.0
City-C,T2,5x,1300.0,S5_CityCalib,stress,650,5,1424.1562280421485,1046.9418561702237,253.05814382977633,0.26486867412748555,0.0
City-C,T2,5x,1300.0,S6_Q10,routine,650,12,1401.5598680116282,3339.6009999999997,0.0,0.0,1.0
City-C,T2,5x,1300.0,S6_Q10,stress,650,12,1401.5598680116282,2191.7724568838235,0.0,0.0,1.0
City-C,T2,10x,2600.0,S0_Oracle,routine,650,8,2702.182,2702.182,0.0,0.0,1.0
City-C,T2,10x,2600.0,S0_Oracle,stress,650,8,2702.182,1774.5085208757428,825.4914791242572,0.34330532848056017,0.0
City-C,T2,10x,2600.0,S1_CapOnly,routine,650,4,2666.6496520000005,1455.878,1144.122,0.4540422665166816,0.0
City-C,T2,10x,2600.0,S1_CapOnly,stress,650,4,2666.6496520000005,958.6015786787996,1641.3984213212004,0.6405221143468008,0.0
City-C,T2,10x,2600.0,S2_Platform,routine,650,7,2815.8059999999996,2225.835,374.16499999999996,0.2095211815018505,0.0
City-C,T2,10x,2600.0,S2_Platform,stress,650,7,2815.8059999999996,1463.0872450384957,1136.9127549615043,0.4804019719261569,0.0
City-C,T2,10x,2600.0,S3_Linear4,routine,650,11,2754.0422635830737,3189.647,0.0,0.0,1.0
City-C,T2,10x,2600.0,S3_Linear4,stress,650,11,2754.0422635830737,2094.1170414263534,505.88295857364665,0.2396205863951202,0.0
City-C,T2,10x,2600.0,S4_GlobalCalib,routine,650,10,2834.2470169378635,2815.964,0.0,0.006450749291999466,1.0
City-C,T2,10x,2600.0,S4_GlobalCalib,stress,650,10,2834.2470169378635,1848.895754567387,751.104245432613,0.3476589219224285,0.0
City-C,T2,10x,2600.0,S5_CityCalib,routine,650,10,2639.3066744313173,2815.964,0.0,0.0,1.0
City-C,T2,10x,2600.0,S5_CityCalib,stress,650,10,2639.3066744313173,1848.895754567387,751.104245432613,0.29947672527832997,0.0
City-C,T2,10x,2600.0,S6_Q10,routine,650,25,2665.0674398953033,5630.904,0.0,0.0,1.0
City-C,T2,10x,2600.0,S6_Q10,stress,650,25,2665.0674398953033,3696.6830370348853,0.0,0.0,1.0
City-C,T3,1x,200.0,S0_Oracle,routine,650,1,428.75,428.75,0.0,0.0,1.0
City-C,T3,1x,200.0,S0_Oracle,stress,650,1,428.75,280.303795374422,0.0,0.34623021487015276,1.0
City-C,T3,1x,200.0,S1_CapOnly,routine,650,1,648.6224445,428.75,0.0,0.3389837128893865,1.0
City-C,T3,1x,200.0,S1_CapOnly,stress,650,1,648.6224445,280.303795374422,0.0,0.5678475240083648,1.0
City-C,T3,1x,200.0,S2_Platform,routine,650,1,456.757,428.75,0.0,0.061317067937656136,1.0
City-C,T3,1x,200.0,S2_Platform,stress,650,1,456.757,280.303795374422,0.0,0.38631746120054644,1.0
City-C,T3,1x,200.0,S3_Linear4,routine,650,1,280.0927624271533,428.75,0.0,0.0,1.0
City-C,T3,1x,200.0,S3_Linear4,stress,650,1,280.0927624271533,280.303795374422,0.0,0.0,1.0
City-C,T3,1x,200.0,S4_GlobalCalib,routine,650,1,336.972191986599,428.75,0.0,0.0,1.0
City-C,T3,1x,200.0,S4_GlobalCalib,stress,650,1,336.972191986599,280.303795374422,0.0,0.16816935628454063,1.0
City-C,T3,1x,200.0,S5_CityCalib,routine,650,1,314.1107239635895,428.75,0.0,0.0,1.0
City-C,T3,1x,200.0,S5_CityCalib,stress,650,1,314.1107239635895,280.303795374422,0.0,0.10762742564970905,1.0
City-C,T3,1x,200.0,S6_Q10,routine,650,2,270.28195118957314,838.316,0.0,0.0,1.0
City-C,T3,1x,200.0,S6_Q10,stress,650,2,270.28195118957314,549.2363558290981,0.0,0.0,1.0
City-C,T3,2x,400.0,S0_Oracle,routine,650,1,428.75,428.75,0.0,0.0,1.0
City-C,T3,2x,400.0,S0_Oracle,stress,650,1,428.75,280.303795374422,119.69620462557799,0.34623021487015276,0.0
City-C,T3,2x,400.0,S1_CapOnly,routine,650,1,648.6224445,428.75,0.0,0.3389837128893865,1.0
City-C,T3,2x,400.0,S1_CapOnly,stress,650,1,648.6224445,280.303795374422,119.69620462557799,0.5678475240083648,0.0
City-C,T3,2x,400.0,S2_Platform,routine,650,1,456.757,428.75,0.0,0.061317067937656136,1.0
City-C,T3,2x,400.0,S2_Platform,stress,650,1,456.757,280.303795374422,119.69620462557799,0.38631746120054644,0.0
City-C,T3,2x,400.0,S3_Linear4,routine,650,2,531.2035519383516,655.833,0.0,0.0,1.0
City-C,T3,2x,400.0,S3_Linear4,stress,650,2,531.2035519383516,428.7637994910631,0.0,0.19284463003586438,1.0
City-C,T3,2x,400.0,S4_GlobalCalib,routine,650,2,646.9243754780409,838.316,0.0,0.0,1.0
City-C,T3,2x,400.0,S4_GlobalCalib,stress,650,2,646.9243754780409,549.2363558290981,0.0,0.15100377007243984,1.0
City-C,T3,2x,400.0,S5_CityCalib,routine,650,2,602.9006430480713,838.316,0.0,0.0,1.0
City-C,T3,2x,400.0,S5_CityCalib,stress,650,2,602.9006430480713,549.2363558290981,0.0,0.08901016749238125,1.0
City-C,T3,2x,400.0,S6_Q10,routine,650,4,514.9907520256023,1360.305,0.0,0.0,1.0
City-C,T3,2x,400.0,S6_Q10,stress,650,4,514.9907520256023,892.1415288365945,0.0,0.0,1.0
City-C,T3,5x,1000.0,S0_Oracle,routine,650,3,1195.646,1195.646,0.0,0.0,1.0
City-C,T3,5x,1000.0,S0_Oracle,stress,650,3,1195.646,782.8479131495465,217.15208685045354,0.34525109175328944,0.0
City-C,T3,5x,1000.0,S1_CapOnly,routine,650,2,1266.8365755,655.833,344.16700000000003,0.4823065479135276,0.0
City-C,T3,5x,1000.0,S1_CapOnly,stress,650,2,1266.8365755,428.7637994910631,571.2362005089369,0.6615476630662981,0.0
City-C,T3,5x,1000.0,S2_Platform,routine,650,3,1285.738,1002.975,0.0,0.2199227214253604,1.0
City-C,T3,5x,1000.0,S2_Platform,stress,650,3,1285.738,658.5299715161461,341.47002848385387,0.4878194690394574,0.0
City-C,T3,5x,1000.0,S3_Linear4,routine,650,4,1004.9589722373288,1118.288,0.0,0.0,1.0
City-C,T3,5x,1000.0,S3_Linear4,stress,650,4,1004.9589722373288,732.7474421106391,267.2525578893609,0.2708683017383966,0.0
City-C,T3,5x,1000.0,S4_GlobalCalib,routine,650,4,1230.178105370724,1360.305,0.0,0.0,1.0
City-C,T3,5x,1000.0,S4_GlobalCalib,stress,650,4,1230.178105370724,892.1415288365945,107.85847116340551,0.2747866955673541,0.0
City-C,T3,5x,1000.0,S5_CityCalib,routine,650,4,1146.1346877794679,1360.305,0.0,0.0,1.0
City-C,T3,5x,1000.0,S5_CityCalib,stress,650,4,1146.1346877794679,892.1415288365945,107.85847116340551,0.22160847381293564,0.0
City-C,T3,5x,1000.0,S6_Q10,routine,650,9,1065.5233113508718,2848.859,0.0,0.0,1.0
City-C,T3,5x,1000.0,S6_Q10,stress,650,9,1065.5233113508718,1870.5610725346787,0.0,0.0,1.0
City-C,T3,10x,2000.0,S0_Oracle,routine,650,6,2101.6879999999996,2101.6879999999996,0.0,0.0,1.0
City-C,T3,10x,2000.0,S0_Oracle,stress,650,6,2101.6879999999996,1375.1907968081637,624.8092031918363,0.34567319373372074,0.0
City-C,T3,10x,2000.0,S1_CapOnly,routine,650,4,2346.7158121,1168.735,831.2650000000001,0.5019699471176543,0.0
City-C,T3,10x,2000.0,S1_CapOnly,stress,650,4,2346.7158121,764.083629823732,1235.916370176268,0.6744029993389024,0.0
City-C,T3,10x,2000.0,S2_Platform,routine,650,5,2048.125,1658.101,341.8989999999999,0.19042978333841923,0.0
City-C,T3,10x,2000.0,S2_Platform,stress,650,5,2048.125,1086.8315557691226,913.1684442308774,0.4693529175371998,0.0
City-C,T3,10x,2000.0,S3_Linear4,routine,650,9,2119.909099941739,2332.2009999999996,0.0,0.0,1.0
City-C,T3,10x,2000.0,S3_Linear4,stress,650,9,2119.909099941739,1530.9445478436858,469.05545215631423,0.27782538039684795,0.0
City-C,T3,10x,2000.0,S4_GlobalCalib,routine,650,7,2033.3101723773345,2251.125,0.0,0.0,1.0
City-C,T3,10x,2000.0,S4_GlobalCalib,stress,650,7,2033.3101723773345,1479.7806437898748,520.2193562101252,0.2722307378909516,0.0
City-C,T3,10x,2000.0,S5_CityCalib,routine,650,8,2132.0634425334165,2539.424,0.0,0.0,1.0
City-C,T3,10x,2000.0,S5_CityCalib,stress,650,8,2132.0634425334165,1668.2618190730245,331.7381809269755,0.21753650206078362,0.0
City-C,T3,10x,2000.0,S6_Q10,routine,650,19,2011.422431597681,4777.66,0.0,0.0,1.0
City-C,T3,10x,2000.0,S6_Q10,stress,650,19,2011.422431597681,3133.8393110122174,0.0,0.0,1.0
City-C,T4,1x,140.0,S0_Oracle,routine,650,1,341.916,341.916,0.0,0.0,1.0
City-C,T4,1x,140.0,S0_Oracle,stress,650,1,341.916,223.53434985245687,0.0,0.3462302148701527,1.0
City-C,T4,1x,140.0,S1_CapOnly,routine,650,1,737.04618,252.455,0.0,0.6574773645797879,1.0
City-C,T4,1x,140.0,S1_CapOnly,stress,650,1,737.04618,165.0474511049556,0.0,0.7760690502392189,1.0
City-C,T4,1x,140.0,S2_Platform,routine,650,1,377.687,341.916,0.0,0.09471069960046286,1.0
City-C,T4,1x,140.0,S2_Platform,stress,650,1,377.687,223.53434985245687,0.0,0.4081492085974448,1.0
City-C,T4,1x,140.0,S3_Linear4,routine,650,1,301.9976450796772,252.455,0.0,0.16404977286033534,1.0
City-C,T4,1x,140.0,S3_Linear4,stress,650,1,301.9976450796772,165.0474511049556,0.0,0.4534809996236544,1.0
City-C,T4,1x,140.0,S4_GlobalCalib,routine,650,1,276.3871173577406,341.916,0.0,0.0,1.0
City-C,T4,1x,140.0,S4_GlobalCalib,stress,650,1,276.3871173577406,223.53434985245687,0.0,0.19122731916941677,1.0
City-C,T4,1x,140.0,S5_CityCalib,routine,650,1,257.3356547204222,341.916,0.0,0.0,1.0
City-C,T4,1x,140.0,S5_CityCalib,stress,650,1,257.3356547204222,223.53434985245687,0.0,0.1313510360804381,1.0
City-C,T4,1x,140.0,S6_Q10,routine,650,2,227.1894832893525,643.021,0.0,0.0,1.0
City-C,T4,1x,140.0,S6_Q10,stress,650,2,227.1894832893525,420.44324822736974,0.0,0.0,1.0
City-C,T4,2x,280.0,S0_Oracle,routine,650,1,341.916,341.916,0.0,0.0,1.0
City-C,T4,2x,280.0,S0_Oracle,stress,650,1,341.916,223.53434985245687,56.46565014754313,0.3462302148701527,0.0
City-C,T4,2x,280.0,S1_CapOnly,routine,650,1,737.04618,252.455,27.544999999999987,0.6574773645797879,0.0
City-C,T4,2x,280.0,S1_CapOnly,stress,650,1,737.04618,165.0474511049556,114.9525488950444,0.7760690502392189,0.0
City-C,T4,2x,280.0,S2_Platform,routine,650,1,377.687,341.916,0.0,0.09471069960046286,1.0
City-C,T4,2x,280.0,S2_Platform,stress,650,1,377.687,223.53434985245687,56.46565014754313,0.4081492085974448,0.0
City-C,T4,2x,280.0,S3_Linear4,routine,650,1,301.9976450796772,252.455,27.544999999999987,0.16404977286033534,0.0
City-C,T4,2x,280.0,S3_Linear4,stress,650,1,301.9976450796772,165.0474511049556,114.9525488950444,0.4534809996236544,0.0
City-C,T4,2x,280.0,S4_GlobalCalib,routine,650,2,539.6350813104518,643.021,0.0,0.0,1.0
City-C,T4,2x,280.0,S4_GlobalCalib,stress,650,2,539.6350813104518,420.44324822736974,0.0,0.22087487861915167,1.0
City-C,T4,2x,280.0,S5_CityCalib,routine,650,2,502.3584361971131,643.021,0.0,0.0,1.0
City-C,T4,2x,280.0,S5_CityCalib,stress,650,2,502.3584361971131,420.44324822736974,0.0,0.1630612368926196,1.0
City-C,T4,2x,280.0,S6_Q10,routine,650,3,333.04306672142127,945.941,0.0,0.0,1.0
City-C,T4,2x,280.0,S6_Q10,stress,650,3,333.04306672142127,619.1886967055823,0.0,0.0,1.0
City-C,T4,5x,700.0,S0_Oracle,routine,650,3,945.941,945.941,0.0,0.0,1.0
City-C,T4,5x,700.0,S0_Oracle,stress,650,3,945.941,619.1886967055823,80.81130329441771,0.3454256695654568,0.0
City-C,T4,5x,700.0,S1_CapOnly,routine,650,1,737.04618,252.455,447.54499999999996,0.6574773645797879,0.0
City-C,T4,5x,700.0,S1_CapOnly,stress,650,1,737.04618,165.0474511049556,534.9525488950444,0.7760690502392189,0.0
City-C,T4,5x,700.0,S2_Platform,routine,650,2,738.226,643.021,56.97900000000004,0.12896457182488838,0.0
City-C,T4,5x,700.0,S2_Platform,stress,650,2,738.226,420.44324822736974,279.55675177263026,0.4304681110833678,0.0
City-C,T4,5x,700.0,S3_Linear4,routine,650,3,834.170923019045,777.3120000000001,0.0,0.06816219727877841,1.0
City-C,T4,5x,700.0,S3_Linear4,stress,650,3,834.170923019045,509.78471044440744,190.21528955559256,0.3888725962787263,0.0
City-C,T4,5x,700.0,S4_GlobalCalib,routine,650,3,790.1791052436049,945.941,0.0,0.0,1.0
City-C,T4,5x,700.0,S4_GlobalCalib,stress,650,3,790.1791052436049,619.1886967055823,80.81130329441771,0.21639449512564352,0.0
City-C,T4,5x,700.0,S5_CityCalib,routine,650,3,735.4761886102943,945.941,0.0,0.0,1.0
City-C,T4,5x,700.0,S5_CityCalib,stress,650,3,735.4761886102943,619.1886967055823,80.81130329441771,0.1581118378889206,0.0
City-C,T4,5x,700.0,S6_Q10,routine,650,7,715.0295554632069,2057.85,0.0,0.0,1.0
City-C,T4,5x,700.0,S6_Q10,stress,650,7,715.0295554632069,1349.2350921110474,0.0,0.0,1.0
City-C,T4,10x,1400.0,S0_Oracle,routine,650,5,1538.766,1538.766,0.0,0.0,1.0
City-C,T4,10x,1400.0,S0_Oracle,stress,650,5,1538.766,1009.8736569667058,390.12634303329423,0.343712002366373,0.0
City-C,T4,10x,1400.0,S1_CapOnly,routine,650,2,1439.5386200000003,553.5600000000001,846.4399999999999,0.615460125689438,0.0
City-C,T4,10x,1400.0,S1_CapOnly,stress,650,2,1439.5386200000003,361.9563494798685,1038.0436505201315,0.7485608621741121,0.0
City-C,T4,10x,1400.0,S2_Platform,routine,650,4,1425.449,1245.297,154.70299999999997,0.12638263452427975,0.0
City-C,T4,10x,1400.0,S2_Platform,stress,650,4,1425.449,818.0124918944346,581.9875081055654,0.42613696323443734,0.0
City-C,T4,10x,1400.0,S3_Linear4,routine,650,6,1582.4140503051717,1505.5310000000002,0.0,0.04858592496088144,1.0
City-C,T4,10x,1400.0,S3_Linear4,stress,650,6,1582.4140503051717,985.9319799154295,414.06802008457055,0.3769443719706037,0.0
City-C,T4,10x,1400.0,S4_GlobalCalib,routine,650,6,1479.5718318169666,1791.221,0.0,0.0,1.0
City-C,T4,10x,1400.0,S4_GlobalCalib,stress,650,6,1479.5718318169666,1174.9211080716614,225.07889192833863,0.20590465240959835,0.0
City-C,T4,10x,1400.0,S5_CityCalib,routine,650,7,1571.288845586037,2057.85,0.0,0.0,1.0
City-C,T4,10x,1400.0,S5_CityCalib,stress,650,7,1571.288845586037,1349.2350921110474,50.76490788895262,0.14131949965709278,0.0
City-C,T4,10x,1400.0,S6_Q10,routine,650,16,1453.1917991416904,4118.358,0.0,0.0,1.0
City-C,T4,10x,1400.0,S6_Q10,stress,650,16,1453.1917991416904,2753.571610079419,0.0,0.0,1.0
City-C,T5,1x,160.0,S0_Oracle,routine,650,1,398.226,398.226,0.0,0.0,1.0
City-C,T5,1x,160.0,S0_Oracle,stress,650,1,398.226,260.34812645311854,0.0,0.34623021487015276,1.0
City-C,T5,1x,160.0,S1_CapOnly,routine,650,1,648.6224445,357.68,0.0,0.4485543893324216,1.0
City-C,T5,1x,160.0,S1_CapOnly,stress,650,1,648.6224445,233.8403767452438,0.0,0.6394815216030598,1.0
City-C,T5,1x,160.0,S2_Platform,routine,650,1,451.497,357.68,0.0,0.2077909709256097,1.0
City-C,T5,1x,160.0,S2_Platform,stress,650,1,451.497,233.8403767452438,0.0,0.4820776732841109,1.0
City-C,T5,1x,160.0,S3_Linear4,routine,650,1,280.7663832189495,357.68,0.0,0.0,1.0
City-C,T5,1x,160.0,S3_Linear4,stress,650,1,280.7663832189495,233.8403767452438,0.0,0.16713541676786675,1.0
City-C,T5,1x,160.0,S4_GlobalCalib,routine,650,1,332.94187084649786,357.68,0.0,0.0,1.0
City-C,T5,1x,160.0,S4_GlobalCalib,stress,650,1,332.94187084649786,233.8403767452438,0.0,0.2976540434799942,1.0
City-C,T5,1x,160.0,S5_CityCalib,routine,650,1,310.3338570833687,357.68,0.0,0.0,1.0
City-C,T5,1x,160.0,S5_CityCalib,stress,650,1,310.3338570833687,233.8403767452438,0.0,0.24648770539263315,1.0
City-C,T5,1x,160.0,S6_Q10,routine,650,2,271.71760766813776,730.931,0.0,0.0,1.0
City-C,T5,1x,160.0,S6_Q10,stress,650,2,271.71760766813776,480.5347830301847,0.0,0.0,1.0
City-C,T5,2x,320.0,S0_Oracle,routine,650,1,398.226,398.226,0.0,0.0,1.0
City-C,T5,2x,320.0,S0_Oracle,stress,650,1,398.226,260.34812645311854,59.65187354688146,0.34623021487015276,0.0
City-C,T5,2x,320.0,S1_CapOnly,routine,650,1,648.6224445,357.68,0.0,0.4485543893324216,1.0
City-C,T5,2x,320.0,S1_CapOnly,stress,650,1,648.6224445,233.8403767452438,86.15962325475621,0.6394815216030598,0.0
City-C,T5,2x,320.0,S2_Platform,routine,650,1,451.497,357.68,0.0,0.2077909709256097,1.0
City-C,T5,2x,320.0,S2_Platform,stress,650,1,451.497,233.8403767452438,86.15962325475621,0.4820776732841109,0.0
City-C,T5,2x,320.0,S3_Linear4,routine,650,2,532.5507935219441,642.799,0.0,0.0,1.0
City-C,T5,2x,320.0,S3_Linear4,stress,650,2,532.5507935219441,420.24256411168074,0.0,0.21088735718057972,1.0
City-C,T5,2x,320.0,S4_GlobalCalib,routine,650,1,332.94187084649786,357.68,0.0,0.0,1.0
City-C,T5,2x,320.0,S4_GlobalCalib,stress,650,1,332.94187084649786,233.8403767452438,86.15962325475621,0.2976540434799942,0.0
City-C,T5,2x,320.0,S5_CityCalib,routine,650,2,606.2502787887994,730.931,0.0,0.0,1.0
City-C,T5,2x,320.0,S5_CityCalib,stress,650,2,606.2502787887994,480.5347830301847,0.0,0.2073656708410528,1.0
City-C,T5,2x,320.0,S6_Q10,routine,650,3,393.95890974620113,856.051,0.0,0.0,1.0
City-C,T5,2x,320.0,S6_Q10,stress,650,3,393.95890974620113,564.0801222692688,0.0,0.0,1.0
City-C,T5,5x,800.0,S0_Oracle,routine,650,3,1129.157,1129.157,0.0,0.0,1.0
City-C,T5,5x,800.0,S0_Oracle,stress,650,3,1129.157,740.8829094833033,59.11709051669675,0.34386191691385404,0.0
City-C,T5,5x,800.0,S1_CapOnly,routine,650,2,1266.8365755,642.799,157.20100000000002,0.49259516781294577,0.0
City-C,T5,5x,800.0,S1_CapOnly,stress,650,2,1266.8365755,420.24256411168074,379.75743588831926,0.6682740518872233,0.0
City-C,T5,5x,800.0,S2_Platform,routine,650,2,882.915,730.931,69.06899999999996,0.17213888086622148,0.0
City-C,T5,5x,800.0,S2_Platform,stress,650,2,882.915,480.5347830301847,319.4652169698153,0.4557406057998961,0.0
City-C,T5,5x,800.0,S3_Linear4,routine,650,4,1007.6534554045138,1051.649,0.0,0.0,1.0
City-C,T5,5x,800.0,S3_Linear4,stress,650,4,1007.6534554045138,689.5430764281671,110.45692357183293,0.3156942272863482,0.0
City-C,T5,5x,800.0,S4_GlobalCalib,routine,650,3,941.844074093505,856.051,0.0,0.09109052809625423,1.0
City-C,T5,5x,800.0,S4_GlobalCalib,stress,650,3,941.844074093505,564.0801222692688,235.91987773073117,0.4010896943719925,0.0
City-C,T5,5x,800.0,S5_CityCalib,routine,650,3,877.6034230977522,856.051,0.0,0.0245582714589657,1.0
City-C,T5,5x,800.0,S5_CityCalib,stress,650,3,877.6034230977522,564.0801222692688,235.91987773073117,0.3572494051149131,0.0
City-C,T5,5x,800.0,S6_Q10,routine,650,7,861.5588414522663,2039.005,0.0,0.0,1.0
City-C,T5,5x,800.0,S6_Q10,stress,650,7,861.5588414522663,1337.7207766102727,0.0,0.0,1.0
City-C,T5,10x,1600.0,S0_Oracle,routine,650,5,1811.0189999999998,1811.0189999999998,0.0,0.0,1.0
City-C,T5,10x,1600.0,S0_Oracle,stress,650,5,1811.0189999999998,1188.3440182329348,411.6559817670652,0.34382575873972887,0.0
City-C,T5,10x,1600.0,S1_CapOnly,routine,650,3,1831.4199145,926.529,673.471,0.49409253843733936,0.0
City-C,T5,10x,1600.0,S1_CapOnly,stress,650,3,1831.4199145,605.997737189083,994.002262810917,0.6691104359021193,0.0
City-C,T5,10x,1600.0,S2_Platform,routine,650,4,1670.065,1254.277,345.72299999999996,0.24896516003868113,0.0
City-C,T5,10x,1600.0,S2_Platform,stress,650,4,1670.065,824.4282487223874,775.5717512776126,0.5063496039241662,0.0
City-C,T5,10x,1600.0,S3_Linear4,routine,650,7,1701.3889553693048,1768.0659999999998,0.0,0.0,1.0
City-C,T5,10x,1600.0,S3_Linear4,stress,650,7,1701.3889553693048,1160.589044796977,439.4109552030229,0.31785789420205873,0.0
City-C,T5,10x,1600.0,S4_GlobalCalib,routine,650,6,1780.8728169732328,1755.275,0.0,0.014373747933745615,1.0
City-C,T5,10x,1600.0,S4_GlobalCalib,stress,650,6,1780.8728169732328,1151.9656035328705,448.03439646712945,0.35314549553811003,0.0
City-C,T5,10x,1600.0,S5_CityCalib,routine,650,6,1658.8572487958027,1755.275,0.0,0.0,1.0
City-C,T5,10x,1600.0,S5_CityCalib,stress,650,6,1658.8572487958027,1151.9656035328705,448.03439646712945,0.3055667662970366,0.0
City-C,T5,10x,1600.0,S6_Q10,routine,650,15,1683.2292063437196,3858.237000000001,0.0,0.0,1.0
City-C,T5,10x,1600.0,S6_Q10,stress,650,15,1683.2292063437196,2528.983751377398,0.0,0.0,1.0
