city,task_id,p_req_level,p_req,strategy,regime,eval_outcome,pool_size,pool_feasible,n_selected,p_commit,p_deliv,shortfall,ocr,success
City-A,T1,1x,180.0,S0a_RoutineOracle,routine,M_routine,800,True,1,664.4,664.4,0.0,0.0,1.0
City-A,T1,1x,180.0,S0a_RoutineOracle,cross_regime,M_stress,800,True,1,664.4,443.5,0.0,0.3325,1.0
City-A,T1,1x,180.0,S0b_StressOracle,routine,M_routine,800,True,1,443.5,664.4,0.0,0.0,1.0
City-A,T1,1x,180.0,S0b_StressOracle,cross_regime,M_stress,800,True,1,443.5,443.5,0.0,0.0,1.0
City-A,T1,1x,180.0,S1_CapRR,routine,M_routine,800,True,1,678.2,664.4,0.0,0.0204,1.0
City-A,T1,1x,180.0,S1_CapRR,cross_regime,M_stress,800,True,1,678.2,443.5,0.0,0.3461,1.0
City-A,T1,1x,180.0,S2_Platform,routine,M_routine,800,True,1,421.1,664.4,0.0,0.0,1.0
City-A,T1,1x,180.0,S2_Platform,cross_regime,M_stress,800,True,1,421.1,443.5,0.0,0.0,1.0
City-A,T1,1x,180.0,S3_Lin4,routine,M_routine,800,True,1,730.3,664.4,0.0,0.0903,1.0
City-A,T1,1x,180.0,S3_Lin4,cross_regime,M_stress,800,True,1,730.3,443.5,0.0,0.3928,1.0
City-A,T1,1x,180.0,S4_GlobalCalib,routine,M_routine,800,True,1,675.2,664.4,0.0,0.0161,1.0
City-A,T1,1x,180.0,S4_GlobalCalib,cross_regime,M_stress,800,True,1,675.2,443.5,0.0,0.3432,1.0
City-A,T1,1x,180.0,S5_CityCalib,routine,M_routine,800,True,1,674.7,664.4,0.0,0.0153,1.0
City-A,T1,1x,180.0,S5_CityCalib,cross_regime,M_stress,800,True,1,674.7,443.5,0.0,0.3427,1.0
City-A,T1,1x,180.0,S6_Q10,routine,M_routine,800,True,1,667.6,664.4,0.0,0.0049,1.0
City-A,T1,1x,180.0,S6_Q10,cross_regime,M_stress,800,True,1,667.6,443.5,0.0,0.3358,1.0
City-A,T1,2x,360.0,S0a_RoutineOracle,routine,M_routine,800,True,1,664.4,664.4,0.0,0.0,1.0
City-A,T1,2x,360.0,S0a_RoutineOracle,cross_regime,M_stress,800,True,1,664.4,443.5,0.0,0.3325,1.0
City-A,T1,2x,360.0,S0b_StressOracle,routine,M_routine,800,True,1,443.5,664.4,0.0,0.0,1.0
City-A,T1,2x,360.0,S0b_StressOracle,cross_regime,M_stress,800,True,1,443.5,443.5,0.0,0.0,1.0
City-A,T1,2x,360.0,S1_CapRR,routine,M_routine,800,True,1,678.2,664.4,0.0,0.0204,1.0
City-A,T1,2x,360.0,S1_CapRR,cross_regime,M_stress,800,True,1,678.2,443.5,0.0,0.3461,1.0
City-A,T1,2x,360.0,S2_Platform,routine,M_routine,800,True,1,421.1,664.4,0.0,0.0,1.0
City-A,T1,2x,360.0,S2_Platform,cross_regime,M_stress,800,True,1,421.1,443.5,0.0,0.0,1.0
City-A,T1,2x,360.0,S3_Lin4,routine,M_routine,800,True,1,730.3,664.4,0.0,0.0903,1.0
City-A,T1,2x,360.0,S3_Lin4,cross_regime,M_stress,800,True,1,730.3,443.5,0.0,0.3928,1.0
City-A,T1,2x,360.0,S4_GlobalCalib,routine,M_routine,800,True,1,675.2,664.4,0.0,0.0161,1.0
City-A,T1,2x,360.0,S4_GlobalCalib,cross_regime,M_stress,800,True,1,675.2,443.5,0.0,0.3432,1.0
City-A,T1,2x,360.0,S5_CityCalib,routine,M_routine,800,True,1,674.7,664.4,0.0,0.0153,1.0
City-A,T1,2x,360.0,S5_CityCalib,cross_regime,M_stress,800,True,1,674.7,443.5,0.0,0.3427,1.0
City-A,T1,2x,360.0,S6_Q10,routine,M_routine,800,True,1,667.6,664.4,0.0,0.0049,1.0
City-A,T1,2x,360.0,S6_Q10,cross_regime,M_stress,800,True,1,667.6,443.5,0.0,0.3358,1.0
City-A,T1,5x,900.0,S0a_RoutineOracle,routine,M_routine,800,True,2,1282.1,1282.1,0.0,0.0,1.0
City-A,T1,5x,900.0,S0a_RoutineOracle,cross_regime,M_stress,800,True,2,1282.1,846.5,53.5,0.3397,0.0
City-A,T1,5x,900.0,S0b_StressOracle,routine,M_routine,800,True,3,1236.5,1880.4,0.0,0.0,1.0
City-A,T1,5x,900.0,S0b_StressOracle,cross_regime,M_stress,800,True,3,1236.5,1236.5,0.0,0.0,1.0
City-A,T1,5x,900.0,S1_CapRR,routine,M_routine,800,True,2,1293.4,1282.1,0.0,0.0087,1.0
City-A,T1,5x,900.0,S1_CapRR,cross_regime,M_stress,800,True,2,1293.4,846.5,53.5,0.3455,0.0
City-A,T1,5x,900.0,S2_Platform,routine,M_routine,800,True,3,1202.1,1805.3,0.0,0.0,1.0
City-A,T1,5x,900.0,S2_Platform,cross_regime,M_stress,800,True,3,1202.1,1188.3,0.0,0.0114,1.0
City-A,T1,5x,900.0,S3_Lin4,routine,M_routine,800,True,2,1305.7,1262.7,0.0,0.0329,1.0
City-A,T1,5x,900.0,S3_Lin4,cross_regime,M_stress,800,True,2,1305.7,833.4,66.6,0.3617,0.0
City-A,T1,5x,900.0,S4_GlobalCalib,routine,M_routine,800,True,2,1287.8,1282.1,0.0,0.0044,1.0
City-A,T1,5x,900.0,S4_GlobalCalib,cross_regime,M_stress,800,True,2,1287.8,846.5,53.5,0.3426,0.0
City-A,T1,5x,900.0,S5_CityCalib,routine,M_routine,800,True,2,1286.7,1282.1,0.0,0.0036,1.0
City-A,T1,5x,900.0,S5_CityCalib,cross_regime,M_stress,800,True,2,1286.7,846.5,53.5,0.3421,0.0
City-A,T1,5x,900.0,S6_Q10,routine,M_routine,800,True,2,1273.3,1282.1,0.0,0.0,1.0
City-A,T1,5x,900.0,S6_Q10,cross_regime,M_stress,800,True,2,1273.3,846.5,53.5,0.3351,0.0
City-A,T1,10x,1800.0,S0a_RoutineOracle,routine,M_routine,800,True,3,1880.4,1880.4,0.0,0.0,1.0
City-A,T1,10x,1800.0,S0a_RoutineOracle,cross_regime,M_stress,800,True,3,1880.4,1236.5,563.5,0.3424,0.0
City-A,T1,10x,1800.0,S0b_StressOracle,routine,M_routine,800,True,5,1989.4,3003.6,0.0,0.0,1.0
City-A,T1,10x,1800.0,S0b_StressOracle,cross_regime,M_stress,800,True,5,1989.4,1989.4,0.0,0.0,1.0
City-A,T1,10x,1800.0,S1_CapRR,routine,M_routine,800,True,3,1889.7,1880.4,0.0,0.0049,1.0
City-A,T1,10x,1800.0,S1_CapRR,cross_regime,M_stress,800,True,3,1889.7,1236.5,563.5,0.3457,0.0
City-A,T1,10x,1800.0,S2_Platform,routine,M_routine,800,True,5,1914.5,2851.9,0.0,0.0,1.0
City-A,T1,10x,1800.0,S2_Platform,cross_regime,M_stress,800,True,5,1914.5,1890.6,0.0,0.0125,1.0
City-A,T1,10x,1800.0,S3_Lin4,routine,M_routine,800,True,3,1871.7,1794.3,5.7,0.0413,0.0
City-A,T1,10x,1800.0,S3_Lin4,cross_regime,M_stress,800,True,3,1871.7,1180.2,619.8,0.3695,0.0
City-A,T1,10x,1800.0,S4_GlobalCalib,routine,M_routine,800,True,3,1881.5,1880.4,0.0,0.0006,1.0
City-A,T1,10x,1800.0,S4_GlobalCalib,cross_regime,M_stress,800,True,3,1881.5,1236.5,563.5,0.3428,0.0
City-A,T1,10x,1800.0,S5_CityCalib,routine,M_routine,800,True,3,1880.0,1880.4,0.0,0.0,1.0
City-A,T1,10x,1800.0,S5_CityCalib,cross_regime,M_stress,800,True,3,1880.0,1236.5,563.5,0.3423,0.0
City-A,T1,10x,1800.0,S6_Q10,routine,M_routine,800,True,3,1860.3,1880.4,0.0,0.0,1.0
City-A,T1,10x,1800.0,S6_Q10,cross_regime,M_stress,800,True,3,1860.3,1236.5,563.5,0.3353,0.0
City-A,T2,1x,260.0,S0a_RoutineOracle,routine,M_routine,800,True,1,670.2,670.2,0.0,0.0,1.0
City-A,T2,1x,260.0,S0a_RoutineOracle,cross_regime,M_stress,800,True,1,670.2,437.7,0.0,0.3469,1.0
City-A,T2,1x,260.0,S0b_StressOracle,routine,M_routine,800,True,1,437.7,670.2,0.0,0.0,1.0
City-A,T2,1x,260.0,S0b_StressOracle,cross_regime,M_stress,800,True,1,437.7,437.7,0.0,0.0,1.0
City-A,T2,1x,260.0,S1_CapRR,routine,M_routine,800,True,1,678.2,670.2,0.0,0.0117,1.0
City-A,T2,1x,260.0,S1_CapRR,cross_regime,M_stress,800,True,1,678.2,437.7,0.0,0.3546,1.0
City-A,T2,1x,260.0,S2_Platform,routine,M_routine,800,True,1,441.1,670.2,0.0,0.0,1.0
City-A,T2,1x,260.0,S2_Platform,cross_regime,M_stress,800,True,1,441.1,437.7,0.0,0.0077,1.0
City-A,T2,1x,260.0,S3_Lin4,routine,M_routine,800,True,1,727.1,670.2,0.0,0.0783,1.0
City-A,T2,1x,260.0,S3_Lin4,cross_regime,M_stress,800,True,1,727.1,437.7,0.0,0.398,1.0
City-A,T2,1x,260.0,S4_GlobalCalib,routine,M_routine,800,True,1,675.1,670.2,0.0,0.0072,1.0
City-A,T2,1x,260.0,S4_GlobalCalib,cross_regime,M_stress,800,True,1,675.1,437.7,0.0,0.3517,1.0
City-A,T2,1x,260.0,S5_CityCalib,routine,M_routine,800,True,1,677.7,670.2,0.0,0.0111,1.0
City-A,T2,1x,260.0,S5_CityCalib,cross_regime,M_stress,800,True,1,677.7,437.7,0.0,0.3542,1.0
City-A,T2,1x,260.0,S6_Q10,routine,M_routine,800,True,1,666.9,670.2,0.0,0.0,1.0
City-A,T2,1x,260.0,S6_Q10,cross_regime,M_stress,800,True,1,666.9,437.7,0.0,0.3437,1.0
City-A,T2,2x,520.0,S0a_RoutineOracle,routine,M_routine,800,True,1,670.2,670.2,0.0,0.0,1.0
City-A,T2,2x,520.0,S0a_RoutineOracle,cross_regime,M_stress,800,True,1,670.2,437.7,82.3,0.3469,0.0
City-A,T2,2x,520.0,S0b_StressOracle,routine,M_routine,800,True,2,834.8,1278.6,0.0,0.0,1.0
City-A,T2,2x,520.0,S0b_StressOracle,cross_regime,M_stress,800,True,2,834.8,834.8,0.0,0.0,1.0
City-A,T2,2x,520.0,S1_CapRR,routine,M_routine,800,True,1,678.2,670.2,0.0,0.0117,1.0
City-A,T2,2x,520.0,S1_CapRR,cross_regime,M_stress,800,True,1,678.2,437.7,82.3,0.3546,0.0
City-A,T2,2x,520.0,S2_Platform,routine,M_routine,800,True,2,849.9,1278.6,0.0,0.0,1.0
City-A,T2,2x,520.0,S2_Platform,cross_regime,M_stress,800,True,2,849.9,834.8,0.0,0.0178,1.0
City-A,T2,2x,520.0,S3_Lin4,routine,M_routine,800,True,1,727.1,670.2,0.0,0.0783,1.0
City-A,T2,2x,520.0,S3_Lin4,cross_regime,M_stress,800,True,1,727.1,437.7,82.3,0.398,0.0
City-A,T2,2x,520.0,S4_GlobalCalib,routine,M_routine,800,True,1,675.1,670.2,0.0,0.0072,1.0
City-A,T2,2x,520.0,S4_GlobalCalib,cross_regime,M_stress,800,True,1,675.1,437.7,82.3,0.3517,0.0
City-A,T2,2x,520.0,S5_CityCalib,routine,M_routine,800,True,1,677.7,670.2,0.0,0.0111,1.0
City-A,T2,2x,520.0,S5_CityCalib,cross_regime,M_stress,800,True,1,677.7,437.7,82.3,0.3542,0.0
City-A,T2,2x,520.0,S6_Q10,routine,M_routine,800,True,1,666.9,670.2,0.0,0.0,1.0
City-A,T2,2x,520.0,S6_Q10,cross_regime,M_stress,800,True,1,666.9,437.7,82.3,0.3437,0.0
City-A,T2,5x,1300.0,S0a_RoutineOracle,routine,M_routine,800,True,3,1867.2,1867.2,0.0,0.0,1.0
City-A,T2,5x,1300.0,S0a_RoutineOracle,cross_regime,M_stress,800,True,3,1867.2,1219.4,80.6,0.3469,0.0
City-A,T2,5x,1300.0,S0b_StressOracle,routine,M_routine,800,True,4,1595.5,2439.0,0.0,0.0,1.0
City-A,T2,5x,1300.0,S0b_StressOracle,cross_regime,M_stress,800,True,4,1595.5,1595.5,0.0,0.0,1.0
City-A,T2,5x,1300.0,S1_CapRR,routine,M_routine,800,True,3,1889.7,1867.2,0.0,0.0119,1.0
City-A,T2,5x,1300.0,S1_CapRR,cross_regime,M_stress,800,True,3,1889.7,1219.4,80.6,0.3547,0.0
City-A,T2,5x,1300.0,S2_Platform,routine,M_routine,800,True,4,1596.5,2352.8,0.0,0.0,1.0
City-A,T2,5x,1300.0,S2_Platform,cross_regime,M_stress,800,True,4,1596.5,1539.4,0.0,0.0358,1.0
City-A,T2,5x,1300.0,S3_Lin4,routine,M_routine,800,True,3,1862.1,1771.0,0.0,0.0489,1.0
City-A,T2,5x,1300.0,S3_Lin4,cross_regime,M_stress,800,True,3,1862.1,1164.4,135.6,0.3747,0.0
City-A,T2,5x,1300.0,S4_GlobalCalib,routine,M_routine,800,True,3,1881.2,1867.2,0.0,0.0074,1.0
City-A,T2,5x,1300.0,S4_GlobalCalib,cross_regime,M_stress,800,True,3,1881.2,1219.4,80.6,0.3518,0.0
City-A,T2,5x,1300.0,S5_CityCalib,routine,M_routine,800,True,3,1888.5,1867.2,0.0,0.0113,1.0
City-A,T2,5x,1300.0,S5_CityCalib,cross_regime,M_stress,800,True,3,1888.5,1219.4,80.6,0.3543,0.0
City-A,T2,5x,1300.0,S6_Q10,routine,M_routine,800,True,3,1858.4,1867.2,0.0,0.0,1.0
City-A,T2,5x,1300.0,S6_Q10,cross_regime,M_stress,800,True,3,1858.4,1219.4,80.6,0.3438,0.0
City-A,T2,10x,2600.0,S0a_RoutineOracle,routine,M_routine,800,True,5,2997.4,2997.4,0.0,0.0,1.0
City-A,T2,10x,2600.0,S0a_RoutineOracle,cross_regime,M_stress,800,True,5,2997.4,1962.3,637.7,0.3453,0.0
City-A,T2,10x,2600.0,S0b_StressOracle,routine,M_routine,800,True,7,2642.1,4025.3,0.0,0.0,1.0
City-A,T2,10x,2600.0,S0b_StressOracle,cross_regime,M_stress,800,True,7,2642.1,2642.1,0.0,0.0,1.0
City-A,T2,10x,2600.0,S1_CapRR,routine,M_routine,800,True,5,3037.3,2997.4,0.0,0.0132,1.0
City-A,T2,10x,2600.0,S1_CapRR,cross_regime,M_stress,800,True,5,3037.3,1962.3,637.7,0.3539,0.0
City-A,T2,10x,2600.0,S2_Platform,routine,M_routine,800,True,7,2630.1,3896.9,0.0,0.0,1.0
City-A,T2,10x,2600.0,S2_Platform,cross_regime,M_stress,800,True,7,2630.1,2549.0,51.0,0.0308,0.0
City-A,T2,10x,2600.0,S3_Lin4,routine,M_routine,800,True,5,2929.0,2951.1,0.0,0.0,1.0
City-A,T2,10x,2600.0,S3_Lin4,cross_regime,M_stress,800,True,5,2929.0,1937.5,662.5,0.3385,0.0
City-A,T2,10x,2600.0,S4_GlobalCalib,routine,M_routine,800,True,5,3023.8,2997.4,0.0,0.0087,1.0
City-A,T2,10x,2600.0,S4_GlobalCalib,cross_regime,M_stress,800,True,5,3023.8,1962.3,637.7,0.351,0.0
City-A,T2,10x,2600.0,S5_CityCalib,routine,M_routine,800,True,5,3035.5,2997.4,0.0,0.0125,1.0
City-A,T2,10x,2600.0,S5_CityCalib,cross_regime,M_stress,800,True,5,3035.5,1962.3,637.7,0.3535,0.0
City-A,T2,10x,2600.0,S6_Q10,routine,M_routine,800,True,5,2987.0,2997.4,0.0,0.0,1.0
City-A,T2,10x,2600.0,S6_Q10,cross_regime,M_stress,800,True,5,2987.0,1962.3,637.7,0.3431,0.0
City-A,T3,1x,200.0,S0a_RoutineOracle,routine,M_routine,800,True,1,599.9,599.9,0.0,0.0,1.0
City-A,T3,1x,200.0,S0a_RoutineOracle,cross_regime,M_stress,800,True,1,599.9,392.3,0.0,0.346,1.0
City-A,T3,1x,200.0,S0b_StressOracle,routine,M_routine,800,True,1,392.3,599.9,0.0,0.0,1.0
City-A,T3,1x,200.0,S0b_StressOracle,cross_regime,M_stress,800,True,1,392.3,392.3,0.0,0.0,1.0
City-A,T3,1x,200.0,S1_CapRR,routine,M_routine,800,True,1,596.8,599.9,0.0,0.0,1.0
City-A,T3,1x,200.0,S1_CapRR,cross_regime,M_stress,800,True,1,596.8,392.3,0.0,0.3426,1.0
City-A,T3,1x,200.0,S2_Platform,routine,M_routine,800,True,1,470.7,599.9,0.0,0.0,1.0
City-A,T3,1x,200.0,S2_Platform,cross_regime,M_stress,800,True,1,470.7,392.3,0.0,0.1664,1.0
City-A,T3,1x,200.0,S3_Lin4,routine,M_routine,800,True,1,724.7,599.9,0.0,0.1722,1.0
City-A,T3,1x,200.0,S3_Lin4,cross_regime,M_stress,800,True,1,724.7,392.3,0.0,0.4586,1.0
City-A,T3,1x,200.0,S4_GlobalCalib,routine,M_routine,800,True,1,592.4,599.9,0.0,0.0,1.0
City-A,T3,1x,200.0,S4_GlobalCalib,cross_regime,M_stress,800,True,1,592.4,392.3,0.0,0.3377,1.0
City-A,T3,1x,200.0,S5_CityCalib,routine,M_routine,800,True,1,593.7,599.9,0.0,0.0,1.0
City-A,T3,1x,200.0,S5_CityCalib,cross_regime,M_stress,800,True,1,593.7,392.3,0.0,0.3392,1.0
City-A,T3,1x,200.0,S6_Q10,routine,M_routine,800,True,1,586.0,599.9,0.0,0.0,1.0
City-A,T3,1x,200.0,S6_Q10,cross_regime,M_stress,800,True,1,586.0,392.3,0.0,0.3304,1.0
City-A,T3,2x,400.0,S0a_RoutineOracle,routine,M_routine,800,True,1,599.9,599.9,0.0,0.0,1.0
City-A,T3,2x,400.0,S0a_RoutineOracle,cross_regime,M_stress,800,True,1,599.9,392.3,7.7,0.346,0.0
City-A,T3,2x,400.0,S0b_StressOracle,routine,M_routine,800,True,2,748.1,1138.1,0.0,0.0,1.0
City-A,T3,2x,400.0,S0b_StressOracle,cross_regime,M_stress,800,True,2,748.1,748.1,0.0,0.0,1.0
City-A,T3,2x,400.0,S1_CapRR,routine,M_routine,800,True,1,596.8,599.9,0.0,0.0,1.0
City-A,T3,2x,400.0,S1_CapRR,cross_regime,M_stress,800,True,1,596.8,392.3,7.7,0.3426,0.0
City-A,T3,2x,400.0,S2_Platform,routine,M_routine,800,True,1,470.7,599.9,0.0,0.0,1.0
City-A,T3,2x,400.0,S2_Platform,cross_regime,M_stress,800,True,1,470.7,392.3,7.7,0.1664,0.0
City-A,T3,2x,400.0,S3_Lin4,routine,M_routine,800,True,1,724.7,599.9,0.0,0.1722,1.0
City-A,T3,2x,400.0,S3_Lin4,cross_regime,M_stress,800,True,1,724.7,392.3,7.7,0.4586,0.0
City-A,T3,2x,400.0,S4_GlobalCalib,routine,M_routine,800,True,1,592.4,599.9,0.0,0.0,1.0
City-A,T3,2x,400.0,S4_GlobalCalib,cross_regime,M_stress,800,True,1,592.4,392.3,7.7,0.3377,0.0
City-A,T3,2x,400.0,S5_CityCalib,routine,M_routine,800,True,1,593.7,599.9,0.0,0.0,1.0
City-A,T3,2x,400.0,S5_CityCalib,cross_regime,M_stress,800,True,1,593.7,392.3,7.7,0.3392,0.0
City-A,T3,2x,400.0,S6_Q10,routine,M_routine,800,True,1,586.0,599.9,0.0,0.0,1.0
City-A,T3,2x,400.0,S6_Q10,cross_regime,M_stress,800,True,1,586.0,392.3,7.7,0.3304,0.0
City-A,T3,5x,1000.0,S0a_RoutineOracle,routine,M_routine,800,True,2,1138.1,1138.1,0.0,0.0,1.0
City-A,T3,5x,1000.0,S0a_RoutineOracle,cross_regime,M_stress,800,True,2,1138.1,748.1,251.9,0.3427,0.0
City-A,T3,5x,1000.0,S0b_StressOracle,routine,M_routine,800,True,3,1092.7,1663.8,0.0,0.0,1.0
City-A,T3,5x,1000.0,S0b_StressOracle,cross_regime,M_stress,800,True,3,1092.7,1092.7,0.0,0.0,1.0
City-A,T3,5x,1000.0,S1_CapRR,routine,M_routine,800,True,2,1138.1,1138.1,0.0,0.0,1.0
City-A,T3,5x,1000.0,S1_CapRR,cross_regime,M_stress,800,True,2,1138.1,748.1,251.9,0.3427,0.0
City-A,T3,5x,1000.0,S2_Platform,routine,M_routine,800,True,3,1264.8,1625.7,0.0,0.0,1.0
City-A,T3,5x,1000.0,S2_Platform,cross_regime,M_stress,800,True,3,1264.8,1064.0,0.0,0.1588,1.0
City-A,T3,5x,1000.0,S3_Lin4,routine,M_routine,800,True,2,1285.2,1125.5,0.0,0.1242,1.0
City-A,T3,5x,1000.0,S3_Lin4,cross_regime,M_stress,800,True,2,1285.2,736.9,263.1,0.4266,0.0
City-A,T3,5x,1000.0,S4_GlobalCalib,routine,M_routine,800,True,2,1129.8,1138.1,0.0,0.0,1.0
City-A,T3,5x,1000.0,S4_GlobalCalib,cross_regime,M_stress,800,True,2,1129.8,748.1,251.9,0.3379,0.0
City-A,T3,5x,1000.0,S5_CityCalib,routine,M_routine,800,True,2,1132.3,1138.1,0.0,0.0,1.0
City-A,T3,5x,1000.0,S5_CityCalib,cross_regime,M_stress,800,True,2,1132.3,748.1,251.9,0.3393,0.0
City-A,T3,5x,1000.0,S6_Q10,routine,M_routine,800,True,2,1117.5,1138.1,0.0,0.0,1.0
City-A,T3,5x,1000.0,S6_Q10,cross_regime,M_stress,800,True,2,1117.5,748.1,251.9,0.3305,0.0
City-A,T3,10x,2000.0,S0a_RoutineOracle,routine,M_routine,800,True,4,2178.9,2178.9,0.0,0.0,1.0
City-A,T3,10x,2000.0,S0a_RoutineOracle,cross_regime,M_stress,800,True,4,2178.9,1429.8,570.2,0.3438,0.0
City-A,T3,10x,2000.0,S0b_StressOracle,routine,M_routine,800,True,6,2062.3,3146.6,0.0,0.0,1.0
City-A,T3,10x,2000.0,S0b_StressOracle,cross_regime,M_stress,800,True,6,2062.3,2062.3,0.0,0.0,1.0
City-A,T3,10x,2000.0,S1_CapRR,routine,M_routine,800,True,4,2175.3,2178.9,0.0,0.0,1.0
City-A,T3,10x,2000.0,S1_CapRR,cross_regime,M_stress,800,True,4,2175.3,1429.8,570.2,0.3427,0.0
City-A,T3,10x,2000.0,S2_Platform,routine,M_routine,800,True,6,2357.9,3105.2,0.0,0.0,1.0
City-A,T3,10x,2000.0,S2_Platform,cross_regime,M_stress,800,True,6,2357.9,2034.5,0.0,0.1371,1.0
City-A,T3,10x,2000.0,S3_Lin4,routine,M_routine,800,True,4,2358.2,2131.3,0.0,0.0962,1.0
City-A,T3,10x,2000.0,S3_Lin4,cross_regime,M_stress,800,True,4,2358.2,1398.2,601.8,0.4071,0.0
City-A,T3,10x,2000.0,S4_GlobalCalib,routine,M_routine,800,True,4,2159.6,2178.9,0.0,0.0,1.0
City-A,T3,10x,2000.0,S4_GlobalCalib,cross_regime,M_stress,800,True,4,2159.6,1429.8,570.2,0.3379,0.0
City-A,T3,10x,2000.0,S5_CityCalib,routine,M_routine,800,True,4,2164.3,2178.9,0.0,0.0,1.0
City-A,T3,10x,2000.0,S5_CityCalib,cross_regime,M_stress,800,True,4,2164.3,1429.8,570.2,0.3394,0.0
City-A,T3,10x,2000.0,S6_Q10,routine,M_routine,800,True,4,2135.9,2178.9,0.0,0.0,1.0
City-A,T3,10x,2000.0,S6_Q10,cross_regime,M_stress,800,True,4,2135.9,1429.8,570.2,0.3306,0.0
City-A,T4,1x,140.0,S0a_RoutineOracle,routine,M_routine,800,True,1,680.7,680.7,0.0,0.0,1.0
City-A,T4,1x,140.0,S0a_RoutineOracle,cross_regime,M_stress,800,True,1,680.7,444.2,0.0,0.3474,1.0
City-A,T4,1x,140.0,S0b_StressOracle,routine,M_routine,800,True,1,444.2,680.7,0.0,0.0,1.0
City-A,T4,1x,140.0,S0b_StressOracle,cross_regime,M_stress,800,True,1,444.2,444.2,0.0,0.0,1.0
City-A,T4,1x,140.0,S1_CapRR,routine,M_routine,800,True,1,678.2,680.7,0.0,0.0,1.0
City-A,T4,1x,140.0,S1_CapRR,cross_regime,M_stress,800,True,1,678.2,444.2,0.0,0.345,1.0
City-A,T4,1x,140.0,S2_Platform,routine,M_routine,800,True,1,299.2,553.2,0.0,0.0,1.0
City-A,T4,1x,140.0,S2_Platform,cross_regime,M_stress,800,True,1,299.2,403.1,0.0,0.0,1.0
City-A,T4,1x,140.0,S3_Lin4,routine,M_routine,800,True,1,729.2,680.7,0.0,0.0665,1.0
City-A,T4,1x,140.0,S3_Lin4,cross_regime,M_stress,800,True,1,729.2,444.2,0.0,0.3908,1.0
City-A,T4,1x,140.0,S4_GlobalCalib,routine,M_routine,800,True,1,673.0,680.7,0.0,0.0,1.0
City-A,T4,1x,140.0,S4_GlobalCalib,cross_regime,M_stress,800,True,1,673.0,444.2,0.0,0.3399,1.0
City-A,T4,1x,140.0,S5_CityCalib,routine,M_routine,800,True,1,674.9,680.7,0.0,0.0,1.0
City-A,T4,1x,140.0,S5_CityCalib,cross_regime,M_stress,800,True,1,674.9,444.2,0.0,0.3418,1.0
City-A,T4,1x,140.0,S6_Q10,routine,M_routine,800,True,1,665.7,680.7,0.0,0.0,1.0
City-A,T4,1x,140.0,S6_Q10,cross_regime,M_stress,800,True,1,665.7,444.2,0.0,0.3327,1.0
City-A,T4,2x,280.0,S0a_RoutineOracle,routine,M_routine,800,True,1,680.7,680.7,0.0,0.0,1.0
City-A,T4,2x,280.0,S0a_RoutineOracle,cross_regime,M_stress,800,True,1,680.7,444.2,0.0,0.3474,1.0
City-A,T4,2x,280.0,S0b_StressOracle,routine,M_routine,800,True,1,444.2,680.7,0.0,0.0,1.0
City-A,T4,2x,280.0,S0b_StressOracle,cross_regime,M_stress,800,True,1,444.2,444.2,0.0,0.0,1.0
City-A,T4,2x,280.0,S1_CapRR,routine,M_routine,800,True,1,678.2,680.7,0.0,0.0,1.0
City-A,T4,2x,280.0,S1_CapRR,cross_regime,M_stress,800,True,1,678.2,444.2,0.0,0.345,1.0
City-A,T4,2x,280.0,S2_Platform,routine,M_routine,800,True,1,299.2,553.2,0.0,0.0,1.0
City-A,T4,2x,280.0,S2_Platform,cross_regime,M_stress,800,True,1,299.2,403.1,0.0,0.0,1.0
City-A,T4,2x,280.0,S3_Lin4,routine,M_routine,800,True,1,729.2,680.7,0.0,0.0665,1.0
City-A,T4,2x,280.0,S3_Lin4,cross_regime,M_stress,800,True,1,729.2,444.2,0.0,0.3908,1.0
City-A,T4,2x,280.0,S4_GlobalCalib,routine,M_routine,800,True,1,673.0,680.7,0.0,0.0,1.0
City-A,T4,2x,280.0,S4_GlobalCalib,cross_regime,M_stress,800,True,1,673.0,444.2,0.0,0.3399,1.0
City-A,T4,2x,280.0,S5_CityCalib,routine,M_routine,800,True,1,674.9,680.7,0.0,0.0,1.0
City-A,T4,2x,280.0,S5_CityCalib,cross_regime,M_stress,800,True,1,674.9,444.2,0.0,0.3418,1.0
City-A,T4,2x,280.0,S6_Q10,routine,M_routine,800,True,1,665.7,680.7,0.0,0.0,1.0
City-A,T4,2x,280.0,S6_Q10,cross_regime,M_stress,800,True,1,665.7,444.2,0.0,0.3327,1.0
City-A,T4,5x,700.0,S0a_RoutineOracle,routine,M_routine,800,True,2,1278.5,1278.5,0.0,0.0,1.0
City-A,T4,5x,700.0,S0a_RoutineOracle,cross_regime,M_stress,800,True,2,1278.5,835.5,0.0,0.3465,1.0
City-A,T4,5x,700.0,S0b_StressOracle,routine,M_routine,800,True,2,847.3,1233.9,0.0,0.0,1.0
City-A,T4,5x,700.0,S0b_StressOracle,cross_regime,M_stress,800,True,2,847.3,847.3,0.0,0.0,1.0
City-A,T4,5x,700.0,S1_CapRR,routine,M_routine,800,True,2,1293.4,1233.9,0.0,0.0459,1.0
City-A,T4,5x,700.0,S1_CapRR,cross_regime,M_stress,800,True,2,1293.4,847.3,0.0,0.3449,1.0
City-A,T4,5x,700.0,S2_Platform,routine,M_routine,800,True,3,870.0,1508.0,0.0,0.0,1.0
City-A,T4,5x,700.0,S2_Platform,cross_regime,M_stress,800,True,3,870.0,1028.6,0.0,0.0,1.0
City-A,T4,5x,700.0,S3_Lin4,routine,M_routine,800,True,1,729.2,680.7,19.3,0.0665,0.0
City-A,T4,5x,700.0,S3_Lin4,cross_regime,M_stress,800,True,1,729.2,444.2,255.8,0.3908,0.0
City-A,T4,5x,700.0,S4_GlobalCalib,routine,M_routine,800,True,2,1283.5,1233.9,0.0,0.0386,1.0
City-A,T4,5x,700.0,S4_GlobalCalib,cross_regime,M_stress,800,True,2,1283.5,847.3,0.0,0.3398,1.0
City-A,T4,5x,700.0,S5_CityCalib,routine,M_routine,800,True,2,1287.2,1233.9,0.0,0.0414,1.0
City-A,T4,5x,700.0,S5_CityCalib,cross_regime,M_stress,800,True,2,1287.2,847.3,0.0,0.3418,1.0
City-A,T4,5x,700.0,S6_Q10,routine,M_routine,800,True,2,1269.6,1233.9,0.0,0.0281,1.0
City-A,T4,5x,700.0,S6_Q10,cross_regime,M_stress,800,True,2,1269.6,847.3,0.0,0.3327,1.0
City-A,T4,10x,1400.0,S0a_RoutineOracle,routine,M_routine,800,True,3,1862.4,1862.4,0.0,0.0,1.0
City-A,T4,10x,1400.0,S0a_RoutineOracle,cross_regime,M_stress,800,True,3,1862.4,1218.0,182.0,0.346,0.0
City-A,T4,10x,1400.0,S0b_StressOracle,routine,M_routine,800,True,4,1621.1,2415.6,0.0,0.0,1.0
City-A,T4,10x,1400.0,S0b_StressOracle,cross_regime,M_stress,800,True,4,1621.1,1621.1,0.0,0.0,1.0
City-A,T4,10x,1400.0,S1_CapRR,routine,M_routine,800,True,3,1889.7,1831.7,0.0,0.0307,1.0
City-A,T4,10x,1400.0,S1_CapRR,cross_regime,M_stress,800,True,3,1889.7,1238.6,161.4,0.3446,0.0
City-A,T4,10x,1400.0,S2_Platform,routine,M_routine,800,True,5,1424.2,2365.3,0.0,0.0,1.0
City-A,T4,10x,1400.0,S2_Platform,cross_regime,M_stress,800,True,5,1424.2,1591.4,0.0,0.0,1.0
City-A,T4,10x,1400.0,S3_Lin4,routine,M_routine,800,True,3,1869.1,1809.5,0.0,0.0319,1.0
City-A,T4,10x,1400.0,S3_Lin4,cross_regime,M_stress,800,True,3,1869.1,1181.7,218.3,0.3678,0.0
City-A,T4,10x,1400.0,S4_GlobalCalib,routine,M_routine,800,True,3,1875.2,1831.7,0.0,0.0232,1.0
City-A,T4,10x,1400.0,S4_GlobalCalib,cross_regime,M_stress,800,True,3,1875.2,1238.6,161.4,0.3395,0.0
City-A,T4,10x,1400.0,S5_CityCalib,routine,M_routine,800,True,3,1880.7,1831.7,0.0,0.026,1.0
City-A,T4,10x,1400.0,S5_CityCalib,cross_regime,M_stress,800,True,3,1880.7,1238.6,161.4,0.3414,0.0
City-A,T4,10x,1400.0,S6_Q10,routine,M_routine,800,True,3,1855.0,1831.7,0.0,0.0125,1.0
City-A,T4,10x,1400.0,S6_Q10,cross_regime,M_stress,800,True,3,1855.0,1238.6,161.4,0.3323,0.0
City-A,T5,1x,160.0,S0a_RoutineOracle,routine,M_routine,800,True,1,595.2,595.2,0.0,0.0,1.0
City-A,T5,1x,160.0,S0a_RoutineOracle,cross_regime,M_stress,800,True,1,595.2,390.6,0.0,0.3438,1.0
City-A,T5,1x,160.0,S0b_StressOracle,routine,M_routine,800,True,1,390.6,595.2,0.0,0.0,1.0
City-A,T5,1x,160.0,S0b_StressOracle,cross_regime,M_stress,800,True,1,390.6,390.6,0.0,0.0,1.0
City-A,T5,1x,160.0,S1_CapRR,routine,M_routine,800,True,1,596.8,595.2,0.0,0.0027,1.0
City-A,T5,1x,160.0,S1_CapRR,cross_regime,M_stress,800,True,1,596.8,390.6,0.0,0.3455,1.0
City-A,T5,1x,160.0,S2_Platform,routine,M_routine,800,True,1,485.5,595.2,0.0,0.0,1.0
City-A,T5,1x,160.0,S2_Platform,cross_regime,M_stress,800,True,1,485.5,390.6,0.0,0.1955,1.0
City-A,T5,1x,160.0,S3_Lin4,routine,M_routine,800,True,1,724.6,595.2,0.0,0.1786,1.0
City-A,T5,1x,160.0,S3_Lin4,cross_regime,M_stress,800,True,1,724.6,390.6,0.0,0.461,1.0
City-A,T5,1x,160.0,S4_GlobalCalib,routine,M_routine,800,True,1,592.3,595.2,0.0,0.0,1.0
City-A,T5,1x,160.0,S4_GlobalCalib,cross_regime,M_stress,800,True,1,592.3,390.6,0.0,0.3406,1.0
City-A,T5,1x,160.0,S5_CityCalib,routine,M_routine,800,True,1,593.6,595.2,0.0,0.0,1.0
City-A,T5,1x,160.0,S5_CityCalib,cross_regime,M_stress,800,True,1,593.6,390.6,0.0,0.3421,1.0
City-A,T5,1x,160.0,S6_Q10,routine,M_routine,800,True,1,585.9,595.2,0.0,0.0,1.0
City-A,T5,1x,160.0,S6_Q10,cross_regime,M_stress,800,True,1,585.9,390.6,0.0,0.3334,1.0
City-A,T5,2x,320.0,S0a_RoutineOracle,routine,M_routine,800,True,1,595.2,595.2,0.0,0.0,1.0
City-A,T5,2x,320.0,S0a_RoutineOracle,cross_regime,M_stress,800,True,1,595.2,390.6,0.0,0.3438,1.0
City-A,T5,2x,320.0,S0b_StressOracle,routine,M_routine,800,True,1,390.6,595.2,0.0,0.0,1.0
City-A,T5,2x,320.0,S0b_StressOracle,cross_regime,M_stress,800,True,1,390.6,390.6,0.0,0.0,1.0
City-A,T5,2x,320.0,S1_CapRR,routine,M_routine,800,True,1,596.8,595.2,0.0,0.0027,1.0
City-A,T5,2x,320.0,S1_CapRR,cross_regime,M_stress,800,True,1,596.8,390.6,0.0,0.3455,1.0
City-A,T5,2x,320.0,S2_Platform,routine,M_routine,800,True,1,485.5,595.2,0.0,0.0,1.0
City-A,T5,2x,320.0,S2_Platform,cross_regime,M_stress,800,True,1,485.5,390.6,0.0,0.1955,1.0
City-A,T5,2x,320.0,S3_Lin4,routine,M_routine,800,True,1,724.6,595.2,0.0,0.1786,1.0
City-A,T5,2x,320.0,S3_Lin4,cross_regime,M_stress,800,True,1,724.6,390.6,0.0,0.461,1.0
City-A,T5,2x,320.0,S4_GlobalCalib,routine,M_routine,800,True,1,592.3,595.2,0.0,0.0,1.0
City-A,T5,2x,320.0,S4_GlobalCalib,cross_regime,M_stress,800,True,1,592.3,390.6,0.0,0.3406,1.0
City-A,T5,2x,320.0,S5_CityCalib,routine,M_routine,800,True,1,593.6,595.2,0.0,0.0,1.0
City-A,T5,2x,320.0,S5_CityCalib,cross_regime,M_stress,800,True,1,593.6,390.6,0.0,0.3421,1.0
City-A,T5,2x,320.0,S6_Q10,routine,M_routine,800,True,1,585.9,595.2,0.0,0.0,1.0
City-A,T5,2x,320.0,S6_Q10,cross_regime,M_stress,800,True,1,585.9,390.6,0.0,0.3334,1.0
City-A,T5,5x,800.0,S0a_RoutineOracle,routine,M_routine,800,True,2,1135.7,1135.7,0.0,0.0,1.0
City-A,T5,5x,800.0,S0a_RoutineOracle,cross_regime,M_stress,800,True,2,1135.7,747.2,52.8,0.3421,0.0
City-A,T5,5x,800.0,S0b_StressOracle,routine,M_routine,800,True,3,1092.6,1663.2,0.0,0.0,1.0
City-A,T5,5x,800.0,S0b_StressOracle,cross_regime,M_stress,800,True,3,1092.6,1092.6,0.0,0.0,1.0
City-A,T5,5x,800.0,S1_CapRR,routine,M_routine,800,True,2,1138.1,1135.7,0.0,0.0021,1.0
City-A,T5,5x,800.0,S1_CapRR,cross_regime,M_stress,800,True,2,1138.1,747.2,52.8,0.3435,0.0
City-A,T5,5x,800.0,S2_Platform,routine,M_routine,800,True,2,897.6,1095.3,0.0,0.0,1.0
City-A,T5,5x,800.0,S2_Platform,cross_regime,M_stress,800,True,2,897.6,716.2,83.8,0.2021,0.0
City-A,T5,5x,800.0,S3_Lin4,routine,M_routine,800,True,2,1285.1,1122.6,0.0,0.1264,1.0
City-A,T5,5x,800.0,S3_Lin4,cross_regime,M_stress,800,True,2,1285.1,736.0,64.0,0.4273,0.0
City-A,T5,5x,800.0,S4_GlobalCalib,routine,M_routine,800,True,2,1129.6,1135.7,0.0,0.0,1.0
City-A,T5,5x,800.0,S4_GlobalCalib,cross_regime,M_stress,800,True,2,1129.6,747.2,52.8,0.3386,0.0
City-A,T5,5x,800.0,S5_CityCalib,routine,M_routine,800,True,2,1132.1,1135.7,0.0,0.0,1.0
City-A,T5,5x,800.0,S5_CityCalib,cross_regime,M_stress,800,True,2,1132.1,747.2,52.8,0.34,0.0
City-A,T5,5x,800.0,S6_Q10,routine,M_routine,800,True,2,1117.4,1135.7,0.0,0.0,1.0
City-A,T5,5x,800.0,S6_Q10,cross_regime,M_stress,800,True,2,1117.4,747.2,52.8,0.3313,0.0
City-A,T5,10x,1600.0,S0a_RoutineOracle,routine,M_routine,800,True,3,1663.2,1663.2,0.0,0.0,1.0
City-A,T5,10x,1600.0,S0a_RoutineOracle,cross_regime,M_stress,800,True,3,1663.2,1092.6,507.4,0.3431,0.0
City-A,T5,10x,1600.0,S0b_StressOracle,routine,M_routine,800,True,5,1755.6,2678.4,0.0,0.0,1.0
City-A,T5,10x,1600.0,S0b_StressOracle,cross_regime,M_stress,800,True,5,1755.6,1755.6,0.0,0.0,1.0
City-A,T5,10x,1600.0,S1_CapRR,routine,M_routine,800,True,3,1662.9,1663.2,0.0,0.0,1.0
City-A,T5,10x,1600.0,S1_CapRR,cross_regime,M_stress,800,True,3,1662.9,1092.6,507.4,0.343,0.0
City-A,T5,10x,1600.0,S2_Platform,routine,M_routine,800,True,4,1696.8,2137.9,0.0,0.0,1.0
City-A,T5,10x,1600.0,S2_Platform,cross_regime,M_stress,800,True,4,1696.8,1399.0,201.0,0.1755,0.0
City-A,T5,10x,1600.0,S3_Lin4,routine,M_routine,800,True,3,1840.6,1589.7,10.3,0.1363,0.0
City-A,T5,10x,1600.0,S3_Lin4,cross_regime,M_stress,800,True,3,1840.6,1043.0,557.0,0.4334,0.0
City-A,T5,10x,1600.0,S4_GlobalCalib,routine,M_routine,800,True,3,1650.4,1663.2,0.0,0.0,1.0
City-A,T5,10x,1600.0,S4_GlobalCalib,cross_regime,M_stress,800,True,3,1650.4,1092.6,507.4,0.338,0.0
City-A,T5,10x,1600.0,S5_CityCalib,routine,M_routine,800,True,3,1654.1,1663.2,0.0,0.0,1.0
City-A,T5,10x,1600.0,S5_CityCalib,cross_regime,M_stress,800,True,3,1654.1,1092.6,507.4,0.3395,0.0
City-A,T5,10x,1600.0,S6_Q10,routine,M_routine,800,True,3,1632.6,1663.2,0.0,0.0,1.0
City-A,T5,10x,1600.0,S6_Q10,cross_regime,M_stress,800,True,3,1632.6,1092.6,507.4,0.3308,0.0
City-B,T1,1x,180.0,S0a_RoutineOracle,routine,M_routine,500,True,1,834.6,834.6,0.0,0.0,1.0
City-B,T1,1x,180.0,S0a_RoutineOracle,cross_regime,M_stress,500,True,1,834.6,545.3,0.0,0.3466,1.0
City-B,T1,1x,180.0,S0b_StressOracle,routine,M_routine,500,True,1,545.3,834.6,0.0,0.0,1.0
City-B,T1,1x,180.0,S0b_StressOracle,cross_regime,M_stress,500,True,1,545.3,545.3,0.0,0.0,1.0
City-B,T1,1x,180.0,S1_CapRR,routine,M_routine,500,True,1,846.0,834.6,0.0,0.0135,1.0
City-B,T1,1x,180.0,S1_CapRR,cross_regime,M_stress,500,True,1,846.0,545.3,0.0,0.3554,1.0
City-B,T1,1x,180.0,S2_Platform,routine,M_routine,500,True,1,561.1,788.0,0.0,0.0,1.0
City-B,T1,1x,180.0,S2_Platform,cross_regime,M_stress,500,True,1,561.1,516.4,0.0,0.0798,1.0
City-B,T1,1x,180.0,S3_Lin4,routine,M_routine,500,True,1,694.4,798.3,0.0,0.0,1.0
City-B,T1,1x,180.0,S3_Lin4,cross_regime,M_stress,500,True,1,694.4,526.8,0.0,0.2413,1.0
City-B,T1,1x,180.0,S4_GlobalCalib,routine,M_routine,500,True,1,842.3,834.6,0.0,0.0091,1.0
City-B,T1,1x,180.0,S4_GlobalCalib,cross_regime,M_stress,500,True,1,842.3,545.3,0.0,0.3526,1.0
City-B,T1,1x,180.0,S5_CityCalib,routine,M_routine,500,True,1,841.5,834.6,0.0,0.0082,1.0
City-B,T1,1x,180.0,S5_CityCalib,cross_regime,M_stress,500,True,1,841.5,545.3,0.0,0.352,1.0
City-B,T1,1x,180.0,S6_Q10,routine,M_routine,500,True,1,832.9,834.6,0.0,0.0,1.0
City-B,T1,1x,180.0,S6_Q10,cross_regime,M_stress,500,True,1,832.9,545.3,0.0,0.3453,1.0
City-B,T1,2x,360.0,S0a_RoutineOracle,routine,M_routine,500,True,1,834.6,834.6,0.0,0.0,1.0
City-B,T1,2x,360.0,S0a_RoutineOracle,cross_regime,M_stress,500,True,1,834.6,545.3,0.0,0.3466,1.0
City-B,T1,2x,360.0,S0b_StressOracle,routine,M_routine,500,True,1,545.3,834.6,0.0,0.0,1.0
City-B,T1,2x,360.0,S0b_StressOracle,cross_regime,M_stress,500,True,1,545.3,545.3,0.0,0.0,1.0
City-B,T1,2x,360.0,S1_CapRR,routine,M_routine,500,True,1,846.0,834.6,0.0,0.0135,1.0
City-B,T1,2x,360.0,S1_CapRR,cross_regime,M_stress,500,True,1,846.0,545.3,0.0,0.3554,1.0
City-B,T1,2x,360.0,S2_Platform,routine,M_routine,500,True,1,561.1,788.0,0.0,0.0,1.0
City-B,T1,2x,360.0,S2_Platform,cross_regime,M_stress,500,True,1,561.1,516.4,0.0,0.0798,1.0
City-B,T1,2x,360.0,S3_Lin4,routine,M_routine,500,True,1,694.4,798.3,0.0,0.0,1.0
City-B,T1,2x,360.0,S3_Lin4,cross_regime,M_stress,500,True,1,694.4,526.8,0.0,0.2413,1.0
City-B,T1,2x,360.0,S4_GlobalCalib,routine,M_routine,500,True,1,842.3,834.6,0.0,0.0091,1.0
City-B,T1,2x,360.0,S4_GlobalCalib,cross_regime,M_stress,500,True,1,842.3,545.3,0.0,0.3526,1.0
City-B,T1,2x,360.0,S5_CityCalib,routine,M_routine,500,True,1,841.5,834.6,0.0,0.0082,1.0
City-B,T1,2x,360.0,S5_CityCalib,cross_regime,M_stress,500,True,1,841.5,545.3,0.0,0.352,1.0
City-B,T1,2x,360.0,S6_Q10,routine,M_routine,500,True,1,832.9,834.6,0.0,0.0,1.0
City-B,T1,2x,360.0,S6_Q10,cross_regime,M_stress,500,True,1,832.9,545.3,0.0,0.3453,1.0
City-B,T1,5x,900.0,S0a_RoutineOracle,routine,M_routine,500,True,2,1660.5,1660.5,0.0,0.0,1.0
City-B,T1,5x,900.0,S0a_RoutineOracle,cross_regime,M_stress,500,True,2,1660.5,1089.1,0.0,0.3441,1.0
City-B,T1,5x,900.0,S0b_StressOracle,routine,M_routine,500,True,2,1089.1,1660.5,0.0,0.0,1.0
City-B,T1,5x,900.0,S0b_StressOracle,cross_regime,M_stress,500,True,2,1089.1,1089.1,0.0,0.0,1.0
City-B,T1,5x,900.0,S1_CapRR,routine,M_routine,500,True,2,1688.0,1660.5,0.0,0.0163,1.0
City-B,T1,5x,900.0,S1_CapRR,cross_regime,M_stress,500,True,2,1688.0,1089.1,0.0,0.3548,1.0
City-B,T1,5x,900.0,S2_Platform,routine,M_routine,500,True,2,1112.3,1586.3,0.0,0.0,1.0
City-B,T1,5x,900.0,S2_Platform,cross_regime,M_stress,500,True,2,1112.3,1043.2,0.0,0.0622,1.0
City-B,T1,5x,900.0,S3_Lin4,routine,M_routine,500,True,2,1379.4,1586.3,0.0,0.0,1.0
City-B,T1,5x,900.0,S3_Lin4,cross_regime,M_stress,500,True,2,1379.4,1043.2,0.0,0.2437,1.0
City-B,T1,5x,900.0,S4_GlobalCalib,routine,M_routine,500,True,2,1680.5,1660.5,0.0,0.0119,1.0
City-B,T1,5x,900.0,S4_GlobalCalib,cross_regime,M_stress,500,True,2,1680.5,1089.1,0.0,0.3519,1.0
City-B,T1,5x,900.0,S5_CityCalib,routine,M_routine,500,True,2,1679.0,1660.5,0.0,0.011,1.0
City-B,T1,5x,900.0,S5_CityCalib,cross_regime,M_stress,500,True,2,1679.0,1089.1,0.0,0.3513,1.0
City-B,T1,5x,900.0,S6_Q10,routine,M_routine,500,True,2,1661.7,1660.5,0.0,0.0008,1.0
City-B,T1,5x,900.0,S6_Q10,cross_regime,M_stress,500,True,2,1661.7,1089.1,0.0,0.3446,1.0
City-B,T1,10x,1800.0,S0a_RoutineOracle,routine,M_routine,500,True,3,2458.8,2458.8,0.0,0.0,1.0
City-B,T1,10x,1800.0,S0a_RoutineOracle,cross_regime,M_stress,500,True,3,2458.8,1615.9,184.1,0.3428,0.0
City-B,T1,10x,1800.0,S0b_StressOracle,routine,M_routine,500,True,4,2132.2,3246.8,0.0,0.0,1.0
City-B,T1,10x,1800.0,S0b_StressOracle,cross_regime,M_stress,500,True,4,2132.2,2132.2,0.0,0.0,1.0
City-B,T1,10x,1800.0,S1_CapRR,routine,M_routine,500,True,3,2504.5,2458.8,0.0,0.0183,1.0
City-B,T1,10x,1800.0,S1_CapRR,cross_regime,M_stress,500,True,3,2504.5,1615.9,184.1,0.3548,0.0
City-B,T1,10x,1800.0,S2_Platform,routine,M_routine,500,True,4,2163.2,3246.8,0.0,0.0,1.0
City-B,T1,10x,1800.0,S2_Platform,cross_regime,M_stress,500,True,4,2163.2,2132.2,0.0,0.0143,1.0
City-B,T1,10x,1800.0,S3_Lin4,routine,M_routine,500,True,3,2059.1,2420.9,0.0,0.0,1.0
City-B,T1,10x,1800.0,S3_Lin4,cross_regime,M_stress,500,True,3,2059.1,1588.5,211.5,0.2286,0.0
City-B,T1,10x,1800.0,S4_GlobalCalib,routine,M_routine,500,True,3,2493.4,2458.8,0.0,0.0139,1.0
City-B,T1,10x,1800.0,S4_GlobalCalib,cross_regime,M_stress,500,True,3,2493.4,1615.9,184.1,0.3519,0.0
City-B,T1,10x,1800.0,S5_CityCalib,routine,M_routine,500,True,3,2491.1,2458.8,0.0,0.013,1.0
City-B,T1,10x,1800.0,S5_CityCalib,cross_regime,M_stress,500,True,3,2491.1,1615.9,184.1,0.3514,0.0
City-B,T1,10x,1800.0,S6_Q10,routine,M_routine,500,True,3,2465.6,2458.8,0.0,0.0028,1.0
City-B,T1,10x,1800.0,S6_Q10,cross_regime,M_stress,500,True,3,2465.6,1615.9,184.1,0.3446,0.0
City-B,T2,1x,260.0,S0a_RoutineOracle,routine,M_routine,500,True,1,830.4,830.4,0.0,0.0,1.0
City-B,T2,1x,260.0,S0a_RoutineOracle,cross_regime,M_stress,500,True,1,830.4,543.7,0.0,0.3452,1.0
City-B,T2,1x,260.0,S0b_StressOracle,routine,M_routine,500,True,1,546.0,822.4,0.0,0.0,1.0
City-B,T2,1x,260.0,S0b_StressOracle,cross_regime,M_stress,500,True,1,546.0,546.0,0.0,0.0,1.0
City-B,T2,1x,260.0,S1_CapRR,routine,M_routine,500,True,1,846.0,822.4,0.0,0.0279,1.0
City-B,T2,1x,260.0,S1_CapRR,cross_regime,M_stress,500,True,1,846.0,546.0,0.0,0.3546,1.0
City-B,T2,1x,260.0,S2_Platform,routine,M_routine,500,True,1,557.0,788.0,0.0,0.0,1.0
City-B,T2,1x,260.0,S2_Platform,cross_regime,M_stress,500,True,1,557.0,515.2,0.0,0.0751,1.0
City-B,T2,1x,260.0,S3_Lin4,routine,M_routine,500,True,1,694.6,805.9,0.0,0.0,1.0
City-B,T2,1x,260.0,S3_Lin4,cross_regime,M_stress,500,True,1,694.6,526.7,0.0,0.2417,1.0
City-B,T2,1x,260.0,S4_GlobalCalib,routine,M_routine,500,True,1,842.1,822.4,0.0,0.0234,1.0
City-B,T2,1x,260.0,S4_GlobalCalib,cross_regime,M_stress,500,True,1,842.1,546.0,0.0,0.3516,1.0
City-B,T2,1x,260.0,S5_CityCalib,routine,M_routine,500,True,1,841.6,822.4,0.0,0.0228,1.0
City-B,T2,1x,260.0,S5_CityCalib,cross_regime,M_stress,500,True,1,841.6,546.0,0.0,0.3512,1.0
City-B,T2,1x,260.0,S6_Q10,routine,M_routine,500,True,1,832.0,822.4,0.0,0.0115,1.0
City-B,T2,1x,260.0,S6_Q10,cross_regime,M_stress,500,True,1,832.0,546.0,0.0,0.3437,1.0
City-B,T2,2x,520.0,S0a_RoutineOracle,routine,M_routine,500,True,1,830.4,830.4,0.0,0.0,1.0
City-B,T2,2x,520.0,S0a_RoutineOracle,cross_regime,M_stress,500,True,1,830.4,543.7,0.0,0.3452,1.0
City-B,T2,2x,520.0,S0b_StressOracle,routine,M_routine,500,True,1,546.0,822.4,0.0,0.0,1.0
City-B,T2,2x,520.0,S0b_StressOracle,cross_regime,M_stress,500,True,1,546.0,546.0,0.0,0.0,1.0
City-B,T2,2x,520.0,S1_CapRR,routine,M_routine,500,True,1,846.0,822.4,0.0,0.0279,1.0
City-B,T2,2x,520.0,S1_CapRR,cross_regime,M_stress,500,True,1,846.0,546.0,0.0,0.3546,1.0
City-B,T2,2x,520.0,S2_Platform,routine,M_routine,500,True,1,557.0,788.0,0.0,0.0,1.0
City-B,T2,2x,520.0,S2_Platform,cross_regime,M_stress,500,True,1,557.0,515.2,4.8,0.0751,0.0
City-B,T2,2x,520.0,S3_Lin4,routine,M_routine,500,True,1,694.6,805.9,0.0,0.0,1.0
City-B,T2,2x,520.0,S3_Lin4,cross_regime,M_stress,500,True,1,694.6,526.7,0.0,0.2417,1.0
City-B,T2,2x,520.0,S4_GlobalCalib,routine,M_routine,500,True,1,842.1,822.4,0.0,0.0234,1.0
City-B,T2,2x,520.0,S4_GlobalCalib,cross_regime,M_stress,500,True,1,842.1,546.0,0.0,0.3516,1.0
City-B,T2,2x,520.0,S5_CityCalib,routine,M_routine,500,True,1,841.6,822.4,0.0,0.0228,1.0
City-B,T2,2x,520.0,S5_CityCalib,cross_regime,M_stress,500,True,1,841.6,546.0,0.0,0.3512,1.0
City-B,T2,2x,520.0,S6_Q10,routine,M_routine,500,True,1,832.0,822.4,0.0,0.0115,1.0
City-B,T2,2x,520.0,S6_Q10,cross_regime,M_stress,500,True,1,832.0,546.0,0.0,0.3437,1.0
City-B,T2,5x,1300.0,S0a_RoutineOracle,routine,M_routine,500,True,2,1652.8,1652.8,0.0,0.0,1.0
City-B,T2,5x,1300.0,S0a_RoutineOracle,cross_regime,M_stress,500,True,2,1652.8,1089.7,210.3,0.3407,0.0
City-B,T2,5x,1300.0,S0b_StressOracle,routine,M_routine,500,True,3,1616.4,2458.7,0.0,0.0,1.0
City-B,T2,5x,1300.0,S0b_StressOracle,cross_regime,M_stress,500,True,3,1616.4,1616.4,0.0,0.0,1.0
City-B,T2,5x,1300.0,S1_CapRR,routine,M_routine,500,True,2,1688.0,1652.8,0.0,0.0208,1.0
City-B,T2,5x,1300.0,S1_CapRR,cross_regime,M_stress,500,True,2,1688.0,1089.7,210.3,0.3544,0.0
City-B,T2,5x,1300.0,S2_Platform,routine,M_routine,500,True,3,1630.3,2424.3,0.0,0.0,1.0
City-B,T2,5x,1300.0,S2_Platform,cross_regime,M_stress,500,True,3,1630.3,1585.6,0.0,0.0274,1.0
City-B,T2,5x,1300.0,S3_Lin4,routine,M_routine,500,True,2,1379.8,1593.9,0.0,0.0,1.0
City-B,T2,5x,1300.0,S3_Lin4,cross_regime,M_stress,500,True,2,1379.8,1041.9,258.1,0.2449,0.0
City-B,T2,5x,1300.0,S4_GlobalCalib,routine,M_routine,500,True,2,1680.1,1652.8,0.0,0.0163,1.0
City-B,T2,5x,1300.0,S4_GlobalCalib,cross_regime,M_stress,500,True,2,1680.1,1089.7,210.3,0.3514,0.0
City-B,T2,5x,1300.0,S5_CityCalib,routine,M_routine,500,True,2,1679.2,1652.8,0.0,0.0157,1.0
City-B,T2,5x,1300.0,S5_CityCalib,cross_regime,M_stress,500,True,2,1679.2,1089.7,210.3,0.351,0.0
City-B,T2,5x,1300.0,S6_Q10,routine,M_routine,500,True,2,1660.0,1652.8,0.0,0.0043,1.0
City-B,T2,5x,1300.0,S6_Q10,cross_regime,M_stress,500,True,2,1660.0,1089.7,210.3,0.3435,0.0
City-B,T2,10x,2600.0,S0a_RoutineOracle,routine,M_routine,500,True,4,3246.7,3246.7,0.0,0.0,1.0
City-B,T2,10x,2600.0,S0a_RoutineOracle,cross_regime,M_stress,500,True,4,3246.7,2131.6,468.4,0.3435,0.0
City-B,T2,10x,2600.0,S0b_StressOracle,routine,M_routine,500,True,6,2998.5,4572.3,0.0,0.0,1.0
City-B,T2,10x,2600.0,S0b_StressOracle,cross_regime,M_stress,500,True,6,2998.5,2998.5,0.0,0.0,1.0
City-B,T2,10x,2600.0,S1_CapRR,routine,M_routine,500,True,4,3303.2,3246.7,0.0,0.0171,1.0
City-B,T2,10x,2600.0,S1_CapRR,cross_regime,M_stress,500,True,4,3303.2,2131.6,468.4,0.3547,0.0
City-B,T2,10x,2600.0,S2_Platform,routine,M_routine,500,True,6,2974.4,4545.7,0.0,0.0,1.0
City-B,T2,10x,2600.0,S2_Platform,cross_regime,M_stress,500,True,6,2974.4,2982.9,0.0,0.0,1.0
City-B,T2,10x,2600.0,S3_Lin4,routine,M_routine,500,True,4,2736.7,3246.7,0.0,0.0,1.0
City-B,T2,10x,2600.0,S3_Lin4,cross_regime,M_stress,500,True,4,2736.7,2131.6,468.4,0.2211,0.0
City-B,T2,10x,2600.0,S4_GlobalCalib,routine,M_routine,500,True,4,3288.0,3246.7,0.0,0.0125,1.0
City-B,T2,10x,2600.0,S4_GlobalCalib,cross_regime,M_stress,500,True,4,3288.0,2131.6,468.4,0.3517,0.0
City-B,T2,10x,2600.0,S5_CityCalib,routine,M_routine,500,True,4,3286.0,3246.7,0.0,0.012,1.0
City-B,T2,10x,2600.0,S5_CityCalib,cross_regime,M_stress,500,True,4,3286.0,2131.6,468.4,0.3513,0.0
City-B,T2,10x,2600.0,S6_Q10,routine,M_routine,500,True,4,3248.6,3246.7,0.0,0.0006,1.0
City-B,T2,10x,2600.0,S6_Q10,cross_regime,M_stress,500,True,4,3248.6,2131.6,468.4,0.3438,0.0
City-B,T3,1x,200.0,S0a_RoutineOracle,routine,M_routine,500,True,1,746.3,746.3,0.0,0.0,1.0
City-B,T3,1x,200.0,S0a_RoutineOracle,cross_regime,M_stress,500,True,1,746.3,489.7,0.0,0.3439,1.0
City-B,T3,1x,200.0,S0b_StressOracle,routine,M_routine,500,True,1,489.7,746.3,0.0,0.0,1.0
City-B,T3,1x,200.0,S0b_StressOracle,cross_regime,M_stress,500,True,1,489.7,489.7,0.0,0.0,1.0
City-B,T3,1x,200.0,S1_CapRR,routine,M_routine,500,True,1,744.5,746.3,0.0,0.0,1.0
City-B,T3,1x,200.0,S1_CapRR,cross_regime,M_stress,500,True,1,744.5,489.7,0.0,0.3423,1.0
City-B,T3,1x,200.0,S2_Platform,routine,M_routine,500,True,1,543.2,737.0,0.0,0.0,1.0
City-B,T3,1x,200.0,S2_Platform,cross_regime,M_stress,500,True,1,543.2,486.4,0.0,0.1044,1.0
City-B,T3,1x,200.0,S3_Lin4,routine,M_routine,500,True,1,680.3,704.9,0.0,0.0,1.0
City-B,T3,1x,200.0,S3_Lin4,cross_regime,M_stress,500,True,1,680.3,472.1,0.0,0.3061,1.0
City-B,T3,1x,200.0,S4_GlobalCalib,routine,M_routine,500,True,1,738.9,746.3,0.0,0.0,1.0
City-B,T3,1x,200.0,S4_GlobalCalib,cross_regime,M_stress,500,True,1,738.9,489.7,0.0,0.3373,1.0
City-B,T3,1x,200.0,S5_CityCalib,routine,M_routine,500,True,1,737.6,746.3,0.0,0.0,1.0
City-B,T3,1x,200.0,S5_CityCalib,cross_regime,M_stress,500,True,1,737.6,489.7,0.0,0.3361,1.0
City-B,T3,1x,200.0,S6_Q10,routine,M_routine,500,True,1,731.0,746.3,0.0,0.0,1.0
City-B,T3,1x,200.0,S6_Q10,cross_regime,M_stress,500,True,1,731.0,489.7,0.0,0.3301,1.0
City-B,T3,2x,400.0,S0a_RoutineOracle,routine,M_routine,500,True,1,746.3,746.3,0.0,0.0,1.0
City-B,T3,2x,400.0,S0a_RoutineOracle,cross_regime,M_stress,500,True,1,746.3,489.7,0.0,0.3439,1.0
City-B,T3,2x,400.0,S0b_StressOracle,routine,M_routine,500,True,1,489.7,746.3,0.0,0.0,1.0
City-B,T3,2x,400.0,S0b_StressOracle,cross_regime,M_stress,500,True,1,489.7,489.7,0.0,0.0,1.0
City-B,T3,2x,400.0,S1_CapRR,routine,M_routine,500,True,1,744.5,746.3,0.0,0.0,1.0
City-B,T3,2x,400.0,S1_CapRR,cross_regime,M_stress,500,True,1,744.5,489.7,0.0,0.3423,1.0
City-B,T3,2x,400.0,S2_Platform,routine,M_routine,500,True,1,543.2,737.0,0.0,0.0,1.0
City-B,T3,2x,400.0,S2_Platform,cross_regime,M_stress,500,True,1,543.2,486.4,0.0,0.1044,1.0
City-B,T3,2x,400.0,S3_Lin4,routine,M_routine,500,True,1,680.3,704.9,0.0,0.0,1.0
City-B,T3,2x,400.0,S3_Lin4,cross_regime,M_stress,500,True,1,680.3,472.1,0.0,0.3061,1.0
City-B,T3,2x,400.0,S4_GlobalCalib,routine,M_routine,500,True,1,738.9,746.3,0.0,0.0,1.0
City-B,T3,2x,400.0,S4_GlobalCalib,cross_regime,M_stress,500,True,1,738.9,489.7,0.0,0.3373,1.0
City-B,T3,2x,400.0,S5_CityCalib,routine,M_routine,500,True,1,737.6,746.3,0.0,0.0,1.0
City-B,T3,2x,400.0,S5_CityCalib,cross_regime,M_stress,500,True,1,737.6,489.7,0.0,0.3361,1.0
City-B,T3,2x,400.0,S6_Q10,routine,M_routine,500,True,1,731.0,746.3,0.0,0.0,1.0
City-B,T3,2x,400.0,S6_Q10,cross_regime,M_stress,500,True,1,731.0,489.7,0.0,0.3301,1.0
City-B,T3,5x,1000.0,S0a_RoutineOracle,routine,M_routine,500,True,2,1483.4,1483.4,0.0,0.0,1.0
City-B,T3,5x,1000.0,S0a_RoutineOracle,cross_regime,M_stress,500,True,2,1483.4,976.1,23.9,0.342,0.0
City-B,T3,5x,1000.0,S0b_StressOracle,routine,M_routine,500,True,3,1448.2,2188.2,0.0,0.0,1.0
City-B,T3,5x,1000.0,S0b_StressOracle,cross_regime,M_stress,500,True,3,1448.2,1448.2,0.0,0.0,1.0
City-B,T3,5x,1000.0,S1_CapRR,routine,M_routine,500,True,2,1485.4,1483.4,0.0,0.0014,1.0
City-B,T3,5x,1000.0,S1_CapRR,cross_regime,M_stress,500,True,2,1485.4,976.1,23.9,0.3429,0.0
City-B,T3,5x,1000.0,S2_Platform,routine,M_routine,500,True,2,1048.0,1441.9,0.0,0.0,1.0
City-B,T3,5x,1000.0,S2_Platform,cross_regime,M_stress,500,True,2,1048.0,958.5,41.5,0.0854,0.0
City-B,T3,5x,1000.0,S3_Lin4,routine,M_routine,500,True,2,1351.4,1410.9,0.0,0.0,1.0
City-B,T3,5x,1000.0,S3_Lin4,cross_regime,M_stress,500,True,2,1351.4,933.2,66.8,0.3095,0.0
City-B,T3,5x,1000.0,S4_GlobalCalib,routine,M_routine,500,True,2,1474.3,1483.4,0.0,0.0,1.0
City-B,T3,5x,1000.0,S4_GlobalCalib,cross_regime,M_stress,500,True,2,1474.3,976.1,23.9,0.3379,0.0
City-B,T3,5x,1000.0,S5_CityCalib,routine,M_routine,500,True,2,1471.6,1483.4,0.0,0.0,1.0
City-B,T3,5x,1000.0,S5_CityCalib,cross_regime,M_stress,500,True,2,1471.6,976.1,23.9,0.3367,0.0
City-B,T3,5x,1000.0,S6_Q10,routine,M_routine,500,True,2,1458.4,1483.4,0.0,0.0,1.0
City-B,T3,5x,1000.0,S6_Q10,cross_regime,M_stress,500,True,2,1458.4,976.1,23.9,0.3307,0.0
City-B,T3,10x,2000.0,S0a_RoutineOracle,routine,M_routine,500,True,3,2189.4,2189.4,0.0,0.0,1.0
City-B,T3,10x,2000.0,S0a_RoutineOracle,cross_regime,M_stress,500,True,3,2189.4,1437.2,562.8,0.3435,0.0
City-B,T3,10x,2000.0,S0b_StressOracle,routine,M_routine,500,True,5,2312.0,3511.9,0.0,0.0,1.0
City-B,T3,10x,2000.0,S0b_StressOracle,cross_regime,M_stress,500,True,5,2312.0,2312.0,0.0,0.0,1.0
City-B,T3,10x,2000.0,S1_CapRR,routine,M_routine,500,True,3,2203.9,2188.2,0.0,0.0071,1.0
City-B,T3,10x,2000.0,S1_CapRR,cross_regime,M_stress,500,True,3,2203.9,1448.2,551.8,0.3429,0.0
City-B,T3,10x,2000.0,S2_Platform,routine,M_routine,500,True,5,2307.7,3263.6,0.0,0.0,1.0
City-B,T3,10x,2000.0,S2_Platform,cross_regime,M_stress,500,True,5,2307.7,2147.0,0.0,0.0696,1.0
City-B,T3,10x,2000.0,S3_Lin4,routine,M_routine,500,True,3,2012.4,2157.2,0.0,0.0,1.0
City-B,T3,10x,2000.0,S3_Lin4,cross_regime,M_stress,500,True,3,2012.4,1422.8,577.2,0.293,0.0
City-B,T3,10x,2000.0,S4_GlobalCalib,routine,M_routine,500,True,3,2187.5,2188.2,0.0,0.0,1.0
City-B,T3,10x,2000.0,S4_GlobalCalib,cross_regime,M_stress,500,True,3,2187.5,1448.2,551.8,0.338,0.0
City-B,T3,10x,2000.0,S5_CityCalib,routine,M_routine,500,True,3,2183.5,2188.2,0.0,0.0,1.0
City-B,T3,10x,2000.0,S5_CityCalib,cross_regime,M_stress,500,True,3,2183.5,1448.2,551.8,0.3368,0.0
City-B,T3,10x,2000.0,S6_Q10,routine,M_routine,500,True,3,2163.9,2188.2,0.0,0.0,1.0
City-B,T3,10x,2000.0,S6_Q10,cross_regime,M_stress,500,True,3,2163.9,1448.2,551.8,0.3308,0.0
City-B,T4,1x,140.0,S0a_RoutineOracle,routine,M_routine,500,True,1,849.7,849.7,0.0,0.0,1.0
City-B,T4,1x,140.0,S0a_RoutineOracle,cross_regime,M_stress,500,True,1,849.7,554.8,0.0,0.3471,1.0
City-B,T4,1x,140.0,S0b_StressOracle,routine,M_routine,500,True,1,554.8,849.7,0.0,0.0,1.0
City-B,T4,1x,140.0,S0b_StressOracle,cross_regime,M_stress,500,True,1,554.8,554.8,0.0,0.0,1.0
City-B,T4,1x,140.0,S1_CapRR,routine,M_routine,500,True,1,846.0,849.7,0.0,0.0,1.0
City-B,T4,1x,140.0,S1_CapRR,cross_regime,M_stress,500,True,1,846.0,554.8,0.0,0.3442,1.0
City-B,T4,1x,140.0,S2_Platform,routine,M_routine,500,True,1,480.1,849.7,0.0,0.0,1.0
City-B,T4,1x,140.0,S2_Platform,cross_regime,M_stress,500,True,1,480.1,554.8,0.0,0.0,1.0
City-B,T4,1x,140.0,S3_Lin4,routine,M_routine,500,True,1,697.0,820.6,0.0,0.0,1.0
City-B,T4,1x,140.0,S3_Lin4,cross_regime,M_stress,500,True,1,697.0,532.5,0.0,0.236,1.0
City-B,T4,1x,140.0,S4_GlobalCalib,routine,M_routine,500,True,1,839.4,849.7,0.0,0.0,1.0
City-B,T4,1x,140.0,S4_GlobalCalib,cross_regime,M_stress,500,True,1,839.4,554.8,0.0,0.3391,1.0
City-B,T4,1x,140.0,S5_CityCalib,routine,M_routine,500,True,1,837.2,849.7,0.0,0.0,1.0
City-B,T4,1x,140.0,S5_CityCalib,cross_regime,M_stress,500,True,1,837.2,554.8,0.0,0.3373,1.0
City-B,T4,1x,140.0,S6_Q10,routine,M_routine,500,True,1,830.5,849.7,0.0,0.0,1.0
City-B,T4,1x,140.0,S6_Q10,cross_regime,M_stress,500,True,1,830.5,554.8,0.0,0.332,1.0
City-B,T4,2x,280.0,S0a_RoutineOracle,routine,M_routine,500,True,1,849.7,849.7,0.0,0.0,1.0
City-B,T4,2x,280.0,S0a_RoutineOracle,cross_regime,M_stress,500,True,1,849.7,554.8,0.0,0.3471,1.0
City-B,T4,2x,280.0,S0b_StressOracle,routine,M_routine,500,True,1,554.8,849.7,0.0,0.0,1.0
City-B,T4,2x,280.0,S0b_StressOracle,cross_regime,M_stress,500,True,1,554.8,554.8,0.0,0.0,1.0
City-B,T4,2x,280.0,S1_CapRR,routine,M_routine,500,True,1,846.0,849.7,0.0,0.0,1.0
City-B,T4,2x,280.0,S1_CapRR,cross_regime,M_stress,500,True,1,846.0,554.8,0.0,0.3442,1.0
City-B,T4,2x,280.0,S2_Platform,routine,M_routine,500,True,1,480.1,849.7,0.0,0.0,1.0
City-B,T4,2x,280.0,S2_Platform,cross_regime,M_stress,500,True,1,480.1,554.8,0.0,0.0,1.0
City-B,T4,2x,280.0,S3_Lin4,routine,M_routine,500,True,1,697.0,820.6,0.0,0.0,1.0
City-B,T4,2x,280.0,S3_Lin4,cross_regime,M_stress,500,True,1,697.0,532.5,0.0,0.236,1.0
City-B,T4,2x,280.0,S4_GlobalCalib,routine,M_routine,500,True,1,839.4,849.7,0.0,0.0,1.0
City-B,T4,2x,280.0,S4_GlobalCalib,cross_regime,M_stress,500,True,1,839.4,554.8,0.0,0.3391,1.0
City-B,T4,2x,280.0,S5_CityCalib,routine,M_routine,500,True,1,837.2,849.7,0.0,0.0,1.0
City-B,T4,2x,280.0,S5_CityCalib,cross_regime,M_stress,500,True,1,837.2,554.8,0.0,0.3373,1.0
City-B,T4,2x,280.0,S6_Q10,routine,M_routine,500,True,1,830.5,849.7,0.0,0.0,1.0
City-B,T4,2x,280.0,S6_Q10,cross_regime,M_stress,500,True,1,830.5,554.8,0.0,0.332,1.0
City-B,T4,5x,700.0,S0a_RoutineOracle,routine,M_routine,500,True,1,849.7,849.7,0.0,0.0,1.0
City-B,T4,5x,700.0,S0a_RoutineOracle,cross_regime,M_stress,500,True,1,849.7,554.8,145.2,0.3471,0.0
City-B,T4,5x,700.0,S0b_StressOracle,routine,M_routine,500,True,2,1106.1,1695.0,0.0,0.0,1.0
City-B,T4,5x,700.0,S0b_StressOracle,cross_regime,M_stress,500,True,2,1106.1,1106.1,0.0,0.0,1.0
City-B,T4,5x,700.0,S1_CapRR,routine,M_routine,500,True,1,846.0,849.7,0.0,0.0,1.0
City-B,T4,5x,700.0,S1_CapRR,cross_regime,M_stress,500,True,1,846.0,554.8,145.2,0.3442,0.0
City-B,T4,5x,700.0,S2_Platform,routine,M_routine,500,True,2,912.9,1651.8,0.0,0.0,1.0
City-B,T4,5x,700.0,S2_Platform,cross_regime,M_stress,500,True,2,912.9,1078.8,0.0,0.0,1.0
City-B,T4,5x,700.0,S3_Lin4,routine,M_routine,500,True,2,1384.7,1622.7,0.0,0.0,1.0
City-B,T4,5x,700.0,S3_Lin4,cross_regime,M_stress,500,True,2,1384.7,1056.4,0.0,0.2371,1.0
City-B,T4,5x,700.0,S4_GlobalCalib,routine,M_routine,500,True,1,839.4,849.7,0.0,0.0,1.0
City-B,T4,5x,700.0,S4_GlobalCalib,cross_regime,M_stress,500,True,1,839.4,554.8,145.2,0.3391,0.0
City-B,T4,5x,700.0,S5_CityCalib,routine,M_routine,500,True,1,837.2,849.7,0.0,0.0,1.0
City-B,T4,5x,700.0,S5_CityCalib,cross_regime,M_stress,500,True,1,837.2,554.8,145.2,0.3373,0.0
City-B,T4,5x,700.0,S6_Q10,routine,M_routine,500,True,1,830.5,849.7,0.0,0.0,1.0
City-B,T4,5x,700.0,S6_Q10,cross_regime,M_stress,500,True,1,830.5,554.8,145.2,0.332,0.0
City-B,T4,10x,1400.0,S0a_RoutineOracle,routine,M_routine,500,True,2,1695.0,1695.0,0.0,0.0,1.0
City-B,T4,10x,1400.0,S0a_RoutineOracle,cross_regime,M_stress,500,True,2,1695.0,1106.1,293.9,0.3474,0.0
City-B,T4,10x,1400.0,S0b_StressOracle,routine,M_routine,500,True,3,1638.6,2515.5,0.0,0.0,1.0
City-B,T4,10x,1400.0,S0b_StressOracle,cross_regime,M_stress,500,True,3,1638.6,1638.6,0.0,0.0,1.0
City-B,T4,10x,1400.0,S1_CapRR,routine,M_routine,500,True,2,1688.0,1695.0,0.0,0.0,1.0
City-B,T4,10x,1400.0,S1_CapRR,cross_regime,M_stress,500,True,2,1688.0,1106.1,293.9,0.3447,0.0
City-B,T4,10x,1400.0,S2_Platform,routine,M_routine,500,True,4,1693.5,3091.7,0.0,0.0,1.0
City-B,T4,10x,1400.0,S2_Platform,cross_regime,M_stress,500,True,4,1693.5,2015.4,0.0,0.0,1.0
City-B,T4,10x,1400.0,S3_Lin4,routine,M_routine,500,True,3,2067.1,2472.4,0.0,0.0,1.0
City-B,T4,10x,1400.0,S3_Lin4,cross_regime,M_stress,500,True,3,2067.1,1611.2,0.0,0.2205,1.0
City-B,T4,10x,1400.0,S4_GlobalCalib,routine,M_routine,500,True,2,1674.8,1695.0,0.0,0.0,1.0
City-B,T4,10x,1400.0,S4_GlobalCalib,cross_regime,M_stress,500,True,2,1674.8,1106.1,293.9,0.3395,0.0
City-B,T4,10x,1400.0,S5_CityCalib,routine,M_routine,500,True,2,1670.3,1695.0,0.0,0.0,1.0
City-B,T4,10x,1400.0,S5_CityCalib,cross_regime,M_stress,500,True,2,1670.3,1106.1,293.9,0.3378,0.0
City-B,T4,10x,1400.0,S6_Q10,routine,M_routine,500,True,2,1657.0,1695.0,0.0,0.0,1.0
City-B,T4,10x,1400.0,S6_Q10,cross_regime,M_stress,500,True,2,1657.0,1106.1,293.9,0.3325,0.0
City-B,T5,1x,160.0,S0a_RoutineOracle,routine,M_routine,500,True,1,744.3,744.3,0.0,0.0,1.0
City-B,T5,1x,160.0,S0a_RoutineOracle,cross_regime,M_stress,500,True,1,744.3,485.7,0.0,0.3474,1.0
City-B,T5,1x,160.0,S0b_StressOracle,routine,M_routine,500,True,1,489.4,738.0,0.0,0.0,1.0
City-B,T5,1x,160.0,S0b_StressOracle,cross_regime,M_stress,500,True,1,489.4,489.4,0.0,0.0,1.0
City-B,T5,1x,160.0,S1_CapRR,routine,M_routine,500,True,1,744.5,738.0,0.0,0.0087,1.0
City-B,T5,1x,160.0,S1_CapRR,cross_regime,M_stress,500,True,1,744.5,489.4,0.0,0.3426,1.0
City-B,T5,1x,160.0,S2_Platform,routine,M_routine,500,True,1,553.3,744.3,0.0,0.0,1.0
City-B,T5,1x,160.0,S2_Platform,cross_regime,M_stress,500,True,1,553.3,485.7,0.0,0.1222,1.0
City-B,T5,1x,160.0,S3_Lin4,routine,M_routine,500,True,1,680.2,719.3,0.0,0.0,1.0
City-B,T5,1x,160.0,S3_Lin4,cross_regime,M_stress,500,True,1,680.2,472.0,0.0,0.3062,1.0
City-B,T5,1x,160.0,S4_GlobalCalib,routine,M_routine,500,True,1,738.8,738.0,0.0,0.0011,1.0
City-B,T5,1x,160.0,S4_GlobalCalib,cross_regime,M_stress,500,True,1,738.8,489.4,0.0,0.3376,1.0
City-B,T5,1x,160.0,S5_CityCalib,routine,M_routine,500,True,1,737.5,738.0,0.0,0.0,1.0
City-B,T5,1x,160.0,S5_CityCalib,cross_regime,M_stress,500,True,1,737.5,489.4,0.0,0.3364,1.0
City-B,T5,1x,160.0,S6_Q10,routine,M_routine,500,True,1,730.9,738.0,0.0,0.0,1.0
City-B,T5,1x,160.0,S6_Q10,cross_regime,M_stress,500,True,1,730.9,489.4,0.0,0.3305,1.0
City-B,T5,2x,320.0,S0a_RoutineOracle,routine,M_routine,500,True,1,744.3,744.3,0.0,0.0,1.0
City-B,T5,2x,320.0,S0a_RoutineOracle,cross_regime,M_stress,500,True,1,744.3,485.7,0.0,0.3474,1.0
City-B,T5,2x,320.0,S0b_StressOracle,routine,M_routine,500,True,1,489.4,738.0,0.0,0.0,1.0
City-B,T5,2x,320.0,S0b_StressOracle,cross_regime,M_stress,500,True,1,489.4,489.4,0.0,0.0,1.0
City-B,T5,2x,320.0,S1_CapRR,routine,M_routine,500,True,1,744.5,738.0,0.0,0.0087,1.0
City-B,T5,2x,320.0,S1_CapRR,cross_regime,M_stress,500,True,1,744.5,489.4,0.0,0.3426,1.0
City-B,T5,2x,320.0,S2_Platform,routine,M_routine,500,True,1,553.3,744.3,0.0,0.0,1.0
City-B,T5,2x,320.0,S2_Platform,cross_regime,M_stress,500,True,1,553.3,485.7,0.0,0.1222,1.0
City-B,T5,2x,320.0,S3_Lin4,routine,M_routine,500,True,1,680.2,719.3,0.0,0.0,1.0
City-B,T5,2x,320.0,S3_Lin4,cross_regime,M_stress,500,True,1,680.2,472.0,0.0,0.3062,1.0
City-B,T5,2x,320.0,S4_GlobalCalib,routine,M_routine,500,True,1,738.8,738.0,0.0,0.0011,1.0
City-B,T5,2x,320.0,S4_GlobalCalib,cross_regime,M_stress,500,True,1,738.8,489.4,0.0,0.3376,1.0
City-B,T5,2x,320.0,S5_CityCalib,routine,M_routine,500,True,1,737.5,738.0,0.0,0.0,1.0
City-B,T5,2x,320.0,S5_CityCalib,cross_regime,M_stress,500,True,1,737.5,489.4,0.0,0.3364,1.0
City-B,T5,2x,320.0,S6_Q10,routine,M_routine,500,True,1,730.9,738.0,0.0,0.0,1.0
City-B,T5,2x,320.0,S6_Q10,cross_regime,M_stress,500,True,1,730.9,489.4,0.0,0.3305,1.0
City-B,T5,5x,800.0,S0a_RoutineOracle,routine,M_routine,500,True,2,1482.3,1482.3,0.0,0.0,1.0
City-B,T5,5x,800.0,S0a_RoutineOracle,cross_regime,M_stress,500,True,2,1482.3,975.1,0.0,0.3422,1.0
City-B,T5,5x,800.0,S0b_StressOracle,routine,M_routine,500,True,2,975.1,1482.3,0.0,0.0,1.0
City-B,T5,5x,800.0,S0b_StressOracle,cross_regime,M_stress,500,True,2,975.1,975.1,0.0,0.0,1.0
City-B,T5,5x,800.0,S1_CapRR,routine,M_routine,500,True,2,1485.4,1482.3,0.0,0.0021,1.0
City-B,T5,5x,800.0,S1_CapRR,cross_regime,M_stress,500,True,2,1485.4,975.1,0.0,0.3435,1.0
City-B,T5,5x,800.0,S2_Platform,routine,M_routine,500,True,2,1093.7,1463.6,0.0,0.0,1.0
City-B,T5,5x,800.0,S2_Platform,cross_regime,M_stress,500,True,2,1093.7,957.7,0.0,0.1244,1.0
City-B,T5,5x,800.0,S3_Lin4,routine,M_routine,500,True,2,1351.3,1421.4,0.0,0.0,1.0
City-B,T5,5x,800.0,S3_Lin4,cross_regime,M_stress,500,True,2,1351.3,933.0,0.0,0.3096,1.0
City-B,T5,5x,800.0,S4_GlobalCalib,routine,M_routine,500,True,2,1474.0,1482.3,0.0,0.0,1.0
City-B,T5,5x,800.0,S4_GlobalCalib,cross_regime,M_stress,500,True,2,1474.0,975.1,0.0,0.3385,1.0
City-B,T5,5x,800.0,S5_CityCalib,routine,M_routine,500,True,2,1471.5,1482.3,0.0,0.0,1.0
City-B,T5,5x,800.0,S5_CityCalib,cross_regime,M_stress,500,True,2,1471.5,975.1,0.0,0.3373,1.0
City-B,T5,5x,800.0,S6_Q10,routine,M_routine,500,True,2,1458.4,1482.3,0.0,0.0,1.0
City-B,T5,5x,800.0,S6_Q10,cross_regime,M_stress,500,True,2,1458.4,975.1,0.0,0.3314,1.0
City-B,T5,10x,1600.0,S0a_RoutineOracle,routine,M_routine,500,True,3,2201.6,2201.6,0.0,0.0,1.0
City-B,T5,10x,1600.0,S0a_RoutineOracle,cross_regime,M_stress,500,True,3,2201.6,1447.1,152.9,0.3427,0.0
City-B,T5,10x,1600.0,S0b_StressOracle,routine,M_routine,500,True,4,1908.1,2903.7,0.0,0.0,1.0
City-B,T5,10x,1600.0,S0b_StressOracle,cross_regime,M_stress,500,True,4,1908.1,1908.1,0.0,0.0,1.0
City-B,T5,10x,1600.0,S1_CapRR,routine,M_routine,500,True,3,2203.9,2201.6,0.0,0.001,1.0
City-B,T5,10x,1600.0,S1_CapRR,cross_regime,M_stress,500,True,3,2203.9,1447.1,152.9,0.3434,0.0
City-B,T5,10x,1600.0,S2_Platform,routine,M_routine,500,True,4,2025.8,2782.6,0.0,0.0,1.0
City-B,T5,10x,1600.0,S2_Platform,cross_regime,M_stress,500,True,4,2025.8,1822.4,0.0,0.1004,1.0
City-B,T5,10x,1600.0,S3_Lin4,routine,M_routine,500,True,3,2012.2,2159.4,0.0,0.0,1.0
City-B,T5,10x,1600.0,S3_Lin4,cross_regime,M_stress,500,True,3,2012.2,1422.4,177.6,0.2931,0.0
City-B,T5,10x,1600.0,S4_GlobalCalib,routine,M_routine,500,True,3,2187.0,2201.6,0.0,0.0,1.0
City-B,T5,10x,1600.0,S4_GlobalCalib,cross_regime,M_stress,500,True,3,2187.0,1447.1,152.9,0.3383,0.0
City-B,T5,10x,1600.0,S5_CityCalib,routine,M_routine,500,True,3,2183.2,2201.6,0.0,0.0,1.0
City-B,T5,10x,1600.0,S5_CityCalib,cross_regime,M_stress,500,True,3,2183.2,1447.1,152.9,0.3372,0.0
City-B,T5,10x,1600.0,S6_Q10,routine,M_routine,500,True,3,2163.8,2201.6,0.0,0.0,1.0
City-B,T5,10x,1600.0,S6_Q10,cross_regime,M_stress,500,True,3,2163.8,1447.1,152.9,0.3312,0.0
City-C,T1,1x,180.0,S0a_RoutineOracle,routine,M_routine,650,True,1,721.3,721.3,0.0,0.0,1.0
City-C,T1,1x,180.0,S0a_RoutineOracle,cross_regime,M_stress,650,True,1,721.3,474.4,0.0,0.3423,1.0
City-C,T1,1x,180.0,S0b_StressOracle,routine,M_routine,650,True,1,474.4,721.3,0.0,0.0,1.0
City-C,T1,1x,180.0,S0b_StressOracle,cross_regime,M_stress,650,True,1,474.4,474.4,0.0,0.0,1.0
City-C,T1,1x,180.0,S1_CapRR,routine,M_routine,650,True,1,737.0,721.3,0.0,0.0213,1.0
City-C,T1,1x,180.0,S1_CapRR,cross_regime,M_stress,650,True,1,737.0,474.4,0.0,0.3563,1.0
City-C,T1,1x,180.0,S2_Platform,routine,M_routine,650,True,1,460.9,721.3,0.0,0.0,1.0
City-C,T1,1x,180.0,S2_Platform,cross_regime,M_stress,650,True,1,460.9,474.4,0.0,0.0,1.0
City-C,T1,1x,180.0,S3_Lin4,routine,M_routine,650,True,1,622.9,721.3,0.0,0.0,1.0
City-C,T1,1x,180.0,S3_Lin4,cross_regime,M_stress,650,True,1,622.9,474.4,0.0,0.2384,1.0
City-C,T1,1x,180.0,S4_GlobalCalib,routine,M_routine,650,True,1,733.8,721.3,0.0,0.017,1.0
City-C,T1,1x,180.0,S4_GlobalCalib,cross_regime,M_stress,650,True,1,733.8,474.4,0.0,0.3535,1.0
City-C,T1,1x,180.0,S5_CityCalib,routine,M_routine,650,True,1,735.6,721.3,0.0,0.0194,1.0
City-C,T1,1x,180.0,S5_CityCalib,cross_regime,M_stress,650,True,1,735.6,474.4,0.0,0.355,1.0
City-C,T1,1x,180.0,S6_Q10,routine,M_routine,650,True,1,725.6,721.3,0.0,0.0059,1.0
City-C,T1,1x,180.0,S6_Q10,cross_regime,M_stress,650,True,1,725.6,474.4,0.0,0.3462,1.0
City-C,T1,2x,360.0,S0a_RoutineOracle,routine,M_routine,650,True,1,721.3,721.3,0.0,0.0,1.0
City-C,T1,2x,360.0,S0a_RoutineOracle,cross_regime,M_stress,650,True,1,721.3,474.4,0.0,0.3423,1.0
City-C,T1,2x,360.0,S0b_StressOracle,routine,M_routine,650,True,1,474.4,721.3,0.0,0.0,1.0
City-C,T1,2x,360.0,S0b_StressOracle,cross_regime,M_stress,650,True,1,474.4,474.4,0.0,0.0,1.0
City-C,T1,2x,360.0,S1_CapRR,routine,M_routine,650,True,1,737.0,721.3,0.0,0.0213,1.0
City-C,T1,2x,360.0,S1_CapRR,cross_regime,M_stress,650,True,1,737.0,474.4,0.0,0.3563,1.0
City-C,T1,2x,360.0,S2_Platform,routine,M_routine,650,True,1,460.9,721.3,0.0,0.0,1.0
City-C,T1,2x,360.0,S2_Platform,cross_regime,M_stress,650,True,1,460.9,474.4,0.0,0.0,1.0
City-C,T1,2x,360.0,S3_Lin4,routine,M_routine,650,True,1,622.9,721.3,0.0,0.0,1.0
City-C,T1,2x,360.0,S3_Lin4,cross_regime,M_stress,650,True,1,622.9,474.4,0.0,0.2384,1.0
City-C,T1,2x,360.0,S4_GlobalCalib,routine,M_routine,650,True,1,733.8,721.3,0.0,0.017,1.0
City-C,T1,2x,360.0,S4_GlobalCalib,cross_regime,M_stress,650,True,1,733.8,474.4,0.0,0.3535,1.0
City-C,T1,2x,360.0,S5_CityCalib,routine,M_routine,650,True,1,735.6,721.3,0.0,0.0194,1.0
City-C,T1,2x,360.0,S5_CityCalib,cross_regime,M_stress,650,True,1,735.6,474.4,0.0,0.355,1.0
City-C,T1,2x,360.0,S6_Q10,routine,M_routine,650,True,1,725.6,721.3,0.0,0.0059,1.0
City-C,T1,2x,360.0,S6_Q10,cross_regime,M_stress,650,True,1,725.6,474.4,0.0,0.3462,1.0
City-C,T1,5x,900.0,S0a_RoutineOracle,routine,M_routine,650,True,2,1413.9,1413.9,0.0,0.0,1.0
City-C,T1,5x,900.0,S0a_RoutineOracle,cross_regime,M_stress,650,True,2,1413.9,926.2,0.0,0.345,1.0
City-C,T1,5x,900.0,S0b_StressOracle,routine,M_routine,650,True,2,926.2,1413.9,0.0,0.0,1.0
City-C,T1,5x,900.0,S0b_StressOracle,cross_regime,M_stress,650,True,2,926.2,926.2,0.0,0.0,1.0
City-C,T1,5x,900.0,S1_CapRR,routine,M_routine,650,True,2,1439.5,1413.9,0.0,0.0178,1.0
City-C,T1,5x,900.0,S1_CapRR,cross_regime,M_stress,650,True,2,1439.5,926.2,0.0,0.3566,1.0
City-C,T1,5x,900.0,S2_Platform,routine,M_routine,650,True,2,904.5,1413.9,0.0,0.0,1.0
City-C,T1,5x,900.0,S2_Platform,cross_regime,M_stress,650,True,2,904.5,926.2,0.0,0.0,1.0
City-C,T1,5x,900.0,S3_Lin4,routine,M_routine,650,True,2,1219.8,1413.9,0.0,0.0,1.0
City-C,T1,5x,900.0,S3_Lin4,cross_regime,M_stress,650,True,2,1219.8,926.2,0.0,0.2407,1.0
City-C,T1,5x,900.0,S4_GlobalCalib,routine,M_routine,650,True,2,1433.3,1413.9,0.0,0.0135,1.0
City-C,T1,5x,900.0,S4_GlobalCalib,cross_regime,M_stress,650,True,2,1433.3,926.2,0.0,0.3538,1.0
City-C,T1,5x,900.0,S5_CityCalib,routine,M_routine,650,True,2,1436.7,1413.9,0.0,0.0158,1.0
City-C,T1,5x,900.0,S5_CityCalib,cross_regime,M_stress,650,True,2,1436.7,926.2,0.0,0.3553,1.0
City-C,T1,5x,900.0,S6_Q10,routine,M_routine,650,True,2,1417.2,1413.9,0.0,0.0023,1.0
City-C,T1,5x,900.0,S6_Q10,cross_regime,M_stress,650,True,2,1417.2,926.2,0.0,0.3464,1.0
City-C,T1,10x,1800.0,S0a_RoutineOracle,routine,M_routine,650,True,3,2042.3,2042.3,0.0,0.0,1.0
City-C,T1,10x,1800.0,S0a_RoutineOracle,cross_regime,M_stress,650,True,3,2042.3,1339.8,460.2,0.3439,0.0
City-C,T1,10x,1800.0,S0b_StressOracle,routine,M_routine,650,True,5,2090.2,3188.6,0.0,0.0,1.0
City-C,T1,10x,1800.0,S0b_StressOracle,cross_regime,M_stress,650,True,5,2090.2,2090.2,0.0,0.0,1.0
City-C,T1,10x,1800.0,S1_CapRR,routine,M_routine,650,True,3,2081.1,2042.3,0.0,0.0186,1.0
City-C,T1,10x,1800.0,S1_CapRR,cross_regime,M_stress,650,True,3,2081.1,1339.8,460.2,0.3562,0.0
City-C,T1,10x,1800.0,S2_Platform,routine,M_routine,650,True,5,2117.9,3100.7,0.0,0.0,1.0
City-C,T1,10x,1800.0,S2_Platform,cross_regime,M_stress,650,True,5,2117.9,2028.8,0.0,0.0421,1.0
City-C,T1,10x,1800.0,S3_Lin4,routine,M_routine,650,True,3,1804.9,2042.3,0.0,0.0,1.0
City-C,T1,10x,1800.0,S3_Lin4,cross_regime,M_stress,650,True,3,1804.9,1339.8,460.2,0.2577,0.0
City-C,T1,10x,1800.0,S4_GlobalCalib,routine,M_routine,650,True,3,2072.0,2042.3,0.0,0.0144,1.0
City-C,T1,10x,1800.0,S4_GlobalCalib,cross_regime,M_stress,650,True,3,2072.0,1339.8,460.2,0.3534,0.0
City-C,T1,10x,1800.0,S5_CityCalib,routine,M_routine,650,True,3,2077.0,2042.3,0.0,0.0167,1.0
City-C,T1,10x,1800.0,S5_CityCalib,cross_regime,M_stress,650,True,3,2077.0,1339.8,460.2,0.3549,0.0
City-C,T1,10x,1800.0,S6_Q10,routine,M_routine,650,True,3,2048.7,2042.3,0.0,0.0032,1.0
City-C,T1,10x,1800.0,S6_Q10,cross_regime,M_stress,650,True,3,2048.7,1339.8,460.2,0.346,0.0
City-C,T2,1x,260.0,S0a_RoutineOracle,routine,M_routine,650,True,1,719.4,719.4,0.0,0.0,1.0
City-C,T2,1x,260.0,S0a_RoutineOracle,cross_regime,M_stress,650,True,1,719.4,482.4,0.0,0.3294,1.0
City-C,T2,1x,260.0,S0b_StressOracle,routine,M_routine,650,True,1,482.4,719.4,0.0,0.0,1.0
City-C,T2,1x,260.0,S0b_StressOracle,cross_regime,M_stress,650,True,1,482.4,482.4,0.0,0.0,1.0
City-C,T2,1x,260.0,S1_CapRR,routine,M_routine,650,True,1,737.0,719.4,0.0,0.0239,1.0
City-C,T2,1x,260.0,S1_CapRR,cross_regime,M_stress,650,True,1,737.0,482.4,0.0,0.3455,1.0
City-C,T2,1x,260.0,S2_Platform,routine,M_routine,650,True,1,467.3,719.4,0.0,0.0,1.0
City-C,T2,1x,260.0,S2_Platform,cross_regime,M_stress,650,True,1,467.3,482.4,0.0,0.0,1.0
City-C,T2,1x,260.0,S3_Lin4,routine,M_routine,650,True,1,626.8,719.4,0.0,0.0,1.0
City-C,T2,1x,260.0,S3_Lin4,cross_regime,M_stress,650,True,1,626.8,482.4,0.0,0.2304,1.0
City-C,T2,1x,260.0,S4_GlobalCalib,routine,M_routine,650,True,1,733.7,719.4,0.0,0.0194,1.0
City-C,T2,1x,260.0,S4_GlobalCalib,cross_regime,M_stress,650,True,1,733.7,482.4,0.0,0.3425,1.0
City-C,T2,1x,260.0,S5_CityCalib,routine,M_routine,650,True,1,731.7,719.4,0.0,0.0168,1.0
City-C,T2,1x,260.0,S5_CityCalib,cross_regime,M_stress,650,True,1,731.7,482.4,0.0,0.3407,1.0
City-C,T2,1x,260.0,S6_Q10,routine,M_routine,650,True,1,724.8,719.4,0.0,0.0075,1.0
City-C,T2,1x,260.0,S6_Q10,cross_regime,M_stress,650,True,1,724.8,482.4,0.0,0.3345,1.0
City-C,T2,2x,520.0,S0a_RoutineOracle,routine,M_routine,650,True,1,719.4,719.4,0.0,0.0,1.0
City-C,T2,2x,520.0,S0a_RoutineOracle,cross_regime,M_stress,650,True,1,719.4,482.4,37.6,0.3294,0.0
City-C,T2,2x,520.0,S0b_StressOracle,routine,M_routine,650,True,2,942.0,1424.4,0.0,0.0,1.0
City-C,T2,2x,520.0,S0b_StressOracle,cross_regime,M_stress,650,True,2,942.0,942.0,0.0,0.0,1.0
City-C,T2,2x,520.0,S1_CapRR,routine,M_routine,650,True,1,737.0,719.4,0.0,0.0239,1.0
City-C,T2,2x,520.0,S1_CapRR,cross_regime,M_stress,650,True,1,737.0,482.4,37.6,0.3455,0.0
City-C,T2,2x,520.0,S2_Platform,routine,M_routine,650,True,2,902.1,1424.4,0.0,0.0,1.0
City-C,T2,2x,520.0,S2_Platform,cross_regime,M_stress,650,True,2,902.1,942.0,0.0,0.0,1.0
City-C,T2,2x,520.0,S3_Lin4,routine,M_routine,650,True,1,626.8,719.4,0.0,0.0,1.0
City-C,T2,2x,520.0,S3_Lin4,cross_regime,M_stress,650,True,1,626.8,482.4,37.6,0.2304,0.0
City-C,T2,2x,520.0,S4_GlobalCalib,routine,M_routine,650,True,1,733.7,719.4,0.0,0.0194,1.0
City-C,T2,2x,520.0,S4_GlobalCalib,cross_regime,M_stress,650,True,1,733.7,482.4,37.6,0.3425,0.0
City-C,T2,2x,520.0,S5_CityCalib,routine,M_routine,650,True,1,731.7,719.4,0.0,0.0168,1.0
City-C,T2,2x,520.0,S5_CityCalib,cross_regime,M_stress,650,True,1,731.7,482.4,37.6,0.3407,0.0
City-C,T2,2x,520.0,S6_Q10,routine,M_routine,650,True,1,724.8,719.4,0.0,0.0075,1.0
City-C,T2,2x,520.0,S6_Q10,cross_regime,M_stress,650,True,1,724.8,482.4,37.6,0.3345,0.0
City-C,T2,5x,1300.0,S0a_RoutineOracle,routine,M_routine,650,True,2,1424.4,1424.4,0.0,0.0,1.0
City-C,T2,5x,1300.0,S0a_RoutineOracle,cross_regime,M_stress,650,True,2,1424.4,942.0,358.0,0.3387,0.0
City-C,T2,5x,1300.0,S0b_StressOracle,routine,M_routine,650,True,3,1362.8,2067.4,0.0,0.0,1.0
City-C,T2,5x,1300.0,S0b_StressOracle,cross_regime,M_stress,650,True,3,1362.8,1362.8,0.0,0.0,1.0
City-C,T2,5x,1300.0,S1_CapRR,routine,M_routine,650,True,2,1439.5,1424.4,0.0,0.0105,1.0
City-C,T2,5x,1300.0,S1_CapRR,cross_regime,M_stress,650,True,2,1439.5,942.0,358.0,0.3456,0.0
City-C,T2,5x,1300.0,S2_Platform,routine,M_routine,650,True,3,1301.1,2067.4,0.0,0.0,1.0
City-C,T2,5x,1300.0,S2_Platform,cross_regime,M_stress,650,True,3,1301.1,1362.8,0.0,0.0,1.0
City-C,T2,5x,1300.0,S3_Lin4,routine,M_routine,650,True,3,1816.6,2067.4,0.0,0.0,1.0
City-C,T2,5x,1300.0,S3_Lin4,cross_regime,M_stress,650,True,3,1816.6,1362.8,0.0,0.2498,1.0
City-C,T2,5x,1300.0,S4_GlobalCalib,routine,M_routine,650,True,2,1433.0,1424.4,0.0,0.006,1.0
City-C,T2,5x,1300.0,S4_GlobalCalib,cross_regime,M_stress,650,True,2,1433.0,942.0,358.0,0.3426,0.0
City-C,T2,5x,1300.0,S5_CityCalib,routine,M_routine,650,True,2,1429.1,1424.4,0.0,0.0033,1.0
City-C,T2,5x,1300.0,S5_CityCalib,cross_regime,M_stress,650,True,2,1429.1,942.0,358.0,0.3408,0.0
City-C,T2,5x,1300.0,S6_Q10,routine,M_routine,650,True,2,1415.7,1424.4,0.0,0.0,1.0
City-C,T2,5x,1300.0,S6_Q10,cross_regime,M_stress,650,True,2,1415.7,942.0,358.0,0.3346,0.0
City-C,T2,10x,2600.0,S0a_RoutineOracle,routine,M_routine,650,True,4,2655.3,2655.3,0.0,0.0,1.0
City-C,T2,10x,2600.0,S0a_RoutineOracle,cross_regime,M_stress,650,True,4,2655.3,1745.5,854.5,0.3426,0.0
City-C,T2,10x,2600.0,S0b_StressOracle,routine,M_routine,650,True,7,2864.6,4366.3,0.0,0.0,1.0
City-C,T2,10x,2600.0,S0b_StressOracle,cross_regime,M_stress,650,True,7,2864.6,2864.6,0.0,0.0,1.0
City-C,T2,10x,2600.0,S1_CapRR,routine,M_routine,650,True,4,2666.6,2655.3,0.0,0.0043,1.0
City-C,T2,10x,2600.0,S1_CapRR,cross_regime,M_stress,650,True,4,2666.6,1745.5,854.5,0.3454,0.0
City-C,T2,10x,2600.0,S2_Platform,routine,M_routine,650,True,7,2815.8,4324.1,0.0,0.0,1.0
City-C,T2,10x,2600.0,S2_Platform,cross_regime,M_stress,650,True,7,2815.8,2838.5,0.0,0.0,1.0
City-C,T2,10x,2600.0,S3_Lin4,routine,M_routine,650,True,5,2953.8,3142.9,0.0,0.0,1.0
City-C,T2,10x,2600.0,S3_Lin4,cross_regime,M_stress,650,True,5,2953.8,2067.3,532.7,0.3001,0.0
City-C,T2,10x,2600.0,S4_GlobalCalib,routine,M_routine,650,True,4,2654.6,2655.3,0.0,0.0,1.0
City-C,T2,10x,2600.0,S4_GlobalCalib,cross_regime,M_stress,650,True,4,2654.6,1745.5,854.5,0.3425,0.0
City-C,T2,10x,2600.0,S5_CityCalib,routine,M_routine,650,True,4,2647.5,2655.3,0.0,0.0,1.0
City-C,T2,10x,2600.0,S5_CityCalib,cross_regime,M_stress,650,True,4,2647.5,1745.5,854.5,0.3407,0.0
City-C,T2,10x,2600.0,S6_Q10,routine,M_routine,650,True,4,2622.5,2655.3,0.0,0.0,1.0
City-C,T2,10x,2600.0,S6_Q10,cross_regime,M_stress,650,True,4,2622.5,1745.5,854.5,0.3344,0.0
City-C,T3,1x,200.0,S0a_RoutineOracle,routine,M_routine,650,True,1,650.6,650.6,0.0,0.0,1.0
City-C,T3,1x,200.0,S0a_RoutineOracle,cross_regime,M_stress,650,True,1,650.6,424.0,0.0,0.3483,1.0
City-C,T3,1x,200.0,S0b_StressOracle,routine,M_routine,650,True,1,424.0,650.6,0.0,0.0,1.0
City-C,T3,1x,200.0,S0b_StressOracle,cross_regime,M_stress,650,True,1,424.0,424.0,0.0,0.0,1.0
City-C,T3,1x,200.0,S1_CapRR,routine,M_routine,650,True,1,648.6,650.6,0.0,0.0,1.0
City-C,T3,1x,200.0,S1_CapRR,cross_regime,M_stress,650,True,1,648.6,424.0,0.0,0.3464,1.0
City-C,T3,1x,200.0,S2_Platform,routine,M_routine,650,True,1,456.8,650.6,0.0,0.0,1.0
City-C,T3,1x,200.0,S2_Platform,cross_regime,M_stress,650,True,1,456.8,424.0,0.0,0.0718,1.0
City-C,T3,1x,200.0,S3_Lin4,routine,M_routine,650,True,1,605.9,650.6,0.0,0.0,1.0
City-C,T3,1x,200.0,S3_Lin4,cross_regime,M_stress,650,True,1,605.9,424.0,0.0,0.3002,1.0
City-C,T3,1x,200.0,S4_GlobalCalib,routine,M_routine,650,True,1,643.8,650.6,0.0,0.0,1.0
City-C,T3,1x,200.0,S4_GlobalCalib,cross_regime,M_stress,650,True,1,643.8,424.0,0.0,0.3415,1.0
City-C,T3,1x,200.0,S5_CityCalib,routine,M_routine,650,True,1,644.5,650.6,0.0,0.0,1.0
City-C,T3,1x,200.0,S5_CityCalib,cross_regime,M_stress,650,True,1,644.5,424.0,0.0,0.3422,1.0
City-C,T3,1x,200.0,S6_Q10,routine,M_routine,650,True,1,636.9,650.6,0.0,0.0,1.0
City-C,T3,1x,200.0,S6_Q10,cross_regime,M_stress,650,True,1,636.9,424.0,0.0,0.3343,1.0
City-C,T3,2x,400.0,S0a_RoutineOracle,routine,M_routine,650,True,1,650.6,650.6,0.0,0.0,1.0
City-C,T3,2x,400.0,S0a_RoutineOracle,cross_regime,M_stress,650,True,1,650.6,424.0,0.0,0.3483,1.0
City-C,T3,2x,400.0,S0b_StressOracle,routine,M_routine,650,True,1,424.0,650.6,0.0,0.0,1.0
City-C,T3,2x,400.0,S0b_StressOracle,cross_regime,M_stress,650,True,1,424.0,424.0,0.0,0.0,1.0
City-C,T3,2x,400.0,S1_CapRR,routine,M_routine,650,True,1,648.6,650.6,0.0,0.0,1.0
City-C,T3,2x,400.0,S1_CapRR,cross_regime,M_stress,650,True,1,648.6,424.0,0.0,0.3464,1.0
City-C,T3,2x,400.0,S2_Platform,routine,M_routine,650,True,1,456.8,650.6,0.0,0.0,1.0
City-C,T3,2x,400.0,S2_Platform,cross_regime,M_stress,650,True,1,456.8,424.0,0.0,0.0718,1.0
City-C,T3,2x,400.0,S3_Lin4,routine,M_routine,650,True,1,605.9,650.6,0.0,0.0,1.0
City-C,T3,2x,400.0,S3_Lin4,cross_regime,M_stress,650,True,1,605.9,424.0,0.0,0.3002,1.0
City-C,T3,2x,400.0,S4_GlobalCalib,routine,M_routine,650,True,1,643.8,650.6,0.0,0.0,1.0
City-C,T3,2x,400.0,S4_GlobalCalib,cross_regime,M_stress,650,True,1,643.8,424.0,0.0,0.3415,1.0
City-C,T3,2x,400.0,S5_CityCalib,routine,M_routine,650,True,1,644.5,650.6,0.0,0.0,1.0
City-C,T3,2x,400.0,S5_CityCalib,cross_regime,M_stress,650,True,1,644.5,424.0,0.0,0.3422,1.0
City-C,T3,2x,400.0,S6_Q10,routine,M_routine,650,True,1,636.9,650.6,0.0,0.0,1.0
City-C,T3,2x,400.0,S6_Q10,cross_regime,M_stress,650,True,1,636.9,424.0,0.0,0.3343,1.0
City-C,T3,5x,1000.0,S0a_RoutineOracle,routine,M_routine,650,True,2,1271.0,1271.0,0.0,0.0,1.0
City-C,T3,5x,1000.0,S0a_RoutineOracle,cross_regime,M_stress,650,True,2,1271.0,829.2,170.8,0.3475,0.0
City-C,T3,5x,1000.0,S0b_StressOracle,routine,M_routine,650,True,3,1198.6,1837.6,0.0,0.0,1.0
City-C,T3,5x,1000.0,S0b_StressOracle,cross_regime,M_stress,650,True,3,1198.6,1198.6,0.0,0.0,1.0
City-C,T3,5x,1000.0,S1_CapRR,routine,M_routine,650,True,2,1266.8,1271.0,0.0,0.0,1.0
City-C,T3,5x,1000.0,S1_CapRR,cross_regime,M_stress,650,True,2,1266.8,829.2,170.8,0.3454,0.0
City-C,T3,5x,1000.0,S2_Platform,routine,M_routine,650,True,3,1285.7,1617.6,0.0,0.0,1.0
City-C,T3,5x,1000.0,S2_Platform,cross_regime,M_stress,650,True,3,1285.7,1061.2,0.0,0.1746,1.0
City-C,T3,5x,1000.0,S3_Lin4,routine,M_routine,650,True,2,1184.9,1271.0,0.0,0.0,1.0
City-C,T3,5x,1000.0,S3_Lin4,cross_regime,M_stress,650,True,2,1184.9,829.2,170.8,0.3001,0.0
City-C,T3,5x,1000.0,S4_GlobalCalib,routine,M_routine,650,True,2,1257.5,1271.0,0.0,0.0,1.0
City-C,T3,5x,1000.0,S4_GlobalCalib,cross_regime,M_stress,650,True,2,1257.5,829.2,170.8,0.3406,0.0
City-C,T3,5x,1000.0,S5_CityCalib,routine,M_routine,650,True,2,1258.8,1271.0,0.0,0.0,1.0
City-C,T3,5x,1000.0,S5_CityCalib,cross_regime,M_stress,650,True,2,1258.8,829.2,170.8,0.3413,0.0
City-C,T3,5x,1000.0,S6_Q10,routine,M_routine,650,True,2,1243.8,1271.0,0.0,0.0,1.0
City-C,T3,5x,1000.0,S6_Q10,cross_regime,M_stress,650,True,2,1243.8,829.2,170.8,0.3333,0.0
City-C,T3,10x,2000.0,S0a_RoutineOracle,routine,M_routine,650,True,4,2355.1,2355.1,0.0,0.0,1.0
City-C,T3,10x,2000.0,S0a_RoutineOracle,cross_regime,M_stress,650,True,4,2355.1,1537.4,462.6,0.3472,0.0
City-C,T3,10x,2000.0,S0b_StressOracle,routine,M_routine,650,True,6,2198.5,3356.7,0.0,0.0,1.0
City-C,T3,10x,2000.0,S0b_StressOracle,cross_regime,M_stress,650,True,6,2198.5,2198.5,0.0,0.0,1.0
City-C,T3,10x,2000.0,S1_CapRR,routine,M_routine,650,True,4,2346.7,2355.1,0.0,0.0,1.0
City-C,T3,10x,2000.0,S1_CapRR,cross_regime,M_stress,650,True,4,2346.7,1537.4,462.6,0.3449,0.0
City-C,T3,10x,2000.0,S2_Platform,routine,M_routine,650,True,5,2048.1,2641.1,0.0,0.0,1.0
City-C,T3,10x,2000.0,S2_Platform,cross_regime,M_stress,650,True,5,2048.1,1730.8,269.2,0.1549,0.0
City-C,T3,10x,2000.0,S3_Lin4,routine,M_routine,650,True,4,2318.7,2295.6,0.0,0.01,1.0
City-C,T3,10x,2000.0,S3_Lin4,cross_regime,M_stress,650,True,4,2318.7,1501.8,498.2,0.3523,0.0
City-C,T3,10x,2000.0,S4_GlobalCalib,routine,M_routine,650,True,4,2329.6,2355.1,0.0,0.0,1.0
City-C,T3,10x,2000.0,S4_GlobalCalib,cross_regime,M_stress,650,True,4,2329.6,1537.4,462.6,0.34,0.0
City-C,T3,10x,2000.0,S5_CityCalib,routine,M_routine,650,True,4,2331.9,2355.1,0.0,0.0,1.0
City-C,T3,10x,2000.0,S5_CityCalib,cross_regime,M_stress,650,True,4,2331.9,1537.4,462.6,0.3407,0.0
City-C,T3,10x,2000.0,S6_Q10,routine,M_routine,650,True,4,2304.1,2355.1,0.0,0.0,1.0
City-C,T3,10x,2000.0,S6_Q10,cross_regime,M_stress,650,True,4,2304.1,1537.4,462.6,0.3328,0.0
City-C,T4,1x,140.0,S0a_RoutineOracle,routine,M_routine,650,True,1,739.1,739.1,0.0,0.0,1.0
City-C,T4,1x,140.0,S0a_RoutineOracle,cross_regime,M_stress,650,True,1,739.1,482.7,0.0,0.347,1.0
City-C,T4,1x,140.0,S0b_StressOracle,routine,M_routine,650,True,1,482.7,739.1,0.0,0.0,1.0
City-C,T4,1x,140.0,S0b_StressOracle,cross_regime,M_stress,650,True,1,482.7,482.7,0.0,0.0,1.0
City-C,T4,1x,140.0,S1_CapRR,routine,M_routine,650,True,1,737.0,739.1,0.0,0.0,1.0
City-C,T4,1x,140.0,S1_CapRR,cross_regime,M_stress,650,True,1,737.0,482.7,0.0,0.3451,1.0
City-C,T4,1x,140.0,S2_Platform,routine,M_routine,650,True,1,377.7,550.5,0.0,0.0,1.0
City-C,T4,1x,140.0,S2_Platform,cross_regime,M_stress,650,True,1,377.7,359.7,0.0,0.0477,1.0
City-C,T4,1x,140.0,S3_Lin4,routine,M_routine,650,True,1,625.7,739.1,0.0,0.0,1.0
City-C,T4,1x,140.0,S3_Lin4,cross_regime,M_stress,650,True,1,625.7,482.7,0.0,0.2286,1.0
City-C,T4,1x,140.0,S4_GlobalCalib,routine,M_routine,650,True,1,731.3,739.1,0.0,0.0,1.0
City-C,T4,1x,140.0,S4_GlobalCalib,cross_regime,M_stress,650,True,1,731.3,482.7,0.0,0.34,1.0
City-C,T4,1x,140.0,S5_CityCalib,routine,M_routine,650,True,1,732.3,739.1,0.0,0.0,1.0
City-C,T4,1x,140.0,S5_CityCalib,cross_regime,M_stress,650,True,1,732.3,482.7,0.0,0.3409,1.0
City-C,T4,1x,140.0,S6_Q10,routine,M_routine,650,True,1,723.5,739.1,0.0,0.0,1.0
City-C,T4,1x,140.0,S6_Q10,cross_regime,M_stress,650,True,1,723.5,482.7,0.0,0.3329,1.0
City-C,T4,2x,280.0,S0a_RoutineOracle,routine,M_routine,650,True,1,739.1,739.1,0.0,0.0,1.0
City-C,T4,2x,280.0,S0a_RoutineOracle,cross_regime,M_stress,650,True,1,739.1,482.7,0.0,0.347,1.0
City-C,T4,2x,280.0,S0b_StressOracle,routine,M_routine,650,True,1,482.7,739.1,0.0,0.0,1.0
City-C,T4,2x,280.0,S0b_StressOracle,cross_regime,M_stress,650,True,1,482.7,482.7,0.0,0.0,1.0
City-C,T4,2x,280.0,S1_CapRR,routine,M_routine,650,True,1,737.0,739.1,0.0,0.0,1.0
City-C,T4,2x,280.0,S1_CapRR,cross_regime,M_stress,650,True,1,737.0,482.7,0.0,0.3451,1.0
City-C,T4,2x,280.0,S2_Platform,routine,M_routine,650,True,1,377.7,550.5,0.0,0.0,1.0
City-C,T4,2x,280.0,S2_Platform,cross_regime,M_stress,650,True,1,377.7,359.7,0.0,0.0477,1.0
City-C,T4,2x,280.0,S3_Lin4,routine,M_routine,650,True,1,625.7,739.1,0.0,0.0,1.0
City-C,T4,2x,280.0,S3_Lin4,cross_regime,M_stress,650,True,1,625.7,482.7,0.0,0.2286,1.0
City-C,T4,2x,280.0,S4_GlobalCalib,routine,M_routine,650,True,1,731.3,739.1,0.0,0.0,1.0
City-C,T4,2x,280.0,S4_GlobalCalib,cross_regime,M_stress,650,True,1,731.3,482.7,0.0,0.34,1.0
City-C,T4,2x,280.0,S5_CityCalib,routine,M_routine,650,True,1,732.3,739.1,0.0,0.0,1.0
City-C,T4,2x,280.0,S5_CityCalib,cross_regime,M_stress,650,True,1,732.3,482.7,0.0,0.3409,1.0
City-C,T4,2x,280.0,S6_Q10,routine,M_routine,650,True,1,723.5,739.1,0.0,0.0,1.0
City-C,T4,2x,280.0,S6_Q10,cross_regime,M_stress,650,True,1,723.5,482.7,0.0,0.3329,1.0
City-C,T4,5x,700.0,S0a_RoutineOracle,routine,M_routine,650,True,1,739.1,739.1,0.0,0.0,1.0
City-C,T4,5x,700.0,S0a_RoutineOracle,cross_regime,M_stress,650,True,1,739.1,482.7,217.3,0.347,0.0
City-C,T4,5x,700.0,S0b_StressOracle,routine,M_routine,650,True,2,942.8,1443.4,0.0,0.0,1.0
City-C,T4,5x,700.0,S0b_StressOracle,cross_regime,M_stress,650,True,2,942.8,942.8,0.0,0.0,1.0
City-C,T4,5x,700.0,S1_CapRR,routine,M_routine,650,True,1,737.0,739.1,0.0,0.0,1.0
City-C,T4,5x,700.0,S1_CapRR,cross_regime,M_stress,650,True,1,737.0,482.7,217.3,0.3451,0.0
City-C,T4,5x,700.0,S2_Platform,routine,M_routine,650,True,2,738.2,1254.8,0.0,0.0,1.0
City-C,T4,5x,700.0,S2_Platform,cross_regime,M_stress,650,True,2,738.2,819.8,0.0,0.0,1.0
City-C,T4,5x,700.0,S3_Lin4,routine,M_routine,650,True,2,1225.6,1443.4,0.0,0.0,1.0
City-C,T4,5x,700.0,S3_Lin4,cross_regime,M_stress,650,True,2,1225.6,942.8,0.0,0.2307,1.0
City-C,T4,5x,700.0,S4_GlobalCalib,routine,M_routine,650,True,1,731.3,739.1,0.0,0.0,1.0
City-C,T4,5x,700.0,S4_GlobalCalib,cross_regime,M_stress,650,True,1,731.3,482.7,217.3,0.34,0.0
City-C,T4,5x,700.0,S5_CityCalib,routine,M_routine,650,True,1,732.3,739.1,0.0,0.0,1.0
City-C,T4,5x,700.0,S5_CityCalib,cross_regime,M_stress,650,True,1,732.3,482.7,217.3,0.3409,0.0
City-C,T4,5x,700.0,S6_Q10,routine,M_routine,650,True,1,723.5,739.1,0.0,0.0,1.0
City-C,T4,5x,700.0,S6_Q10,cross_regime,M_stress,650,True,1,723.5,482.7,217.3,0.3329,0.0
City-C,T4,10x,1400.0,S0a_RoutineOracle,routine,M_routine,650,True,2,1443.4,1443.4,0.0,0.0,1.0
City-C,T4,10x,1400.0,S0a_RoutineOracle,cross_regime,M_stress,650,True,2,1443.4,942.8,457.2,0.3468,0.0
City-C,T4,10x,1400.0,S0b_StressOracle,routine,M_routine,650,True,4,1746.4,2665.2,0.0,0.0,1.0
City-C,T4,10x,1400.0,S0b_StressOracle,cross_regime,M_stress,650,True,4,1746.4,1746.4,0.0,0.0,1.0
City-C,T4,10x,1400.0,S1_CapRR,routine,M_routine,650,True,2,1439.5,1443.4,0.0,0.0,1.0
City-C,T4,10x,1400.0,S1_CapRR,cross_regime,M_stress,650,True,2,1439.5,942.8,457.2,0.3451,0.0
City-C,T4,10x,1400.0,S2_Platform,routine,M_routine,650,True,4,1425.4,2400.2,0.0,0.0,1.0
City-C,T4,10x,1400.0,S2_Platform,cross_regime,M_stress,650,True,4,1425.4,1574.5,0.0,0.0,1.0
City-C,T4,10x,1400.0,S3_Lin4,routine,M_routine,650,True,3,1813.8,2080.0,0.0,0.0,1.0
City-C,T4,10x,1400.0,S3_Lin4,cross_regime,M_stress,650,True,3,1813.8,1363.7,36.3,0.2481,0.0
City-C,T4,10x,1400.0,S4_GlobalCalib,routine,M_routine,650,True,2,1428.4,1443.4,0.0,0.0,1.0
City-C,T4,10x,1400.0,S4_GlobalCalib,cross_regime,M_stress,650,True,2,1428.4,942.8,457.2,0.34,0.0
City-C,T4,10x,1400.0,S5_CityCalib,routine,M_routine,650,True,2,1430.4,1443.4,0.0,0.0,1.0
City-C,T4,10x,1400.0,S5_CityCalib,cross_regime,M_stress,650,True,2,1430.4,942.8,457.2,0.3409,0.0
City-C,T4,10x,1400.0,S6_Q10,routine,M_routine,650,True,2,1413.1,1443.4,0.0,0.0,1.0
City-C,T4,10x,1400.0,S6_Q10,cross_regime,M_stress,650,True,2,1413.1,942.8,457.2,0.3328,0.0
City-C,T5,1x,160.0,S0a_RoutineOracle,routine,M_routine,650,True,1,651.6,651.6,0.0,0.0,1.0
City-C,T5,1x,160.0,S0a_RoutineOracle,cross_regime,M_stress,650,True,1,651.6,425.2,0.0,0.3476,1.0
City-C,T5,1x,160.0,S0b_StressOracle,routine,M_routine,650,True,1,425.2,651.6,0.0,0.0,1.0
City-C,T5,1x,160.0,S0b_StressOracle,cross_regime,M_stress,650,True,1,425.2,425.2,0.0,0.0,1.0
City-C,T5,1x,160.0,S1_CapRR,routine,M_routine,650,True,1,648.6,651.6,0.0,0.0,1.0
City-C,T5,1x,160.0,S1_CapRR,cross_regime,M_stress,650,True,1,648.6,425.2,0.0,0.3445,1.0
City-C,T5,1x,160.0,S2_Platform,routine,M_routine,650,True,1,451.5,651.6,0.0,0.0,1.0
City-C,T5,1x,160.0,S2_Platform,cross_regime,M_stress,650,True,1,451.5,425.2,0.0,0.0583,1.0
City-C,T5,1x,160.0,S3_Lin4,routine,M_routine,650,True,1,606.1,651.6,0.0,0.0,1.0
City-C,T5,1x,160.0,S3_Lin4,cross_regime,M_stress,650,True,1,606.1,425.2,0.0,0.2985,1.0
City-C,T5,1x,160.0,S4_GlobalCalib,routine,M_routine,650,True,1,643.7,651.6,0.0,0.0,1.0
City-C,T5,1x,160.0,S4_GlobalCalib,cross_regime,M_stress,650,True,1,643.7,425.2,0.0,0.3395,1.0
City-C,T5,1x,160.0,S5_CityCalib,routine,M_routine,650,True,1,644.2,651.6,0.0,0.0,1.0
City-C,T5,1x,160.0,S5_CityCalib,cross_regime,M_stress,650,True,1,644.2,425.2,0.0,0.34,1.0
City-C,T5,1x,160.0,S6_Q10,routine,M_routine,650,True,1,636.8,651.6,0.0,0.0,1.0
City-C,T5,1x,160.0,S6_Q10,cross_regime,M_stress,650,True,1,636.8,425.2,0.0,0.3324,1.0
City-C,T5,2x,320.0,S0a_RoutineOracle,routine,M_routine,650,True,1,651.6,651.6,0.0,0.0,1.0
City-C,T5,2x,320.0,S0a_RoutineOracle,cross_regime,M_stress,650,True,1,651.6,425.2,0.0,0.3476,1.0
City-C,T5,2x,320.0,S0b_StressOracle,routine,M_routine,650,True,1,425.2,651.6,0.0,0.0,1.0
City-C,T5,2x,320.0,S0b_StressOracle,cross_regime,M_stress,650,True,1,425.2,425.2,0.0,0.0,1.0
City-C,T5,2x,320.0,S1_CapRR,routine,M_routine,650,True,1,648.6,651.6,0.0,0.0,1.0
City-C,T5,2x,320.0,S1_CapRR,cross_regime,M_stress,650,True,1,648.6,425.2,0.0,0.3445,1.0
City-C,T5,2x,320.0,S2_Platform,routine,M_routine,650,True,1,451.5,651.6,0.0,0.0,1.0
City-C,T5,2x,320.0,S2_Platform,cross_regime,M_stress,650,True,1,451.5,425.2,0.0,0.0583,1.0
City-C,T5,2x,320.0,S3_Lin4,routine,M_routine,650,True,1,606.1,651.6,0.0,0.0,1.0
City-C,T5,2x,320.0,S3_Lin4,cross_regime,M_stress,650,True,1,606.1,425.2,0.0,0.2985,1.0
City-C,T5,2x,320.0,S4_GlobalCalib,routine,M_routine,650,True,1,643.7,651.6,0.0,0.0,1.0
City-C,T5,2x,320.0,S4_GlobalCalib,cross_regime,M_stress,650,True,1,643.7,425.2,0.0,0.3395,1.0
City-C,T5,2x,320.0,S5_CityCalib,routine,M_routine,650,True,1,644.2,651.6,0.0,0.0,1.0
City-C,T5,2x,320.0,S5_CityCalib,cross_regime,M_stress,650,True,1,644.2,425.2,0.0,0.34,1.0
City-C,T5,2x,320.0,S6_Q10,routine,M_routine,650,True,1,636.8,651.6,0.0,0.0,1.0
City-C,T5,2x,320.0,S6_Q10,cross_regime,M_stress,650,True,1,636.8,425.2,0.0,0.3324,1.0
City-C,T5,5x,800.0,S0a_RoutineOracle,routine,M_routine,650,True,2,1272.2,1272.2,0.0,0.0,1.0
City-C,T5,5x,800.0,S0a_RoutineOracle,cross_regime,M_stress,650,True,2,1272.2,831.7,0.0,0.3462,1.0
City-C,T5,5x,800.0,S0b_StressOracle,routine,M_routine,650,True,2,831.7,1272.2,0.0,0.0,1.0
City-C,T5,5x,800.0,S0b_StressOracle,cross_regime,M_stress,650,True,2,831.7,831.7,0.0,0.0,1.0
City-C,T5,5x,800.0,S1_CapRR,routine,M_routine,650,True,2,1266.8,1272.2,0.0,0.0,1.0
City-C,T5,5x,800.0,S1_CapRR,cross_regime,M_stress,650,True,2,1266.8,831.7,0.0,0.3435,1.0
City-C,T5,5x,800.0,S2_Platform,routine,M_routine,650,True,2,882.9,1158.0,0.0,0.0,1.0
City-C,T5,5x,800.0,S2_Platform,cross_regime,M_stress,650,True,2,882.9,759.8,40.2,0.1394,0.0
City-C,T5,5x,800.0,S3_Lin4,routine,M_routine,650,True,2,1185.4,1272.2,0.0,0.0,1.0
City-C,T5,5x,800.0,S3_Lin4,cross_regime,M_stress,650,True,2,1185.4,831.7,0.0,0.2984,1.0
City-C,T5,5x,800.0,S4_GlobalCalib,routine,M_routine,650,True,2,1257.3,1272.2,0.0,0.0,1.0
City-C,T5,5x,800.0,S4_GlobalCalib,cross_regime,M_stress,650,True,2,1257.3,831.7,0.0,0.3385,1.0
City-C,T5,5x,800.0,S5_CityCalib,routine,M_routine,650,True,2,1258.2,1272.2,0.0,0.0,1.0
City-C,T5,5x,800.0,S5_CityCalib,cross_regime,M_stress,650,True,2,1258.2,831.7,0.0,0.339,1.0
City-C,T5,5x,800.0,S6_Q10,routine,M_routine,650,True,2,1243.8,1272.2,0.0,0.0,1.0
City-C,T5,5x,800.0,S6_Q10,cross_regime,M_stress,650,True,2,1243.8,831.7,0.0,0.3313,1.0
City-C,T5,10x,1600.0,S0a_RoutineOracle,routine,M_routine,650,True,3,1838.2,1838.2,0.0,0.0,1.0
City-C,T5,10x,1600.0,S0a_RoutineOracle,cross_regime,M_stress,650,True,3,1838.2,1202.7,397.3,0.3457,0.0
City-C,T5,10x,1600.0,S0b_StressOracle,routine,M_routine,650,True,5,1875.3,2862.2,0.0,0.0,1.0
City-C,T5,10x,1600.0,S0b_StressOracle,cross_regime,M_stress,650,True,5,1875.3,1875.3,0.0,0.0,1.0
City-C,T5,10x,1600.0,S1_CapRR,routine,M_routine,650,True,3,1831.4,1838.2,0.0,0.0,1.0
City-C,T5,10x,1600.0,S1_CapRR,cross_regime,M_stress,650,True,3,1831.4,1202.7,397.3,0.3433,0.0
City-C,T5,10x,1600.0,S2_Platform,routine,M_routine,650,True,4,1670.1,2070.4,0.0,0.0,1.0
City-C,T5,10x,1600.0,S2_Platform,cross_regime,M_stress,650,True,4,1670.1,1364.3,235.7,0.1831,0.0
City-C,T5,10x,1600.0,S3_Lin4,routine,M_routine,650,True,3,1757.3,1838.2,0.0,0.0,1.0
City-C,T5,10x,1600.0,S3_Lin4,cross_regime,M_stress,650,True,3,1757.3,1202.7,397.3,0.3156,0.0
City-C,T5,10x,1600.0,S4_GlobalCalib,routine,M_routine,650,True,3,1817.6,1838.2,0.0,0.0,1.0
City-C,T5,10x,1600.0,S4_GlobalCalib,cross_regime,M_stress,650,True,3,1817.6,1202.7,397.3,0.3383,0.0
City-C,T5,10x,1600.0,S5_CityCalib,routine,M_routine,650,True,3,1819.0,1838.2,0.0,0.0,1.0
City-C,T5,10x,1600.0,S5_CityCalib,cross_regime,M_stress,650,True,3,1819.0,1202.7,397.3,0.3388,0.0
City-C,T5,10x,1600.0,S6_Q10,routine,M_routine,650,True,3,1798.1,1838.2,0.0,0.0,1.0
City-C,T5,10x,1600.0,S6_Q10,cross_regime,M_stress,650,True,3,1798.1,1202.7,397.3,0.3311,0.0
