seed_id,master_seed,gen_time_s,replay_time_s,tsr_routine_1x_S0a_RoutineOracle,ocr_routine_1x_S0a_RoutineOracle,nsel_routine_1x_S0a_RoutineOracle,tsr_routine_1x_S0b_StressOracle,ocr_routine_1x_S0b_StressOracle,nsel_routine_1x_S0b_StressOracle,tsr_routine_1x_S1_CapRR,ocr_routine_1x_S1_CapRR,nsel_routine_1x_S1_CapRR,tsr_routine_1x_S2_Platform,ocr_routine_1x_S2_Platform,nsel_routine_1x_S2_Platform,tsr_routine_1x_S3_Lin4,ocr_routine_1x_S3_Lin4,nsel_routine_1x_S3_Lin4,tsr_routine_1x_S4_GlobalCalib,ocr_routine_1x_S4_GlobalCalib,nsel_routine_1x_S4_GlobalCalib,tsr_routine_1x_S5_CityCalib,ocr_routine_1x_S5_CityCalib,nsel_routine_1x_S5_CityCalib,tsr_routine_1x_S6_Q10,ocr_routine_1x_S6_Q10,nsel_routine_1x_S6_Q10,tsr_routine_2x_S0a_RoutineOracle,ocr_routine_2x_S0a_RoutineOracle,nsel_routine_2x_S0a_RoutineOracle,tsr_routine_2x_S0b_StressOracle,ocr_routine_2x_S0b_StressOracle,nsel_routine_2x_S0b_StressOracle,tsr_routine_2x_S1_CapRR,ocr_routine_2x_S1_CapRR,nsel_routine_2x_S1_CapRR,tsr_routine_2x_S2_Platform,ocr_routine_2x_S2_Platform,nsel_routine_2x_S2_Platform,tsr_routine_2x_S3_Lin4,ocr_routine_2x_S3_Lin4,nsel_routine_2x_S3_Lin4,tsr_routine_2x_S4_GlobalCalib,ocr_routine_2x_S4_GlobalCalib,nsel_routine_2x_S4_GlobalCalib,tsr_routine_2x_S5_CityCalib,ocr_routine_2x_S5_CityCalib,nsel_routine_2x_S5_CityCalib,tsr_routine_2x_S6_Q10,ocr_routine_2x_S6_Q10,nsel_routine_2x_S6_Q10,tsr_routine_5x_S0a_RoutineOracle,ocr_routine_5x_S0a_RoutineOracle,nsel_routine_5x_S0a_RoutineOracle,tsr_routine_5x_S0b_StressOracle,ocr_routine_5x_S0b_StressOracle,nsel_routine_5x_S0b_StressOracle,tsr_routine_5x_S1_CapRR,ocr_routine_5x_S1_CapRR,nsel_routine_5x_S1_CapRR,tsr_routine_5x_S2_Platform,ocr_routine_5x_S2_Platform,nsel_routine_5x_S2_Platform,tsr_routine_5x_S3_Lin4,ocr_routine_5x_S3_Lin4,nsel_routine_5x_S3_Lin4,tsr_routine_5x_S4_GlobalCalib,ocr_routine_5x_S4_GlobalCalib,nsel_routine_5x_S4_GlobalCalib,tsr_routine_5x_S5_CityCalib,ocr_routine_5x_S5_CityCalib,nsel_routine_5x_S5_CityCalib,tsr_routine_5x_S6_Q10,ocr_routine_5x_S6_Q10,nsel_routine_5x_S6_Q10,tsr_routine_10x_S0a_RoutineOracle,ocr_routine_10x_S0a_RoutineOracle,nsel_routine_10x_S0a_RoutineOracle,tsr_routine_10x_S0b_StressOracle,ocr_routine_10x_S0b_StressOracle,nsel_routine_10x_S0b_StressOracle,tsr_routine_10x_S1_CapRR,ocr_routine_10x_S1_CapRR,nsel_routine_10x_S1_CapRR,tsr_routine_10x_S2_Platform,ocr_routine_10x_S2_Platform,nsel_routine_10x_S2_Platform,tsr_routine_10x_S3_Lin4,ocr_routine_10x_S3_Lin4,nsel_routine_10x_S3_Lin4,tsr_routine_10x_S4_GlobalCalib,ocr_routine_10x_S4_GlobalCalib,nsel_routine_10x_S4_GlobalCalib,tsr_routine_10x_S5_CityCalib,ocr_routine_10x_S5_CityCalib,nsel_routine_10x_S5_CityCalib,tsr_routine_10x_S6_Q10,ocr_routine_10x_S6_Q10,nsel_routine_10x_S6_Q10,tsr_cross_regime_1x_S0a_RoutineOracle,ocr_cross_regime_1x_S0a_RoutineOracle,nsel_cross_regime_1x_S0a_RoutineOracle,tsr_cross_regime_1x_S0b_StressOracle,ocr_cross_regime_1x_S0b_StressOracle,nsel_cross_regime_1x_S0b_StressOracle,tsr_cross_regime_1x_S1_CapRR,ocr_cross_regime_1x_S1_CapRR,nsel_cross_regime_1x_S1_CapRR,tsr_cross_regime_1x_S2_Platform,ocr_cross_regime_1x_S2_Platform,nsel_cross_regime_1x_S2_Platform,tsr_cross_regime_1x_S3_Lin4,ocr_cross_regime_1x_S3_Lin4,nsel_cross_regime_1x_S3_Lin4,tsr_cross_regime_1x_S4_GlobalCalib,ocr_cross_regime_1x_S4_GlobalCalib,nsel_cross_regime_1x_S4_GlobalCalib,tsr_cross_regime_1x_S5_CityCalib,ocr_cross_regime_1x_S5_CityCalib,nsel_cross_regime_1x_S5_CityCalib,tsr_cross_regime_1x_S6_Q10,ocr_cross_regime_1x_S6_Q10,nsel_cross_regime_1x_S6_Q10,tsr_cross_regime_2x_S0a_RoutineOracle,ocr_cross_regime_2x_S0a_RoutineOracle,nsel_cross_regime_2x_S0a_RoutineOracle,tsr_cross_regime_2x_S0b_StressOracle,ocr_cross_regime_2x_S0b_StressOracle,nsel_cross_regime_2x_S0b_StressOracle,tsr_cross_regime_2x_S1_CapRR,ocr_cross_regime_2x_S1_CapRR,nsel_cross_regime_2x_S1_CapRR,tsr_cross_regime_2x_S2_Platform,ocr_cross_regime_2x_S2_Platform,nsel_cross_regime_2x_S2_Platform,tsr_cross_regime_2x_S3_Lin4,ocr_cross_regime_2x_S3_Lin4,nsel_cross_regime_2x_S3_Lin4,tsr_cross_regime_2x_S4_GlobalCalib,ocr_cross_regime_2x_S4_GlobalCalib,nsel_cross_regime_2x_S4_GlobalCalib,tsr_cross_regime_2x_S5_CityCalib,ocr_cross_regime_2x_S5_CityCalib,nsel_cross_regime_2x_S5_CityCalib,tsr_cross_regime_2x_S6_Q10,ocr_cross_regime_2x_S6_Q10,nsel_cross_regime_2x_S6_Q10,tsr_cross_regime_5x_S0a_RoutineOracle,ocr_cross_regime_5x_S0a_RoutineOracle,nsel_cross_regime_5x_S0a_RoutineOracle,tsr_cross_regime_5x_S0b_StressOracle,ocr_cross_regime_5x_S0b_StressOracle,nsel_cross_regime_5x_S0b_StressOracle,tsr_cross_regime_5x_S1_CapRR,ocr_cross_regime_5x_S1_CapRR,nsel_cross_regime_5x_S1_CapRR,tsr_cross_regime_5x_S2_Platform,ocr_cross_regime_5x_S2_Platform,nsel_cross_regime_5x_S2_Platform,tsr_cross_regime_5x_S3_Lin4,ocr_cross_regime_5x_S3_Lin4,nsel_cross_regime_5x_S3_Lin4,tsr_cross_regime_5x_S4_GlobalCalib,ocr_cross_regime_5x_S4_GlobalCalib,nsel_cross_regime_5x_S4_GlobalCalib,tsr_cross_regime_5x_S5_CityCalib,ocr_cross_regime_5x_S5_CityCalib,nsel_cross_regime_5x_S5_CityCalib,tsr_cross_regime_5x_S6_Q10,ocr_cross_regime_5x_S6_Q10,nsel_cross_regime_5x_S6_Q10,tsr_cross_regime_10x_S0a_RoutineOracle,ocr_cross_regime_10x_S0a_RoutineOracle,nsel_cross_regime_10x_S0a_RoutineOracle,tsr_cross_regime_10x_S0b_StressOracle,ocr_cross_regime_10x_S0b_StressOracle,nsel_cross_regime_10x_S0b_StressOracle,tsr_cross_regime_10x_S1_CapRR,ocr_cross_regime_10x_S1_CapRR,nsel_cross_regime_10x_S1_CapRR,tsr_cross_regime_10x_S2_Platform,ocr_cross_regime_10x_S2_Platform,nsel_cross_regime_10x_S2_Platform,tsr_cross_regime_10x_S3_Lin4,ocr_cross_regime_10x_S3_Lin4,nsel_cross_regime_10x_S3_Lin4,tsr_cross_regime_10x_S4_GlobalCalib,ocr_cross_regime_10x_S4_GlobalCalib,nsel_cross_regime_10x_S4_GlobalCalib,tsr_cross_regime_10x_S5_CityCalib,ocr_cross_regime_10x_S5_CityCalib,nsel_cross_regime_10x_S5_CityCalib,tsr_cross_regime_10x_S6_Q10,ocr_cross_regime_10x_S6_Q10,nsel_cross_regime_10x_S6_Q10
0,2048,22.463767290115356,3.1681079864501953,100.0,0.0,1.0,100.0,0.021293333333333334,1.0,100.0,0.29762000000000005,1.0,100.0,0.11080000000000001,1.0,100.0,0.040246666666666674,1.0,100.0,0.023486666666666666,1.0,100.0,0.022273333333333332,1.0,100.0,0.0,1.0,100.0,0.0,1.0666666666666667,100.0,0.020326666666666666,1.4,86.66666666666667,0.29762000000000005,1.0,80.0,0.12707333333333334,1.1333333333333333,100.0,0.043473333333333336,1.2,100.0,0.05260666666666667,1.2,100.0,0.051179999999999996,1.2,100.0,0.0,1.6666666666666667,100.0,0.0,2.2666666666666666,100.0,0.007206666666666667,3.4,33.33333333333333,0.35328666666666664,1.9333333333333333,73.33333333333333,0.09820000000000002,2.533333333333333,100.0,0.03203333333333334,2.7333333333333334,80.0,0.06692666666666666,2.6,80.0,0.06669333333333333,2.6,100.0,0.0,3.6666666666666665,100.0,0.0,4.4,100.0,0.0,6.8,6.666666666666667,0.3293466666666667,3.2666666666666666,60.0,0.06664666666666667,5.0,80.0,0.04313999999999999,5.133333333333334,86.66666666666667,0.04262,5.0,86.66666666666667,0.04208,5.0,100.0,0.0,7.133333333333334,86.66666666666667,0.4718466666666667,1.0,100.0,0.0,1.0,86.66666666666667,0.5446666666666666,1.0,80.0,0.3772933333333333,1.0,86.66666666666667,0.30707999999999996,1.0,86.66666666666667,0.31549333333333335,1.0,86.66666666666667,0.3153066666666666,1.0,86.66666666666667,0.11195333333333334,1.0,33.33333333333333,0.46578666666666657,1.0666666666666667,100.0,0.0,1.4,53.333333333333336,0.5446666666666666,1.0,40.0,0.37879333333333337,1.1333333333333333,60.0,0.3107533333333333,1.2,73.33333333333333,0.31454,1.2,73.33333333333333,0.31437999999999994,1.2,100.0,0.06829333333333333,1.6666666666666667,6.666666666666667,0.45857333333333333,2.2666666666666666,100.0,0.0,3.4,6.666666666666667,0.5484933333333334,1.9333333333333333,6.666666666666667,0.36728666666666665,2.533333333333333,33.33333333333333,0.30192666666666673,2.7333333333333334,26.666666666666668,0.32137333333333334,2.6,26.666666666666668,0.32112666666666667,2.6,86.66666666666667,0.05918666666666666,3.6666666666666665,0.0,0.4483933333333334,4.4,100.0,0.0,6.8,0.0,0.55686,3.2666666666666666,6.666666666666667,0.3547933333333333,5.0,6.666666666666667,0.3093866666666667,5.133333333333334,0.0,0.3303266666666666,5.0,0.0,0.32985333333333333,5.0,66.66666666666666,0.042466666666666666,7.133333333333334
1,1000002048,23.46900486946106,3.0327939987182617,100.0,0.0,1.0,93.33333333333333,0.05338,1.0,100.0,0.37986666666666663,1.0,100.0,0.10982666666666668,1.0,100.0,0.08769999999999999,1.0,100.0,0.12719333333333335,1.0,100.0,0.12776,1.0,100.0,0.019273333333333333,1.0,100.0,0.0,1.0666666666666667,93.33333333333333,0.024726666666666668,1.4666666666666666,80.0,0.37986666666666663,1.0,80.0,0.09539333333333334,1.1333333333333333,93.33333333333333,0.06964,1.2,93.33333333333333,0.11800000000000001,1.2,86.66666666666667,0.11467999999999999,1.1333333333333333,93.33333333333333,0.010846666666666668,1.6666666666666667,100.0,0.0,2.3333333333333335,100.0,0.0,3.3333333333333335,46.666666666666664,0.38095999999999997,1.9333333333333333,73.33333333333333,0.07036666666666666,2.533333333333333,93.33333333333333,0.040740000000000005,2.7333333333333334,86.66666666666667,0.07250666666666666,2.6,86.66666666666667,0.07275999999999999,2.6,100.0,0.0,3.533333333333333,100.0,0.0,4.533333333333333,100.0,0.0,6.866666666666666,6.666666666666667,0.36367333333333324,3.2666666666666666,60.0,0.06560666666666666,5.0,80.0,0.05158,5.133333333333334,73.33333333333333,0.042266666666666675,5.0,73.33333333333333,0.043486666666666667,5.0,100.0,0.0,7.133333333333334,80.0,0.4932666666666667,1.0,100.0,0.0,1.0,86.66666666666667,0.5880333333333334,1.0,93.33333333333333,0.30329333333333336,1.0,93.33333333333333,0.32499333333333336,1.0,86.66666666666667,0.3777133333333334,1.0,86.66666666666667,0.37828666666666666,1.0,86.66666666666667,0.15193333333333334,1.0,26.666666666666668,0.49376,1.0666666666666667,100.0,0.0,1.4666666666666666,33.33333333333333,0.5880333333333334,1.0,66.66666666666666,0.29581333333333326,1.1333333333333333,40.0,0.3271866666666667,1.2,53.333333333333336,0.3786066666666667,1.2,46.666666666666664,0.3710666666666666,1.1333333333333333,73.33333333333333,0.12913333333333332,1.6666666666666667,6.666666666666667,0.4586333333333333,2.3333333333333335,100.0,0.0,3.3333333333333335,0.0,0.5711200000000001,1.9333333333333333,0.0,0.34669333333333335,2.533333333333333,6.666666666666667,0.3584466666666667,2.7333333333333334,20.0,0.35127333333333327,2.6,20.0,0.35156000000000004,2.6,66.66666666666666,0.09922666666666666,3.533333333333333,0.0,0.44070000000000004,4.533333333333333,100.0,0.0,6.866666666666666,0.0,0.5720933333333333,3.2666666666666666,0.0,0.34994666666666663,5.0,6.666666666666667,0.3196933333333334,5.133333333333334,0.0,0.34784000000000004,5.0,0.0,0.3482133333333334,5.0,66.66666666666666,0.06496666666666667,7.133333333333334
2,2000002048,23.07529592514038,3.2259318828582764,100.0,0.0,1.0,100.0,0.0,1.0,100.0,0.33853333333333324,1.0,100.0,0.06542666666666667,1.0,100.0,0.05065333333333333,1.0,100.0,0.08433333333333334,1.0,100.0,0.08464666666666666,1.0,100.0,0.01096,1.0,100.0,0.0,1.0666666666666667,100.0,0.0,1.6,86.66666666666667,0.33853333333333324,1.0,93.33333333333333,0.06542666666666667,1.1333333333333333,100.0,0.04899333333333333,1.2,93.33333333333333,0.08335333333333335,1.2,93.33333333333333,0.08323333333333331,1.2,93.33333333333333,0.01096,1.6666666666666667,100.0,0.0,2.2666666666666666,100.0,0.0,3.4,33.33333333333333,0.33361999999999997,1.9333333333333333,93.33333333333333,0.022813333333333338,2.533333333333333,93.33333333333333,0.02866,2.7333333333333334,93.33333333333333,0.04817333333333333,2.6,93.33333333333333,0.04855333333333334,2.6,100.0,0.0,3.6,100.0,0.0,4.266666666666667,100.0,0.0,6.933333333333334,0.0,0.32205999999999996,3.2666666666666666,66.66666666666666,0.06531333333333333,5.0,86.66666666666667,0.02426666666666667,5.133333333333334,80.0,0.045739999999999996,5.0,80.0,0.04637333333333333,5.0,100.0,0.0,7.066666666666666,86.66666666666667,0.4504866666666666,1.0,100.0,0.0,1.0,86.66666666666667,0.5830933333333335,1.0,100.0,0.3347266666666666,1.0,93.33333333333333,0.2968466666666666,1.0,86.66666666666667,0.37544666666666665,1.0,86.66666666666667,0.3759933333333334,1.0,86.66666666666667,0.13097333333333336,1.0,6.666666666666667,0.45352,1.0666666666666667,100.0,0.0,1.6,20.0,0.5830933333333335,1.0,26.666666666666668,0.3387266666666667,1.1333333333333333,40.0,0.28148,1.2,33.33333333333333,0.3841466666666667,1.2,33.33333333333333,0.38462,1.2,73.33333333333333,0.11972666666666668,1.6666666666666667,0.0,0.46501333333333333,2.2666666666666666,100.0,0.0,3.4,0.0,0.57424,1.9333333333333333,6.666666666666667,0.33082000000000006,2.533333333333333,13.333333333333334,0.3030333333333334,2.7333333333333334,6.666666666666667,0.35050000000000003,2.6,6.666666666666667,0.35084,2.6,80.0,0.06066666666666667,3.6,0.0,0.4419266666666667,4.266666666666667,100.0,0.0,6.933333333333334,0.0,0.5629466666666666,3.2666666666666666,0.0,0.3451866666666667,5.0,6.666666666666667,0.31061333333333335,5.133333333333334,0.0,0.33398000000000005,5.0,0.0,0.3342133333333333,5.0,66.66666666666666,0.05103333333333334,7.066666666666666
3,3000002048,21.746102333068848,3.1087169647216797,100.0,0.0,1.0,100.0,0.04018,1.0,100.0,0.39875333333333335,1.0,100.0,0.07478666666666665,1.0,100.0,0.12390666666666666,1.0,100.0,0.12077333333333334,1.0,100.0,0.12102666666666666,1.0,100.0,0.006673333333333333,1.0,100.0,0.0,1.1333333333333333,100.0,0.02021333333333333,1.6,80.0,0.39875333333333335,1.0,86.66666666666667,0.07239999999999999,1.1333333333333333,86.66666666666667,0.11654,1.2,93.33333333333333,0.12673333333333334,1.2,93.33333333333333,0.12697333333333333,1.2,100.0,0.0026400000000000004,1.6666666666666667,100.0,0.0,2.4,93.33333333333333,0.010033333333333333,3.4,40.0,0.36026,1.9333333333333333,66.66666666666666,0.0986,2.533333333333333,86.66666666666667,0.049300000000000004,2.7333333333333334,80.0,0.07346,2.6,80.0,0.07441999999999999,2.6,100.0,0.0012466666666666668,3.6,100.0,0.0,4.533333333333333,100.0,0.0,6.866666666666666,0.0,0.3763666666666666,3.2666666666666666,60.0,0.09158666666666666,5.0,86.66666666666667,0.03977333333333333,5.133333333333334,86.66666666666667,0.060500000000000005,5.0,86.66666666666667,0.06195333333333333,5.0,100.0,0.0,7.133333333333334,93.33333333333333,0.45827999999999997,1.0,100.0,0.0,1.0,86.66666666666667,0.5791266666666667,1.0,93.33333333333333,0.3137666666666667,1.0,93.33333333333333,0.3615466666666667,1.0,86.66666666666667,0.36613999999999997,1.0,86.66666666666667,0.36575333333333326,1.0,86.66666666666667,0.12027333333333333,1.0,20.0,0.44976000000000005,1.1333333333333333,100.0,0.0,1.6,26.666666666666668,0.5791266666666667,1.0,46.666666666666664,0.3105533333333333,1.1333333333333333,33.33333333333333,0.34623333333333334,1.2,46.666666666666664,0.3582733333333333,1.2,46.666666666666664,0.3579933333333333,1.2,86.66666666666667,0.10168666666666668,1.6666666666666667,0.0,0.45558000000000004,2.4,100.0,0.0,3.4,6.666666666666667,0.5583600000000001,1.9333333333333333,13.333333333333334,0.33592,2.533333333333333,0.0,0.36939333333333335,2.7333333333333334,20.0,0.3246866666666667,2.6,20.0,0.3244600000000001,2.6,86.66666666666667,0.06306666666666666,3.6,0.0,0.4574466666666666,4.533333333333333,100.0,0.0,6.866666666666666,0.0,0.5663866666666667,3.2666666666666666,0.0,0.33763333333333334,5.0,0.0,0.3264666666666667,5.133333333333334,0.0,0.34236000000000005,5.0,0.0,0.34213999999999994,5.0,46.666666666666664,0.06511333333333333,7.133333333333334
4,4000002048,22.47920250892639,3.1686654090881348,100.0,0.0,1.0,100.0,0.013900000000000001,1.0,100.0,0.29617333333333334,1.0,100.0,0.08378666666666666,1.0,100.0,0.08111333333333334,1.0,100.0,0.06606,1.0,100.0,0.06692666666666666,1.0,100.0,0.01392,1.0,100.0,0.0,1.0666666666666667,100.0,0.0,1.5333333333333334,86.66666666666667,0.29617333333333334,1.0,86.66666666666667,0.07801999999999999,1.1333333333333333,86.66666666666667,0.06792666666666668,1.2,93.33333333333333,0.06065333333333333,1.1333333333333333,93.33333333333333,0.06119333333333333,1.1333333333333333,100.0,0.0,1.6666666666666667,100.0,0.0,2.2666666666666666,100.0,0.0,3.4,60.0,0.2942533333333333,1.9333333333333333,80.0,0.04988,2.533333333333333,80.0,0.032466666666666665,2.6666666666666665,86.66666666666667,0.03645333333333333,2.533333333333333,86.66666666666667,0.036893333333333334,2.6,100.0,0.0,3.533333333333333,100.0,0.0,4.2,100.0,0.0,6.866666666666666,6.666666666666667,0.29788666666666674,3.2666666666666666,73.33333333333333,0.039479999999999994,5.0,80.0,0.03555333333333333,5.0,93.33333333333333,0.028679999999999994,4.933333333333334,93.33333333333333,0.029179999999999994,4.866666666666666,100.0,0.0,6.933333333333334,86.66666666666667,0.5166733333333334,1.0,100.0,0.0,1.0,93.33333333333333,0.5844466666666667,1.0,80.0,0.43358666666666673,1.0,100.0,0.32394000000000006,1.0,93.33333333333333,0.38452666666666663,1.0,93.33333333333333,0.38510666666666654,1.0,93.33333333333333,0.1416933333333333,1.0,40.0,0.5154733333333333,1.0666666666666667,100.0,0.0,1.5333333333333334,33.33333333333333,0.5844466666666667,1.0,33.33333333333333,0.4433533333333334,1.1333333333333333,46.666666666666664,0.3503933333333334,1.2,46.666666666666664,0.39388,1.1333333333333333,46.666666666666664,0.39440666666666657,1.1333333333333333,86.66666666666667,0.11871999999999999,1.6666666666666667,6.666666666666667,0.5190466666666667,2.2666666666666666,100.0,0.0,3.4,0.0,0.58446,1.9333333333333333,0.0,0.41242000000000006,2.533333333333333,13.333333333333334,0.3562399999999999,2.6666666666666665,13.333333333333334,0.3807733333333333,2.533333333333333,13.333333333333334,0.3754466666666667,2.6,66.66666666666666,0.09190666666666666,3.533333333333333,0.0,0.4761666666666667,4.2,100.0,0.0,6.866666666666666,0.0,0.5742466666666667,3.2666666666666666,0.0,0.39258666666666664,5.0,0.0,0.32954,5.0,0.0,0.3848266666666666,4.933333333333334,0.0,0.3820733333333333,4.866666666666666,26.666666666666668,0.08643333333333335,6.933333333333334
5,5000002048,22.700639247894287,3.198089361190796,100.0,0.0,1.0,100.0,0.009293333333333332,1.0,100.0,0.33642,1.0,100.0,0.05999333333333333,1.0,100.0,0.048133333333333334,1.0,100.0,0.06877333333333333,1.0,100.0,0.06740666666666667,1.0,100.0,0.0,1.0,100.0,0.0,1.0,100.0,0.009293333333333332,1.4666666666666666,93.33333333333333,0.33642,1.0,93.33333333333333,0.05672,1.1333333333333333,100.0,0.03578666666666666,1.2,100.0,0.06496,1.2,100.0,0.06355333333333334,1.2,100.0,0.0031333333333333335,1.6666666666666667,100.0,0.0,2.3333333333333335,100.0,0.010313333333333334,3.4,33.33333333333333,0.34824,1.9333333333333333,86.66666666666667,0.07406,2.533333333333333,86.66666666666667,0.04808,2.6666666666666665,86.66666666666667,0.07182,2.6,86.66666666666667,0.07253333333333334,2.6,100.0,0.0,3.6,100.0,0.0,4.333333333333333,100.0,0.0009733333333333333,6.866666666666666,0.0,0.3238866666666667,3.2666666666666666,66.66666666666666,0.05892,5.0,93.33333333333333,0.038033333333333336,5.066666666666666,86.66666666666667,0.05448666666666666,5.0,80.0,0.05116666666666667,4.8,100.0,0.0,7.133333333333334,93.33333333333333,0.53446,1.0,100.0,0.0,1.0,100.0,0.56002,1.0,100.0,0.37411333333333324,1.0,93.33333333333333,0.3613133333333334,1.0,100.0,0.3444666666666667,1.0,100.0,0.34447999999999995,1.0,100.0,0.11928,1.0,13.333333333333334,0.53446,1.0,100.0,0.0,1.4666666666666666,20.0,0.56002,1.0,33.33333333333333,0.38399999999999995,1.1333333333333333,26.666666666666668,0.3547,1.2,40.0,0.36660000000000004,1.2,40.0,0.36674,1.2,80.0,0.09936666666666666,1.6666666666666667,6.666666666666667,0.46314000000000005,2.3333333333333335,100.0,0.0,3.4,0.0,0.5736066666666666,1.9333333333333333,6.666666666666667,0.36163333333333336,2.533333333333333,6.666666666666667,0.3331,2.6666666666666665,20.0,0.3788000000000001,2.6,20.0,0.3790933333333334,2.6,60.0,0.08600000000000001,3.6,0.0,0.44393333333333335,4.333333333333333,100.0,0.0,6.866666666666666,0.0,0.5706333333333333,3.2666666666666666,6.666666666666667,0.36018666666666665,5.0,6.666666666666667,0.33648,5.066666666666666,0.0,0.35273333333333334,5.0,0.0,0.35244,4.8,66.66666666666666,0.06037333333333333,7.133333333333334
6,6000002048,22.151000499725342,3.253328800201416,100.0,0.0,1.0,100.0,0.052719999999999996,1.0,100.0,0.37682,1.0,100.0,0.1278133333333333,1.0,100.0,0.12481333333333332,1.0,100.0,0.14032,1.0,100.0,0.14231999999999997,1.0,100.0,0.02018666666666667,1.0,100.0,0.0,1.0,93.33333333333333,0.04378666666666667,1.5333333333333334,73.33333333333333,0.37682,1.0,73.33333333333333,0.1278133333333333,1.1333333333333333,80.0,0.12437999999999999,1.2,80.0,0.13020666666666666,1.2,73.33333333333333,0.14231999999999997,1.1333333333333333,93.33333333333333,0.018799999999999997,1.6666666666666667,100.0,0.0,2.2666666666666666,100.0,0.0021533333333333335,3.3333333333333335,40.0,0.37845333333333336,1.9333333333333333,73.33333333333333,0.08682,2.533333333333333,93.33333333333333,0.04372000000000001,2.7333333333333334,86.66666666666667,0.09532666666666666,2.6,86.66666666666667,0.09535999999999999,2.6,100.0,0.0,3.6,100.0,0.0,4.266666666666667,100.0,0.004593333333333334,6.8,6.666666666666667,0.35831999999999997,3.2666666666666666,80.0,0.050686666666666665,5.0,93.33333333333333,0.03708,5.133333333333334,86.66666666666667,0.040253333333333335,5.0,80.0,0.041633333333333335,4.866666666666666,100.0,0.0,7.133333333333334,93.33333333333333,0.5174466666666667,1.0,100.0,0.0,1.0,93.33333333333333,0.5317466666666667,1.0,93.33333333333333,0.33219333333333334,1.0,93.33333333333333,0.30635999999999997,1.0,93.33333333333333,0.29988666666666663,1.0,93.33333333333333,0.30036000000000007,1.0,93.33333333333333,0.06502666666666666,1.0,13.333333333333334,0.5174466666666667,1.0,100.0,0.0,1.5333333333333334,40.0,0.5317466666666667,1.0,46.666666666666664,0.32811999999999997,1.1333333333333333,53.333333333333336,0.2890466666666666,1.2,60.0,0.29185333333333324,1.2,53.333333333333336,0.2966133333333334,1.1333333333333333,93.33333333333333,0.060026666666666666,1.6666666666666667,0.0,0.48119333333333336,2.2666666666666666,100.0,0.0,3.3333333333333335,0.0,0.5378533333333334,1.9333333333333333,13.333333333333334,0.33048666666666665,2.533333333333333,20.0,0.31894666666666666,2.7333333333333334,20.0,0.30210000000000004,2.6,20.0,0.30261333333333335,2.6,86.66666666666667,0.03164,3.6,0.0,0.48256,4.266666666666667,100.0,0.0,6.8,0.0,0.5368066666666667,3.2666666666666666,0.0,0.3215666666666667,5.0,0.0,0.29096,5.133333333333334,0.0,0.3225133333333333,5.0,0.0,0.32044666666666666,4.866666666666666,80.0,0.03875333333333333,7.133333333333334
7,7000002048,22.43554973602295,3.2309370040893555,100.0,0.0,1.0,100.0,0.0045000000000000005,1.0,100.0,0.36286,1.0,100.0,0.12018000000000001,1.0,100.0,0.10734666666666666,1.0,100.0,0.12002666666666667,1.0,100.0,0.11767333333333334,1.0,100.0,0.02362,1.0,100.0,0.0,1.0666666666666667,100.0,0.0,1.5333333333333334,73.33333333333333,0.36286,1.0,73.33333333333333,0.11247333333333334,1.1333333333333333,86.66666666666667,0.09574666666666666,1.2,86.66666666666667,0.10518000000000001,1.2,86.66666666666667,0.10271333333333334,1.2,93.33333333333333,0.02362,1.6666666666666667,100.0,0.0,2.2666666666666666,100.0,0.008433333333333333,3.3333333333333335,46.666666666666664,0.3526333333333333,1.9333333333333333,73.33333333333333,0.08892000000000001,2.533333333333333,100.0,0.03743333333333333,2.7333333333333334,100.0,0.04956666666666667,2.6,100.0,0.04918666666666665,2.6,100.0,0.0,3.6,100.0,0.0,4.333333333333333,100.0,0.00562,6.866666666666666,6.666666666666667,0.32138666666666665,3.2666666666666666,40.0,0.08363333333333332,5.0,86.66666666666667,0.037026666666666666,5.2,86.66666666666667,0.03048,5.0,80.0,0.029953333333333332,4.866666666666666,100.0,0.0,7.066666666666666,86.66666666666667,0.4577533333333333,1.0,100.0,0.0,1.0,80.0,0.5645066666666667,1.0,80.0,0.33992000000000006,1.0,86.66666666666667,0.27394,1.0,80.0,0.3469266666666666,1.0,80.0,0.34874666666666676,1.0,80.0,0.12037333333333336,1.0,40.0,0.4543066666666666,1.0666666666666667,100.0,0.0,1.5333333333333334,26.666666666666668,0.5645066666666667,1.0,40.0,0.33927333333333337,1.1333333333333333,46.666666666666664,0.28741999999999995,1.2,33.33333333333333,0.3578133333333333,1.2,33.33333333333333,0.3597733333333334,1.2,73.33333333333333,0.15479999999999997,1.6666666666666667,6.666666666666667,0.4419733333333333,2.2666666666666666,100.0,0.0,3.3333333333333335,0.0,0.5760333333333333,1.9333333333333333,13.333333333333334,0.33408666666666675,2.533333333333333,33.33333333333333,0.27446000000000004,2.7333333333333334,13.333333333333334,0.36158000000000007,2.6,13.333333333333334,0.36369999999999997,2.6,73.33333333333333,0.08515999999999999,3.6,0.0,0.4424466666666667,4.333333333333333,100.0,0.0,6.866666666666666,0.0,0.56756,3.2666666666666666,6.666666666666667,0.33660666666666667,5.0,6.666666666666667,0.31854666666666664,5.2,0.0,0.34725333333333336,5.0,0.0,0.35102666666666665,4.866666666666666,60.0,0.056626666666666665,7.066666666666666
8,8000002048,22.1756010055542,3.236055612564087,100.0,0.0,1.0,93.33333333333333,0.08479333333333333,1.0,100.0,0.28168,1.0,100.0,0.13402666666666666,1.0,100.0,0.08018666666666666,1.0,100.0,0.07671999999999998,1.0,100.0,0.07638666666666667,1.0,100.0,0.011686666666666668,1.0,100.0,0.0,1.2,86.66666666666667,0.061573333333333334,1.5333333333333334,73.33333333333333,0.28168,1.0,73.33333333333333,0.13240666666666664,1.1333333333333333,86.66666666666667,0.07995333333333333,1.2,86.66666666666667,0.0586,1.2,80.0,0.07427333333333334,1.1333333333333333,100.0,0.0005,1.6666666666666667,100.0,0.0,2.2,100.0,0.0,3.4,53.333333333333336,0.32246,1.9333333333333333,66.66666666666666,0.10584666666666666,2.533333333333333,86.66666666666667,0.04282666666666667,2.7333333333333334,80.0,0.058786666666666675,2.6,80.0,0.059766666666666655,2.6,100.0,0.0,3.6,100.0,0.0,4.2,100.0,0.0,6.933333333333334,20.0,0.31298666666666664,3.2666666666666666,66.66666666666666,0.08212000000000001,5.0,73.33333333333333,0.028913333333333333,5.133333333333334,86.66666666666667,0.04052666666666667,5.0,86.66666666666667,0.04016666666666667,5.0,100.0,0.0,7.133333333333334,93.33333333333333,0.43507333333333337,1.0,100.0,0.0,1.0,80.0,0.5689933333333334,1.0,80.0,0.3526733333333334,1.0,80.0,0.30687999999999993,1.0,80.0,0.3529800000000001,1.0,80.0,0.3534,1.0,80.0,0.11464666666666665,1.0,46.666666666666664,0.4576066666666667,1.2,100.0,0.0,1.5333333333333334,33.33333333333333,0.5689933333333334,1.0,33.33333333333333,0.36132000000000003,1.1333333333333333,46.666666666666664,0.3136133333333333,1.2,53.333333333333336,0.3546066666666666,1.2,46.666666666666664,0.3617266666666667,1.1333333333333333,93.33333333333333,0.10261999999999999,1.6666666666666667,0.0,0.45593333333333336,2.2,100.0,0.0,3.4,0.0,0.5731999999999999,1.9333333333333333,13.333333333333334,0.3676933333333333,2.533333333333333,13.333333333333334,0.3275733333333333,2.7333333333333334,13.333333333333334,0.34826,2.6,13.333333333333334,0.34858000000000006,2.6,86.66666666666667,0.07722,3.6,0.0,0.43784000000000006,4.2,100.0,0.0,6.933333333333334,0.0,0.5646199999999999,3.2666666666666666,6.666666666666667,0.3567266666666667,5.0,6.666666666666667,0.3210866666666667,5.133333333333334,0.0,0.34544,5.0,0.0,0.34544,5.0,60.0,0.052886666666666665,7.133333333333334
9,9000002048,23.046860218048096,3.319166898727417,100.0,0.0,1.0,100.0,0.033453333333333335,1.0,100.0,0.29602000000000006,1.0,100.0,0.11322,1.0,100.0,0.06045999999999999,1.0,100.0,0.027526666666666665,1.0,100.0,0.02968666666666667,1.0,100.0,0.0,1.0,100.0,0.0,1.0666666666666667,93.33333333333333,0.015826666666666666,1.5333333333333334,80.0,0.29602000000000006,1.0,80.0,0.11135333333333333,1.1333333333333333,93.33333333333333,0.06312,1.2,100.0,0.023999999999999997,1.2,100.0,0.026226666666666665,1.2,100.0,0.0,1.6666666666666667,100.0,0.0,2.2666666666666666,100.0,3.9999999999999996e-05,3.4,46.666666666666664,0.3089133333333333,1.9333333333333333,73.33333333333333,0.09740666666666667,2.533333333333333,100.0,0.01923333333333333,2.7333333333333334,93.33333333333333,0.03798000000000001,2.6,93.33333333333333,0.03717333333333333,2.6,100.0,0.0,3.6,100.0,0.0,4.6,100.0,0.0,6.666666666666667,6.666666666666667,0.29384000000000005,3.2666666666666666,60.0,0.07635333333333333,5.0,93.33333333333333,0.021346666666666667,5.2,86.66666666666667,0.02827333333333333,5.0,86.66666666666667,0.027553333333333332,5.0,100.0,0.0,7.133333333333334,93.33333333333333,0.4672266666666667,1.0,100.0,0.0,1.0,86.66666666666667,0.5827933333333334,1.0,80.0,0.40579333333333334,1.0,86.66666666666667,0.34706000000000004,1.0,86.66666666666667,0.3670733333333333,1.0,86.66666666666667,0.36678,1.0,86.66666666666667,0.1653133333333333,1.0,33.33333333333333,0.46036666666666665,1.0666666666666667,100.0,0.0,1.5333333333333334,26.666666666666668,0.5827933333333334,1.0,33.33333333333333,0.3972666666666666,1.1333333333333333,33.33333333333333,0.34976,1.2,40.0,0.3475466666666666,1.2,40.0,0.34735333333333335,1.2,80.0,0.11924666666666667,1.6666666666666667,6.666666666666667,0.4065733333333334,2.2666666666666666,100.0,0.0,3.4,0.0,0.5788733333333334,1.9333333333333333,13.333333333333334,0.35963999999999996,2.533333333333333,26.666666666666668,0.29388666666666663,2.7333333333333334,13.333333333333334,0.33879333333333334,2.6,13.333333333333334,0.3387466666666666,2.6,80.0,0.08004000000000001,3.6,0.0,0.4199733333333333,4.6,100.0,0.0,6.666666666666667,0.0,0.5625466666666666,3.2666666666666666,6.666666666666667,0.3294533333333334,5.0,6.666666666666667,0.2939133333333333,5.2,0.0,0.34579999999999994,5.0,0.0,0.34579999999999994,5.0,60.0,0.05984666666666667,7.133333333333334
10,10000002048,22.05508303642273,3.1249494552612305,100.0,0.0,1.0,100.0,0.022353333333333333,1.0,100.0,0.34754,1.0,100.0,0.16396666666666668,1.0,100.0,0.11935333333333335,1.0,100.0,0.12034666666666666,1.0,100.0,0.11879999999999999,1.0,100.0,0.005853333333333334,1.0,100.0,0.0,1.0666666666666667,100.0,0.022486666666666665,1.6666666666666667,73.33333333333333,0.34754,1.0,73.33333333333333,0.16608666666666666,1.1333333333333333,80.0,0.09784666666666668,1.2,80.0,0.12397333333333334,1.2,80.0,0.12348666666666666,1.1333333333333333,100.0,0.005853333333333334,1.6666666666666667,100.0,0.0,2.3333333333333335,100.0,0.010406666666666666,3.466666666666667,40.0,0.3675066666666666,1.9333333333333333,73.33333333333333,0.10984666666666666,2.533333333333333,93.33333333333333,0.0355,2.7333333333333334,100.0,0.06128,2.6,100.0,0.06043333333333334,2.533333333333333,100.0,0.0,3.533333333333333,100.0,0.0,4.4,100.0,0.0,6.866666666666666,6.666666666666667,0.3387933333333333,3.2666666666666666,73.33333333333333,0.07022666666666666,5.0,86.66666666666667,0.029953333333333332,5.133333333333334,86.66666666666667,0.024980000000000002,5.0,86.66666666666667,0.025966666666666662,5.0,100.0,0.0,6.933333333333334,80.0,0.5284133333333334,1.0,100.0,0.0,1.0,86.66666666666667,0.5746266666666667,1.0,86.66666666666667,0.3528466666666667,1.0,86.66666666666667,0.3204000000000001,1.0,86.66666666666667,0.36245999999999995,1.0,86.66666666666667,0.3620533333333333,1.0,86.66666666666667,0.12272,1.0,6.666666666666667,0.5298333333333333,1.0666666666666667,100.0,0.0,1.6666666666666667,20.0,0.5746266666666667,1.0,26.666666666666668,0.3556133333333334,1.1333333333333333,46.666666666666664,0.31966,1.2,33.33333333333333,0.3594866666666666,1.2,26.666666666666668,0.3648733333333334,1.1333333333333333,80.0,0.12119333333333333,1.6666666666666667,0.0,0.49878666666666666,2.3333333333333335,100.0,0.0,3.466666666666667,0.0,0.5648933333333334,1.9333333333333333,6.666666666666667,0.3625999999999999,2.533333333333333,6.666666666666667,0.32273999999999997,2.7333333333333334,20.0,0.34027999999999997,2.6,20.0,0.34080000000000005,2.533333333333333,80.0,0.06638666666666666,3.533333333333333,0.0,0.46628000000000003,4.4,100.0,0.0,6.866666666666666,0.0,0.5517533333333334,3.2666666666666666,0.0,0.36016666666666663,5.0,0.0,0.31656,5.133333333333334,0.0,0.3343666666666667,5.0,0.0,0.33404666666666666,5.0,46.666666666666664,0.06236,6.933333333333334
11,11000002048,22.51063370704651,3.1627228260040283,100.0,0.0,1.0,100.0,0.03658666666666666,1.0,100.0,0.39726666666666666,1.0,100.0,0.08381333333333332,1.0,93.33333333333333,0.16382,1.0,100.0,0.14912666666666669,1.0,100.0,0.14894000000000002,1.0,100.0,0.040106666666666665,1.0,100.0,0.0,1.1333333333333333,93.33333333333333,0.03658666666666666,1.3333333333333333,60.0,0.39726666666666666,1.0,86.66666666666667,0.07139333333333334,1.1333333333333333,73.33333333333333,0.15304666666666666,1.2,73.33333333333333,0.13323333333333334,1.2,73.33333333333333,0.13381333333333334,1.1333333333333333,93.33333333333333,0.03852,1.6666666666666667,100.0,0.0,2.2,93.33333333333333,0.016566666666666667,3.2,40.0,0.3645666666666667,1.9333333333333333,73.33333333333333,0.083,2.533333333333333,80.0,0.07023333333333333,2.7333333333333334,86.66666666666667,0.062066666666666666,2.6,86.66666666666667,0.06289333333333333,2.6,100.0,0.003973333333333333,3.533333333333333,100.0,0.0,4.266666666666667,100.0,0.0013866666666666667,6.6,13.333333333333334,0.33251333333333327,3.2666666666666666,73.33333333333333,0.06436,5.0,80.0,0.045013333333333336,5.133333333333334,86.66666666666667,0.05386,5.0,86.66666666666667,0.05432666666666666,5.0,100.0,0.0,6.933333333333334,93.33333333333333,0.4543133333333333,1.0,100.0,0.0,1.0,100.0,0.5255466666666668,1.0,100.0,0.2935933333333333,1.0,100.0,0.23681333333333335,1.0,100.0,0.28282666666666667,1.0,100.0,0.28454666666666667,1.0,100.0,0.07107333333333334,1.0,40.0,0.44558666666666663,1.1333333333333333,100.0,0.0,1.3333333333333333,46.666666666666664,0.5255466666666668,1.0,40.0,0.30258666666666667,1.1333333333333333,60.0,0.24699333333333331,1.2,60.0,0.3017,1.2,53.333333333333336,0.29325333333333337,1.1333333333333333,80.0,0.09461333333333334,1.6666666666666667,0.0,0.4629066666666667,2.2,100.0,0.0,3.2,6.666666666666667,0.5526933333333334,1.9333333333333333,6.666666666666667,0.34243333333333337,2.533333333333333,26.666666666666668,0.27055333333333326,2.7333333333333334,20.0,0.3167466666666667,2.6,20.0,0.31768666666666673,2.6,80.0,0.04462666666666667,3.533333333333333,0.0,0.4344133333333333,4.266666666666667,100.0,0.0,6.6,0.0,0.5537133333333333,3.2666666666666666,0.0,0.3406466666666666,5.0,0.0,0.28436000000000006,5.133333333333334,0.0,0.31694666666666665,5.0,0.0,0.31779999999999997,5.0,60.0,0.055453333333333334,6.933333333333334
12,12000002048,21.998581409454346,3.167046070098877,100.0,0.0,1.0,100.0,0.008033333333333333,1.0,100.0,0.36922666666666665,1.0,100.0,0.06082666666666666,1.0,100.0,0.06864666666666668,1.0,100.0,0.11160666666666666,1.0,100.0,0.11165333333333335,1.0,100.0,0.021766666666666667,1.0,100.0,0.0,1.0666666666666667,100.0,0.006546666666666668,1.6,73.33333333333333,0.36922666666666665,1.0,93.33333333333333,0.05826666666666666,1.1333333333333333,86.66666666666667,0.06903333333333332,1.2,86.66666666666667,0.10109333333333333,1.2,80.0,0.10855333333333334,1.1333333333333333,93.33333333333333,0.021766666666666667,1.6666666666666667,100.0,0.0,2.3333333333333335,100.0,0.0,3.466666666666667,46.666666666666664,0.3448866666666667,1.9333333333333333,86.66666666666667,0.05142000000000001,2.533333333333333,93.33333333333333,0.026206666666666663,2.7333333333333334,93.33333333333333,0.052173333333333335,2.6,93.33333333333333,0.05265333333333333,2.6,100.0,0.0,3.533333333333333,100.0,0.0,4.4,100.0,0.0,7.0,6.666666666666667,0.32991333333333334,3.2666666666666666,80.0,0.06620666666666666,5.0,86.66666666666667,0.02423333333333333,5.2,93.33333333333333,0.04918666666666667,5.0,93.33333333333333,0.049386666666666676,5.0,100.0,0.0,6.933333333333334,100.0,0.47113333333333335,1.0,100.0,0.0,1.0,100.0,0.5592400000000001,1.0,100.0,0.35780666666666666,1.0,93.33333333333333,0.32547333333333334,1.0,100.0,0.3392466666666667,1.0,100.0,0.33970666666666666,1.0,100.0,0.10253333333333334,1.0,13.333333333333334,0.4756533333333334,1.0666666666666667,100.0,0.0,1.6,26.666666666666668,0.5592400000000001,1.0,33.33333333333333,0.34646666666666665,1.1333333333333333,40.0,0.32202000000000003,1.2,46.666666666666664,0.32888666666666666,1.2,40.0,0.3288000000000001,1.1333333333333333,86.66666666666667,0.08436666666666667,1.6666666666666667,0.0,0.4539600000000001,2.3333333333333335,100.0,0.0,3.466666666666667,0.0,0.5656333333333332,1.9333333333333333,13.333333333333334,0.3711133333333334,2.533333333333333,6.666666666666667,0.3121066666666667,2.7333333333333334,0.0,0.36011999999999994,2.6,0.0,0.3604866666666666,2.6,66.66666666666666,0.08986666666666668,3.533333333333333,0.0,0.4424,4.4,100.0,0.0,7.0,0.0,0.5724000000000001,3.2666666666666666,0.0,0.3533933333333333,5.0,0.0,0.3155933333333334,5.2,0.0,0.3429133333333333,5.0,0.0,0.3432733333333333,5.0,53.333333333333336,0.055306666666666664,6.933333333333334
13,13000002048,22.27206039428711,3.2257425785064697,100.0,0.0,1.0,100.0,0.0533,1.0,100.0,0.3763666666666667,1.0,100.0,0.15355333333333332,1.0,100.0,0.10532000000000001,1.0,100.0,0.14254,1.0,100.0,0.14037333333333332,1.0,100.0,0.05001333333333333,1.0,100.0,0.0,1.1333333333333333,93.33333333333333,0.02622,1.6,60.0,0.3763666666666667,1.0,66.66666666666666,0.15377333333333335,1.1333333333333333,80.0,0.09070666666666667,1.2,73.33333333333333,0.15432666666666664,1.2,73.33333333333333,0.1512666666666667,1.2,93.33333333333333,0.04648666666666667,1.6666666666666667,100.0,0.0,2.4,100.0,0.0012666666666666666,3.3333333333333335,33.33333333333333,0.3922800000000001,1.9333333333333333,60.0,0.11363999999999999,2.533333333333333,80.0,0.08167333333333333,2.7333333333333334,60.0,0.10789333333333335,2.6,60.0,0.10663333333333333,2.6,100.0,0.0,3.533333333333333,100.0,0.0,4.466666666666667,100.0,0.0,6.866666666666666,0.0,0.37745333333333336,3.2666666666666666,60.0,0.09230666666666666,5.0,66.66666666666666,0.07026,5.2,80.0,0.07485333333333334,5.0,80.0,0.07313333333333333,5.0,100.0,0.0,6.933333333333334,100.0,0.47292666666666666,1.0,100.0,0.0,1.0,100.0,0.5649,1.0,93.33333333333333,0.33166666666666667,1.0,100.0,0.32298666666666664,1.0,100.0,0.3441000000000001,1.0,100.0,0.3433533333333333,1.0,100.0,0.10899333333333333,1.0,6.666666666666667,0.4872800000000001,1.1333333333333333,100.0,0.0,1.6,13.333333333333334,0.5649,1.0,40.0,0.3353066666666667,1.1333333333333333,20.0,0.3337266666666666,1.2,26.666666666666668,0.3446000000000001,1.2,26.666666666666668,0.34387333333333336,1.2,66.66666666666666,0.09782,1.6666666666666667,6.666666666666667,0.4429,2.4,100.0,0.0,3.3333333333333335,0.0,0.5605466666666669,1.9333333333333333,13.333333333333334,0.34788666666666673,2.533333333333333,6.666666666666667,0.30740000000000006,2.7333333333333334,13.333333333333334,0.32810666666666666,2.6,13.333333333333334,0.3273466666666666,2.6,86.66666666666667,0.08993333333333335,3.533333333333333,0.0,0.4517133333333333,4.466666666666667,100.0,0.0,6.866666666666666,0.0,0.56602,3.2666666666666666,0.0,0.3482133333333334,5.0,0.0,0.3107999999999999,5.2,0.0,0.33531333333333335,5.0,0.0,0.3347266666666667,5.0,46.666666666666664,0.06476,6.933333333333334
14,14000002048,21.822768449783325,3.232661724090576,100.0,0.0,1.0,93.33333333333333,0.0359,1.0,100.0,0.32814000000000004,1.0,100.0,0.11851333333333333,1.0,100.0,0.07238000000000001,1.0,100.0,0.07342000000000001,1.0,100.0,0.07331333333333333,1.0,100.0,0.00698,1.0,100.0,0.0,1.1333333333333333,100.0,0.00338,1.5333333333333334,80.0,0.32814000000000004,1.0,80.0,0.12117333333333334,1.1333333333333333,93.33333333333333,0.056339999999999994,1.2,93.33333333333333,0.07653333333333333,1.2,93.33333333333333,0.07654,1.2,100.0,0.0005466666666666668,1.6666666666666667,100.0,0.0,2.3333333333333335,100.0,0.009033333333333334,3.4,40.0,0.3273666666666667,1.9333333333333333,73.33333333333333,0.11134666666666666,2.533333333333333,80.0,0.07004666666666666,2.7333333333333334,93.33333333333333,0.056280000000000004,2.6,93.33333333333333,0.05583333333333333,2.6,100.0,0.0,3.533333333333333,100.0,0.0,4.533333333333333,100.0,0.0,7.0,6.666666666666667,0.3555,3.2666666666666666,60.0,0.08842,5.0,80.0,0.04344,5.2,80.0,0.04955333333333334,5.0,80.0,0.05027333333333333,5.0,100.0,0.0,6.933333333333334,73.33333333333333,0.4865133333333333,1.0,100.0,0.0,1.0,86.66666666666667,0.5646533333333333,1.0,93.33333333333333,0.33780000000000004,1.0,93.33333333333333,0.30307999999999996,1.0,86.66666666666667,0.34221999999999997,1.0,86.66666666666667,0.34229333333333334,1.0,86.66666666666667,0.12615333333333334,1.0,33.33333333333333,0.4931466666666667,1.1333333333333333,100.0,0.0,1.5333333333333334,33.33333333333333,0.5646533333333333,1.0,33.33333333333333,0.3270733333333334,1.1333333333333333,46.666666666666664,0.2878866666666667,1.2,46.666666666666664,0.33508666666666664,1.2,46.666666666666664,0.33510666666666666,1.2,86.66666666666667,0.10204666666666665,1.6666666666666667,0.0,0.45892,2.3333333333333335,100.0,0.0,3.4,0.0,0.5565133333333333,1.9333333333333333,20.0,0.3205333333333334,2.533333333333333,13.333333333333334,0.32108666666666663,2.7333333333333334,20.0,0.33557333333333333,2.6,20.0,0.33536666666666665,2.6,66.66666666666666,0.07434666666666666,3.533333333333333,0.0,0.4460533333333333,4.533333333333333,100.0,0.0,7.0,0.0,0.5579266666666666,3.2666666666666666,0.0,0.3502600000000001,5.0,6.666666666666667,0.32406,5.2,0.0,0.3459866666666666,5.0,0.0,0.3460066666666667,5.0,53.333333333333336,0.07897333333333334,6.933333333333334
15,15000002048,22.09623384475708,3.2444841861724854,100.0,0.0,1.0,100.0,0.03231333333333333,1.0,100.0,0.34750000000000003,1.0,100.0,0.10049999999999999,1.0,100.0,0.08676,1.0,100.0,0.10382000000000001,1.0,100.0,0.10404666666666666,1.0,100.0,0.01878,1.0,100.0,0.0,1.1333333333333333,93.33333333333333,0.02606666666666667,1.4666666666666666,60.0,0.34750000000000003,1.0,73.33333333333333,0.10731333333333334,1.1333333333333333,80.0,0.07416666666666666,1.2,80.0,0.10752666666666669,1.2,80.0,0.10781333333333333,1.2,93.33333333333333,0.011173333333333334,1.6666666666666667,100.0,0.0,2.2666666666666666,93.33333333333333,0.008546666666666666,3.3333333333333335,46.666666666666664,0.3305266666666667,1.9333333333333333,86.66666666666667,0.07839333333333333,2.533333333333333,93.33333333333333,0.04515333333333334,2.7333333333333334,86.66666666666667,0.08121333333333333,2.6,86.66666666666667,0.08242666666666666,2.6,93.33333333333333,0.00458,3.533333333333333,100.0,0.0,4.333333333333333,100.0,0.00072,6.733333333333333,0.0,0.33102666666666664,3.2666666666666666,73.33333333333333,0.06754,5.0,86.66666666666667,0.04215333333333334,5.133333333333334,86.66666666666667,0.04479999999999999,5.0,80.0,0.052933333333333325,4.866666666666666,100.0,0.0,7.0,80.0,0.48611333333333334,1.0,100.0,0.0,1.0,93.33333333333333,0.53882,1.0,86.66666666666667,0.35174666666666676,1.0,93.33333333333333,0.29338000000000003,1.0,93.33333333333333,0.30605999999999994,1.0,93.33333333333333,0.3067933333333333,1.0,93.33333333333333,0.08861333333333335,1.0,40.0,0.4842,1.1333333333333333,100.0,0.0,1.4666666666666666,40.0,0.53882,1.0,40.0,0.3656400000000001,1.1333333333333333,60.0,0.31167333333333336,1.2,60.0,0.3142466666666666,1.2,60.0,0.31489999999999996,1.2,93.33333333333333,0.07205333333333333,1.6666666666666667,6.666666666666667,0.44010000000000005,2.2666666666666666,100.0,0.0,3.3333333333333335,0.0,0.5536533333333333,1.9333333333333333,13.333333333333334,0.3463,2.533333333333333,33.33333333333333,0.29351999999999995,2.7333333333333334,13.333333333333334,0.33438,2.6,13.333333333333334,0.33530000000000004,2.6,80.0,0.07361333333333332,3.533333333333333,0.0,0.46132666666666655,4.333333333333333,100.0,0.0,6.733333333333333,0.0,0.5583400000000001,3.2666666666666666,0.0,0.34996,5.0,0.0,0.3053466666666667,5.133333333333334,0.0,0.33791333333333334,5.0,0.0,0.33912000000000003,4.866666666666666,46.666666666666664,0.05413999999999999,7.0
16,16000002048,21.949586391448975,3.156999349594116,100.0,0.0,1.0,100.0,0.002693333333333333,1.0,100.0,0.2881333333333333,1.0,100.0,0.11763333333333333,1.0,100.0,0.08737333333333333,1.0,100.0,0.05450666666666667,1.0,100.0,0.049980000000000004,1.0,100.0,0.0031533333333333335,1.0,100.0,0.0,1.1333333333333333,100.0,0.0116,1.4666666666666666,86.66666666666667,0.2881333333333333,1.0,93.33333333333333,0.12487333333333334,1.1333333333333333,93.33333333333333,0.07401333333333332,1.2666666666666666,100.0,0.051313333333333336,1.2,100.0,0.046740000000000004,1.2,100.0,0.0,1.6666666666666667,100.0,0.0,2.3333333333333335,100.0,0.0,3.466666666666667,40.0,0.3266266666666667,1.9333333333333333,80.0,0.11158,2.533333333333333,86.66666666666667,0.061513333333333337,2.7333333333333334,93.33333333333333,0.041299999999999996,2.6,93.33333333333333,0.03883333333333334,2.6,100.0,0.0,3.533333333333333,100.0,0.0,4.533333333333333,100.0,0.0,6.733333333333333,0.0,0.3310933333333333,3.2666666666666666,73.33333333333333,0.08866666666666667,5.0,86.66666666666667,0.05091333333333334,5.266666666666667,73.33333333333333,0.03796666666666667,5.0,73.33333333333333,0.03617333333333333,5.0,100.0,0.0,7.066666666666666,86.66666666666667,0.46218666666666675,1.0,100.0,0.0,1.0,80.0,0.5569266666666667,1.0,93.33333333333333,0.2989733333333333,1.0,93.33333333333333,0.24265333333333336,1.0,80.0,0.32571333333333335,1.0,80.0,0.3251466666666667,1.0,80.0,0.10828666666666666,1.0,26.666666666666668,0.47800000000000004,1.1333333333333333,100.0,0.0,1.4666666666666666,46.666666666666664,0.5569266666666667,1.0,40.0,0.29690666666666665,1.1333333333333333,73.33333333333333,0.23517333333333335,1.2666666666666666,60.0,0.3251933333333333,1.2,60.0,0.32454,1.2,80.0,0.10470000000000002,1.6666666666666667,6.666666666666667,0.47980666666666666,2.3333333333333335,100.0,0.0,3.466666666666667,0.0,0.5671400000000001,1.9333333333333333,6.666666666666667,0.3307,2.533333333333333,20.0,0.2858733333333333,2.7333333333333334,20.0,0.34229999999999994,2.6,20.0,0.34166,2.6,80.0,0.07688,3.533333333333333,0.0,0.4330733333333334,4.533333333333333,100.0,0.0,6.733333333333333,0.0,0.5602333333333334,3.2666666666666666,6.666666666666667,0.3661466666666666,5.0,6.666666666666667,0.3247133333333334,5.266666666666667,0.0,0.3356,5.0,0.0,0.3350466666666666,5.0,40.0,0.06810666666666668,7.066666666666666
17,17000002048,22.1691312789917,3.184105157852173,100.0,0.0,1.0,93.33333333333333,0.04579333333333334,1.0,100.0,0.37231333333333333,1.0,100.0,0.11720666666666668,1.0,100.0,0.09366666666666669,1.0,100.0,0.10485333333333333,1.0,100.0,0.10536,1.0,100.0,0.0010333333333333334,1.0,100.0,0.0,1.0666666666666667,93.33333333333333,0.04534,1.6,73.33333333333333,0.37231333333333333,1.0,73.33333333333333,0.08647333333333333,1.1333333333333333,86.66666666666667,0.07010666666666668,1.2,86.66666666666667,0.07379333333333334,1.2,86.66666666666667,0.07228666666666667,1.1333333333333333,100.0,0.008953333333333334,1.6666666666666667,100.0,0.0,2.3333333333333335,100.0,0.0014,3.533333333333333,40.0,0.36056666666666665,1.9333333333333333,80.0,0.09206666666666666,2.533333333333333,93.33333333333333,0.033626666666666666,2.7333333333333334,80.0,0.07437333333333333,2.6,80.0,0.07536666666666667,2.6,93.33333333333333,0.004426666666666666,3.533333333333333,100.0,0.0,4.4,100.0,0.0,6.933333333333334,0.0,0.33165333333333324,3.2666666666666666,60.0,0.07183333333333333,5.0,80.0,0.026486666666666665,5.133333333333334,80.0,0.04533333333333334,5.0,80.0,0.04704666666666667,5.0,100.0,0.0,6.933333333333334,86.66666666666667,0.4728066666666667,1.0,100.0,0.0,1.0,93.33333333333333,0.5882866666666666,1.0,93.33333333333333,0.35189333333333345,1.0,93.33333333333333,0.32588666666666666,1.0,93.33333333333333,0.38004000000000004,1.0,93.33333333333333,0.38022666666666655,1.0,93.33333333333333,0.13619333333333333,1.0,26.666666666666668,0.4765066666666667,1.0666666666666667,100.0,0.0,1.6,20.0,0.5882866666666666,1.0,26.666666666666668,0.3490666666666667,1.1333333333333333,33.33333333333333,0.32462666666666673,1.2,26.666666666666668,0.38376,1.2,26.666666666666668,0.37778666666666666,1.1333333333333333,66.66666666666666,0.13851333333333338,1.6666666666666667,6.666666666666667,0.4791866666666667,2.3333333333333335,100.0,0.0,3.533333333333333,0.0,0.5872666666666666,1.9333333333333333,13.333333333333334,0.33530666666666675,2.533333333333333,6.666666666666667,0.33477333333333337,2.7333333333333334,6.666666666666667,0.36233999999999994,2.6,6.666666666666667,0.36252,2.6,66.66666666666666,0.10718666666666667,3.533333333333333,0.0,0.46163333333333334,4.4,100.0,0.0,6.933333333333334,0.0,0.58036,3.2666666666666666,6.666666666666667,0.33830000000000005,5.0,6.666666666666667,0.33210666666666666,5.133333333333334,0.0,0.36217333333333335,5.0,0.0,0.3625466666666667,5.0,33.33333333333333,0.09127999999999999,6.933333333333334
18,18000002048,22.83860969543457,3.152780532836914,100.0,0.0,1.0,93.33333333333333,0.07578,1.0,93.33333333333333,0.41001999999999994,1.0,93.33333333333333,0.161,1.0,93.33333333333333,0.19447333333333333,1.0,93.33333333333333,0.16362,1.0,93.33333333333333,0.16363333333333335,1.0,93.33333333333333,0.05142666666666667,1.0,100.0,0.0,1.0666666666666667,80.0,0.06940666666666667,1.4666666666666666,60.0,0.41001999999999994,1.0,73.33333333333333,0.14021999999999998,1.1333333333333333,73.33333333333333,0.16848,1.2,80.0,0.14367999999999997,1.2,80.0,0.14369333333333334,1.2,100.0,0.0008533333333333333,1.6666666666666667,100.0,0.0,2.4,100.0,0.012513333333333333,3.3333333333333335,40.0,0.3390933333333333,1.9333333333333333,60.0,0.11209333333333335,2.533333333333333,86.66666666666667,0.05822,2.7333333333333334,86.66666666666667,0.07192000000000001,2.6,86.66666666666667,0.07253333333333332,2.6,100.0,0.0,3.533333333333333,100.0,0.0,4.4,100.0,0.0,6.666666666666667,6.666666666666667,0.3484400000000001,3.2666666666666666,66.66666666666666,0.07437999999999999,5.0,86.66666666666667,0.03095333333333333,5.133333333333334,80.0,0.059093333333333324,5.0,80.0,0.05971333333333333,5.0,100.0,0.0,7.0,86.66666666666667,0.46988666666666673,1.0,100.0,0.0,1.0,100.0,0.5489133333333333,1.0,100.0,0.3100133333333333,1.0,100.0,0.24156666666666668,1.0,100.0,0.32309999999999994,1.0,100.0,0.32249333333333335,1.0,100.0,0.0697,1.0,20.0,0.47272666666666674,1.0666666666666667,100.0,0.0,1.4666666666666666,33.33333333333333,0.5489133333333333,1.0,33.33333333333333,0.31751999999999997,1.1333333333333333,60.0,0.25236000000000003,1.2,46.666666666666664,0.3260066666666666,1.2,46.666666666666664,0.32539333333333337,1.2,80.0,0.08064,1.6666666666666667,6.666666666666667,0.4624933333333333,2.4,100.0,0.0,3.3333333333333335,0.0,0.5604533333333334,1.9333333333333333,6.666666666666667,0.31566666666666665,2.533333333333333,20.0,0.27809333333333336,2.7333333333333334,20.0,0.33157333333333333,2.6,20.0,0.3310266666666667,2.6,86.66666666666667,0.05018666666666667,3.533333333333333,0.0,0.4424666666666666,4.4,100.0,0.0,6.666666666666667,0.0,0.5490866666666666,3.2666666666666666,0.0,0.34085333333333334,5.0,6.666666666666667,0.3001733333333333,5.133333333333334,0.0,0.3251533333333334,5.0,0.0,0.3247333333333333,5.0,73.33333333333333,0.03958,7.0
19,19000002048,22.32425045967102,3.1081886291503906,100.0,0.0,1.0,100.0,0.016093333333333334,1.0,100.0,0.3332666666666667,1.0,100.0,0.0535,1.0,100.0,0.09693333333333334,1.0,100.0,0.06476666666666667,1.0,100.0,0.06410666666666667,1.0,100.0,0.00424,1.0,100.0,0.0,1.1333333333333333,93.33333333333333,0.016093333333333334,1.6,86.66666666666667,0.3332666666666667,1.0,100.0,0.046900000000000004,1.1333333333333333,86.66666666666667,0.09008666666666668,1.2,100.0,0.06398,1.2,100.0,0.05846666666666667,1.1333333333333333,100.0,0.0,1.6666666666666667,100.0,0.0,2.3333333333333335,100.0,0.0,3.466666666666667,53.333333333333336,0.34235333333333334,1.9333333333333333,80.0,0.06030666666666668,2.533333333333333,93.33333333333333,0.029886666666666672,2.7333333333333334,93.33333333333333,0.027,2.6,93.33333333333333,0.02796,2.6,100.0,0.0,3.6,100.0,0.0,4.266666666666667,100.0,0.0,6.933333333333334,0.0,0.32378,3.2666666666666666,80.0,0.045566666666666665,5.0,80.0,0.03516666666666667,5.133333333333334,80.0,0.03686,5.0,80.0,0.03720666666666667,5.0,100.0,0.0,7.0,93.33333333333333,0.4457933333333333,1.0,100.0,0.0,1.0,100.0,0.5562266666666666,1.0,86.66666666666667,0.36863999999999997,1.0,100.0,0.3003266666666667,1.0,100.0,0.3360866666666667,1.0,100.0,0.3364933333333333,1.0,100.0,0.10013333333333335,1.0,20.0,0.46803333333333336,1.1333333333333333,100.0,0.0,1.6,33.33333333333333,0.5562266666666666,1.0,33.33333333333333,0.3860133333333333,1.1333333333333333,60.0,0.3269466666666666,1.2,53.333333333333336,0.36669333333333337,1.2,46.666666666666664,0.35308000000000006,1.1333333333333333,86.66666666666667,0.10688,1.6666666666666667,6.666666666666667,0.46915999999999997,2.3333333333333335,100.0,0.0,3.466666666666667,0.0,0.5891533333333333,1.9333333333333333,6.666666666666667,0.3580333333333333,2.533333333333333,13.333333333333334,0.3236866666666666,2.7333333333333334,6.666666666666667,0.37446,2.6,6.666666666666667,0.3746533333333334,2.6,73.33333333333333,0.09997333333333334,3.6,0.0,0.46913333333333335,4.266666666666667,100.0,0.0,6.933333333333334,0.0,0.5781466666666666,3.2666666666666666,6.666666666666667,0.3599866666666666,5.0,6.666666666666667,0.32844666666666666,5.133333333333334,0.0,0.3471066666666667,5.0,0.0,0.3473333333333334,5.0,40.0,0.06914666666666668,7.0
20,20000002048,22.535571336746216,3.204819917678833,100.0,0.0,1.0,100.0,0.013699999999999999,1.0,100.0,0.2990199999999999,1.0,100.0,0.05070666666666667,1.0,100.0,0.06041333333333333,1.0,100.0,0.02776,1.0,100.0,0.02956,1.0,100.0,0.0,1.0,100.0,0.0,1.0,93.33333333333333,0.01992,1.4666666666666666,86.66666666666667,0.2990199999999999,1.0,93.33333333333333,0.05958666666666667,1.1333333333333333,93.33333333333333,0.053733333333333334,1.2,93.33333333333333,0.0375,1.2,93.33333333333333,0.038746666666666665,1.2,100.0,0.0,1.6666666666666667,100.0,0.0,2.4,100.0,0.0031733333333333336,3.2666666666666666,33.33333333333333,0.32363333333333333,1.9333333333333333,80.0,0.08161333333333334,2.533333333333333,100.0,0.016640000000000002,2.7333333333333334,93.33333333333333,0.029520000000000005,2.6,93.33333333333333,0.030106666666666667,2.6,100.0,0.0,3.533333333333333,100.0,0.0,4.266666666666667,100.0,0.0,6.666666666666667,6.666666666666667,0.30968,3.2666666666666666,73.33333333333333,0.04329333333333333,5.0,100.0,0.012433333333333333,5.133333333333334,86.66666666666667,0.024546666666666665,5.0,86.66666666666667,0.025740000000000002,5.0,100.0,0.0,7.133333333333334,100.0,0.4203533333333333,1.0,100.0,0.0,1.0,93.33333333333333,0.5124200000000001,1.0,93.33333333333333,0.3282,1.0,93.33333333333333,0.30234,1.0,93.33333333333333,0.2666133333333333,1.0,93.33333333333333,0.26694,1.0,93.33333333333333,0.07402,1.0,40.0,0.4203533333333333,1.0,100.0,0.0,1.4666666666666666,46.666666666666664,0.5124200000000001,1.0,33.33333333333333,0.3306733333333334,1.1333333333333333,46.666666666666664,0.30017333333333335,1.2,60.0,0.2749466666666666,1.2,60.0,0.2752,1.2,93.33333333333333,0.05589333333333334,1.6666666666666667,20.0,0.4233200000000001,2.4,100.0,0.0,3.2666666666666666,13.333333333333334,0.5212666666666668,1.9333333333333333,13.333333333333334,0.34644,2.533333333333333,33.33333333333333,0.2928133333333333,2.7333333333333334,26.666666666666668,0.3075866666666666,2.6,26.666666666666668,0.3082733333333333,2.6,73.33333333333333,0.07479999999999999,3.533333333333333,0.0,0.4196333333333333,4.266666666666667,100.0,0.0,6.666666666666667,0.0,0.5487733333333332,3.2666666666666666,13.333333333333334,0.31705333333333335,5.0,13.333333333333334,0.28242666666666666,5.133333333333334,6.666666666666667,0.3215866666666667,5.0,6.666666666666667,0.32222,5.0,66.66666666666666,0.05985333333333333,7.133333333333334
21,21000002048,22.361834049224854,3.1592299938201904,100.0,0.0,1.0,100.0,0.03597333333333333,1.0,100.0,0.3229533333333333,1.0,100.0,0.03363333333333333,1.0,100.0,0.06674000000000001,1.0,100.0,0.10072666666666666,1.0,100.0,0.10103333333333334,1.0,100.0,0.026886666666666666,1.0,100.0,0.0,1.0666666666666667,86.66666666666667,0.03597333333333333,1.5333333333333334,66.66666666666666,0.3229533333333333,1.0,86.66666666666667,0.036726666666666664,1.1333333333333333,86.66666666666667,0.06674000000000001,1.2,73.33333333333333,0.10470666666666667,1.2,73.33333333333333,0.10507333333333334,1.1333333333333333,86.66666666666667,0.026886666666666666,1.6666666666666667,100.0,0.0,2.2,100.0,0.005493333333333334,3.2,40.0,0.3224333333333333,1.9333333333333333,80.0,0.04175333333333334,2.533333333333333,93.33333333333333,0.04172666666666666,2.7333333333333334,80.0,0.06184,2.6,73.33333333333333,0.059693333333333334,2.533333333333333,100.0,0.0,3.533333333333333,100.0,0.0,4.333333333333333,100.0,0.00388,6.666666666666667,6.666666666666667,0.3215933333333334,3.2666666666666666,80.0,0.05186,5.0,86.66666666666667,0.022706666666666667,5.133333333333334,86.66666666666667,0.03794,5.0,86.66666666666667,0.03938666666666667,5.0,100.0,0.0,7.133333333333334,93.33333333333333,0.42212,1.0,100.0,0.0,1.0,100.0,0.5171666666666667,1.0,93.33333333333333,0.3109133333333334,1.0,93.33333333333333,0.24878666666666666,1.0,100.0,0.27852000000000005,1.0,100.0,0.2785733333333333,1.0,100.0,0.04284666666666667,1.0,33.33333333333333,0.4216533333333333,1.0666666666666667,100.0,0.0,1.5333333333333334,33.33333333333333,0.5171666666666667,1.0,40.0,0.31466666666666665,1.1333333333333333,46.666666666666664,0.2763666666666667,1.2,53.333333333333336,0.28628000000000003,1.2,46.666666666666664,0.28214666666666666,1.1333333333333333,93.33333333333333,0.06232666666666667,1.6666666666666667,0.0,0.41884,2.2,100.0,0.0,3.2,0.0,0.5510066666666666,1.9333333333333333,13.333333333333334,0.3269133333333334,2.533333333333333,13.333333333333334,0.29364666666666667,2.7333333333333334,6.666666666666667,0.3404133333333333,2.6,6.666666666666667,0.33236666666666664,2.533333333333333,73.33333333333333,0.07078666666666668,3.533333333333333,0.0,0.4355933333333334,4.333333333333333,100.0,0.0,6.666666666666667,0.0,0.5676666666666667,3.2666666666666666,6.666666666666667,0.32877333333333336,5.0,6.666666666666667,0.2982133333333333,5.133333333333334,0.0,0.3339866666666667,5.0,0.0,0.3340733333333334,5.0,66.66666666666666,0.047913333333333336,7.133333333333334
22,22000002048,22.194388389587402,3.1733474731445312,100.0,0.0,1.0,100.0,0.013059999999999999,1.0,100.0,0.30198666666666674,1.0,100.0,0.04052,1.0,100.0,0.06044666666666667,1.0,100.0,0.06135333333333333,1.0,100.0,0.06148666666666666,1.0,100.0,0.00986,1.0,100.0,0.0,1.0666666666666667,100.0,0.007646666666666666,1.5333333333333334,93.33333333333333,0.30198666666666674,1.0,100.0,0.03864,1.1333333333333333,100.0,0.05259333333333334,1.2,100.0,0.05804,1.2,100.0,0.05823333333333333,1.2,100.0,0.00986,1.6666666666666667,100.0,0.0,2.1333333333333333,100.0,0.0038266666666666666,3.6,60.0,0.3147333333333334,1.9333333333333333,86.66666666666667,0.02303333333333333,2.533333333333333,80.0,0.05582666666666666,2.7333333333333334,86.66666666666667,0.034653333333333335,2.6,86.66666666666667,0.03464,2.6,100.0,0.0,3.6,100.0,0.0,4.4,100.0,0.0,7.0,6.666666666666667,0.3121066666666667,3.2666666666666666,80.0,0.05164,5.0,93.33333333333333,0.027720000000000005,5.066666666666666,86.66666666666667,0.02794666666666667,4.933333333333334,86.66666666666667,0.027246666666666666,4.933333333333334,100.0,0.0,7.133333333333334,93.33333333333333,0.43194000000000005,1.0,100.0,0.0,1.0,93.33333333333333,0.5958066666666666,1.0,93.33333333333333,0.3467733333333334,1.0,86.66666666666667,0.3489733333333333,1.0,93.33333333333333,0.39563333333333334,1.0,93.33333333333333,0.39514,1.0,93.33333333333333,0.15793333333333331,1.0,33.33333333333333,0.43562000000000006,1.0666666666666667,100.0,0.0,1.5333333333333334,26.666666666666668,0.5958066666666666,1.0,40.0,0.3573800000000001,1.1333333333333333,40.0,0.34180666666666665,1.2,33.33333333333333,0.4087866666666667,1.2,33.33333333333333,0.40836666666666677,1.2,66.66666666666666,0.16182666666666667,1.6666666666666667,0.0,0.4730733333333334,2.1333333333333333,100.0,0.0,3.6,0.0,0.5938599999999999,1.9333333333333333,13.333333333333334,0.3442266666666666,2.533333333333333,13.333333333333334,0.33880666666666664,2.7333333333333334,6.666666666666667,0.38388000000000005,2.6,6.666666666666667,0.38354,2.6,66.66666666666666,0.11301333333333333,3.6,0.0,0.44951333333333326,4.4,100.0,0.0,7.0,0.0,0.5925333333333334,3.2666666666666666,6.666666666666667,0.3520466666666667,5.0,0.0,0.3360333333333333,5.066666666666666,0.0,0.3731933333333333,4.933333333333334,0.0,0.3728466666666667,4.933333333333334,40.0,0.08864666666666667,7.133333333333334
23,23000002048,22.438174724578857,3.2961177825927734,100.0,0.0,1.0,93.33333333333333,0.08436666666666666,1.0,100.0,0.31544,1.0,100.0,0.11912666666666666,1.0,100.0,0.08048666666666666,1.0,100.0,0.06161333333333333,1.0,100.0,0.06143333333333333,1.0,100.0,0.0,1.0,100.0,0.0,1.0666666666666667,86.66666666666667,0.05599333333333334,1.5333333333333334,86.66666666666667,0.31544,1.0,80.0,0.11125333333333333,1.1333333333333333,86.66666666666667,0.07470666666666667,1.2,100.0,0.05298666666666667,1.2,100.0,0.052893333333333334,1.2,100.0,0.0,1.6666666666666667,100.0,0.0,2.2666666666666666,100.0,0.00516,3.466666666666667,20.0,0.3532933333333334,1.9333333333333333,80.0,0.07959333333333334,2.533333333333333,93.33333333333333,0.03100666666666667,2.7333333333333334,86.66666666666667,0.05975333333333333,2.6,86.66666666666667,0.059226666666666664,2.6,100.0,0.0,3.533333333333333,100.0,0.0,4.4,100.0,0.0,6.933333333333334,0.0,0.34074000000000004,3.2666666666666666,60.0,0.07748,5.0,86.66666666666667,0.03681333333333334,5.2,86.66666666666667,0.03611333333333333,5.0,80.0,0.03948666666666667,4.866666666666666,100.0,0.0,7.133333333333334,86.66666666666667,0.45874000000000004,1.0,100.0,0.0,1.0,86.66666666666667,0.5935266666666666,1.0,86.66666666666667,0.3837333333333333,1.0,86.66666666666667,0.33852,1.0,86.66666666666667,0.3887466666666667,1.0,86.66666666666667,0.38907333333333327,1.0,86.66666666666667,0.13250666666666666,1.0,26.666666666666668,0.4611866666666667,1.0666666666666667,100.0,0.0,1.5333333333333334,33.33333333333333,0.5935266666666666,1.0,26.666666666666668,0.38105999999999995,1.1333333333333333,40.0,0.33364,1.2,46.666666666666664,0.38686000000000004,1.2,46.666666666666664,0.3871733333333333,1.2,86.66666666666667,0.09933999999999998,1.6666666666666667,6.666666666666667,0.45594666666666667,2.2666666666666666,100.0,0.0,3.466666666666667,6.666666666666667,0.57034,1.9333333333333333,6.666666666666667,0.36230666666666667,2.533333333333333,20.0,0.329,2.7333333333333334,13.333333333333334,0.35109333333333337,2.6,13.333333333333334,0.3513266666666667,2.6,66.66666666666666,0.08819999999999999,3.533333333333333,0.0,0.4541266666666666,4.4,100.0,0.0,6.933333333333334,0.0,0.5694133333333334,3.2666666666666666,0.0,0.35969333333333336,5.0,6.666666666666667,0.31209333333333333,5.2,0.0,0.3408866666666667,5.0,0.0,0.3413000000000001,4.866666666666666,53.333333333333336,0.06290666666666667,7.133333333333334
24,24000002048,22.698084592819214,3.359640121459961,100.0,0.0,1.0,100.0,0.037373333333333335,1.0,100.0,0.3066866666666667,1.0,100.0,0.07596,1.0,100.0,0.0704,1.0,100.0,0.09606666666666668,1.0,100.0,0.09730666666666667,1.0,100.0,0.01564,1.0,100.0,0.0,1.1333333333333333,93.33333333333333,0.04721333333333333,1.4666666666666666,73.33333333333333,0.3066866666666667,1.0,86.66666666666667,0.07622,1.1333333333333333,86.66666666666667,0.0704,1.2,86.66666666666667,0.10045333333333334,1.1333333333333333,93.33333333333333,0.09206666666666667,1.2,100.0,0.0051400000000000005,1.6666666666666667,100.0,0.0,2.2,100.0,0.00010666666666666667,3.3333333333333335,53.333333333333336,0.3166666666666667,1.9333333333333333,86.66666666666667,0.039599999999999996,2.533333333333333,93.33333333333333,0.04582666666666667,2.7333333333333334,93.33333333333333,0.05342666666666667,2.6,86.66666666666667,0.055486666666666656,2.533333333333333,100.0,0.0035733333333333333,3.533333333333333,100.0,0.0,4.466666666666667,100.0,0.0,6.666666666666667,6.666666666666667,0.31814000000000003,3.2666666666666666,73.33333333333333,0.06755333333333333,5.0,86.66666666666667,0.03776,5.066666666666666,86.66666666666667,0.05590666666666666,5.0,86.66666666666667,0.05669333333333333,5.0,100.0,0.0,6.933333333333334,86.66666666666667,0.46226,1.0,100.0,0.0,1.0,93.33333333333333,0.5607266666666667,1.0,93.33333333333333,0.30821333333333334,1.0,93.33333333333333,0.2971866666666667,1.0,93.33333333333333,0.3444466666666666,1.0,93.33333333333333,0.3438,1.0,93.33333333333333,0.12344,1.0,26.666666666666668,0.45985999999999994,1.1333333333333333,100.0,0.0,1.4666666666666666,33.33333333333333,0.5607266666666667,1.0,53.333333333333336,0.3097533333333333,1.1333333333333333,46.666666666666664,0.30008,1.2,46.666666666666664,0.3461333333333333,1.1333333333333333,53.333333333333336,0.35096,1.2,86.66666666666667,0.10816666666666666,1.6666666666666667,0.0,0.44742666666666664,2.2,100.0,0.0,3.3333333333333335,6.666666666666667,0.5639000000000001,1.9333333333333333,6.666666666666667,0.31017999999999996,2.533333333333333,20.0,0.27742,2.7333333333333334,13.333333333333334,0.3316799999999999,2.6,6.666666666666667,0.3300733333333333,2.533333333333333,80.0,0.05757333333333333,3.533333333333333,0.0,0.4283666666666667,4.466666666666667,100.0,0.0,6.666666666666667,0.0,0.5523533333333334,3.2666666666666666,0.0,0.3231866666666666,5.0,0.0,0.2980466666666667,5.066666666666666,0.0,0.3193066666666667,5.0,0.0,0.31868,5.0,66.66666666666666,0.03985333333333333,6.933333333333334
25,25000002048,22.715477228164673,3.277122974395752,100.0,0.0,1.0,100.0,0.06584000000000001,1.0,100.0,0.36934000000000006,1.0,100.0,0.11527333333333332,1.0,93.33333333333333,0.17143333333333335,1.0,100.0,0.09290666666666667,1.0,100.0,0.09451333333333332,1.0,100.0,0.0,1.0,100.0,0.0,1.1333333333333333,93.33333333333333,0.034166666666666665,1.5333333333333334,66.66666666666666,0.36934000000000006,1.0,80.0,0.08719999999999999,1.1333333333333333,80.0,0.1339,1.2,80.0,0.06448000000000001,1.2,80.0,0.06619333333333334,1.2,100.0,0.0,1.6666666666666667,100.0,0.0,2.3333333333333335,100.0,0.0,3.4,46.666666666666664,0.34726000000000007,1.9333333333333333,80.0,0.07958,2.533333333333333,86.66666666666667,0.045579999999999996,2.7333333333333334,86.66666666666667,0.08712666666666666,2.6,86.66666666666667,0.08795333333333333,2.6,100.0,0.0,3.533333333333333,100.0,0.0,4.533333333333333,100.0,0.0021533333333333335,6.8,0.0,0.34146,3.2666666666666666,60.0,0.07297333333333333,5.0,80.0,0.033280000000000004,5.133333333333334,80.0,0.04545333333333334,5.0,80.0,0.04708000000000001,5.0,100.0,0.0,7.066666666666666,86.66666666666667,0.40586666666666665,1.0,100.0,0.0,1.0,86.66666666666667,0.5746199999999999,1.0,86.66666666666667,0.39204,1.0,93.33333333333333,0.3433666666666666,1.0,86.66666666666667,0.35943333333333327,1.0,86.66666666666667,0.3599333333333333,1.0,86.66666666666667,0.11782666666666666,1.0,46.666666666666664,0.4037866666666667,1.1333333333333333,100.0,0.0,1.5333333333333334,26.666666666666668,0.5746199999999999,1.0,20.0,0.38846,1.1333333333333333,33.33333333333333,0.33459999999999995,1.2,40.0,0.3507266666666667,1.2,40.0,0.3512266666666667,1.2,80.0,0.08988666666666666,1.6666666666666667,0.0,0.4543133333333334,2.3333333333333335,100.0,0.0,3.4,0.0,0.5627733333333332,1.9333333333333333,6.666666666666667,0.39229333333333327,2.533333333333333,13.333333333333334,0.3167933333333333,2.7333333333333334,0.0,0.36054,2.6,0.0,0.36106000000000005,2.6,60.0,0.09616666666666666,3.533333333333333,0.0,0.45346666666666674,4.533333333333333,100.0,0.0,6.8,0.0,0.5727266666666667,3.2666666666666666,6.666666666666667,0.3614666666666666,5.0,0.0,0.3192066666666667,5.133333333333334,0.0,0.3518866666666666,5.0,0.0,0.35233333333333333,5.0,53.333333333333336,0.07660666666666667,7.066666666666666
26,26000002048,22.392399311065674,3.079587936401367,100.0,0.0,1.0,100.0,0.016846666666666666,1.0,93.33333333333333,0.31821333333333335,1.0,93.33333333333333,0.10574666666666666,1.0,93.33333333333333,0.09036666666666666,1.0,93.33333333333333,0.08597333333333333,1.0,93.33333333333333,0.08743333333333332,1.0,93.33333333333333,0.027540000000000002,1.0,100.0,0.0,1.0666666666666667,93.33333333333333,0.016846666666666666,1.6,86.66666666666667,0.31821333333333335,1.0,93.33333333333333,0.07500666666666667,1.1333333333333333,100.0,0.06598,1.2,100.0,0.056299999999999996,1.2,100.0,0.057780000000000005,1.2,100.0,0.002446666666666667,1.6666666666666667,100.0,0.0,2.2,100.0,0.0,3.3333333333333335,46.666666666666664,0.30078666666666665,1.9333333333333333,86.66666666666667,0.05808,2.533333333333333,93.33333333333333,0.047253333333333335,2.7333333333333334,86.66666666666667,0.0376,2.6,86.66666666666667,0.03848666666666666,2.6,100.0,0.0,3.6,100.0,0.0,4.266666666666667,100.0,0.0,6.666666666666667,13.333333333333334,0.30870000000000003,3.2666666666666666,73.33333333333333,0.06775333333333333,5.0,93.33333333333333,0.030986666666666666,5.133333333333334,100.0,0.009693333333333333,5.0,100.0,0.010613333333333334,4.933333333333334,100.0,0.0,7.133333333333334,100.0,0.41330666666666666,1.0,100.0,0.0,1.0,93.33333333333333,0.5818133333333332,1.0,93.33333333333333,0.38149333333333335,1.0,93.33333333333333,0.33147999999999994,1.0,93.33333333333333,0.37238666666666664,1.0,93.33333333333333,0.37337333333333333,1.0,93.33333333333333,0.1319,1.0,40.0,0.4137933333333333,1.0666666666666667,100.0,0.0,1.6,26.666666666666668,0.5818133333333332,1.0,33.33333333333333,0.37154000000000004,1.1333333333333333,33.33333333333333,0.3286466666666666,1.2,46.666666666666664,0.3625533333333334,1.2,46.666666666666664,0.3635533333333333,1.2,93.33333333333333,0.09236,1.6666666666666667,0.0,0.42398,2.2,100.0,0.0,3.3333333333333335,0.0,0.5585533333333335,1.9333333333333333,20.0,0.3459466666666667,2.533333333333333,26.666666666666668,0.27748,2.7333333333333334,13.333333333333334,0.3251133333333333,2.6,13.333333333333334,0.3264333333333333,2.6,80.0,0.05497333333333333,3.6,0.0,0.41924000000000006,4.266666666666667,100.0,0.0,6.666666666666667,0.0,0.54492,3.2666666666666666,6.666666666666667,0.3319533333333334,5.0,0.0,0.2922133333333333,5.133333333333334,6.666666666666667,0.30658,5.0,6.666666666666667,0.30834000000000006,4.933333333333334,73.33333333333333,0.042319999999999997,7.133333333333334
27,27000002048,22.101287364959717,3.1787452697753906,100.0,0.0,1.0,100.0,0.03540666666666667,1.0,100.0,0.35287999999999997,1.0,93.33333333333333,0.10428,1.0,100.0,0.08628666666666666,1.0,100.0,0.08575333333333333,1.0,100.0,0.08678000000000001,1.0,100.0,0.0029333333333333334,1.0,100.0,0.0,1.0666666666666667,93.33333333333333,0.04844,1.5333333333333334,73.33333333333333,0.35287999999999997,1.0,86.66666666666667,0.10428,1.1333333333333333,86.66666666666667,0.10424666666666665,1.2,86.66666666666667,0.08282666666666666,1.1333333333333333,86.66666666666667,0.08311333333333334,1.1333333333333333,100.0,0.0029333333333333334,1.6666666666666667,100.0,0.0,2.3333333333333335,100.0,0.003606666666666667,3.3333333333333335,46.666666666666664,0.3302866666666667,1.9333333333333333,86.66666666666667,0.08291999999999998,2.533333333333333,86.66666666666667,0.0515,2.6666666666666665,93.33333333333333,0.05424,2.6,93.33333333333333,0.05390666666666667,2.6,100.0,0.0,3.533333333333333,100.0,0.0,4.466666666666667,100.0,0.0,6.8,0.0,0.34463333333333335,3.2666666666666666,73.33333333333333,0.043486666666666667,5.0,93.33333333333333,0.033479999999999996,5.066666666666666,80.0,0.04164,4.933333333333334,73.33333333333333,0.04154666666666666,4.866666666666666,100.0,0.0,6.933333333333334,86.66666666666667,0.46055999999999997,1.0,100.0,0.0,1.0,80.0,0.5795066666666667,1.0,80.0,0.3697,1.0,80.0,0.34221999999999997,1.0,80.0,0.37470000000000003,1.0,80.0,0.37549999999999994,1.0,80.0,0.14929333333333336,1.0,40.0,0.4672466666666667,1.0666666666666667,100.0,0.0,1.5333333333333334,33.33333333333333,0.5795066666666667,1.0,40.0,0.3616733333333333,1.1333333333333333,46.666666666666664,0.32993999999999996,1.2,46.666666666666664,0.36721333333333334,1.1333333333333333,46.666666666666664,0.3680733333333333,1.1333333333333333,80.0,0.10556666666666667,1.6666666666666667,0.0,0.44801333333333326,2.3333333333333335,100.0,0.0,3.3333333333333335,0.0,0.5596666666666666,1.9333333333333333,6.666666666666667,0.3432,2.533333333333333,20.0,0.3384799999999999,2.6666666666666665,20.0,0.35558666666666666,2.6,20.0,0.35616000000000003,2.6,66.66666666666666,0.09131333333333333,3.533333333333333,0.0,0.4550600000000001,4.466666666666667,100.0,0.0,6.8,0.0,0.5671466666666666,3.2666666666666666,0.0,0.37637333333333345,5.0,0.0,0.34724,5.066666666666666,0.0,0.3657133333333334,4.933333333333334,0.0,0.3638466666666667,4.866666666666666,40.0,0.08390000000000002,6.933333333333334
28,28000002048,22.623080015182495,3.1475653648376465,100.0,0.0,1.0,93.33333333333333,0.059993333333333336,1.0,100.0,0.30932666666666664,1.0,100.0,0.06567333333333333,1.0,100.0,0.06004,1.0,100.0,0.08747333333333332,1.0,100.0,0.08619333333333334,1.0,100.0,0.0,1.0,100.0,0.0,1.0666666666666667,93.33333333333333,0.017866666666666666,1.6666666666666667,66.66666666666666,0.30932666666666664,1.0,86.66666666666667,0.05722666666666667,1.1333333333333333,86.66666666666667,0.05402666666666667,1.2,86.66666666666667,0.07368666666666666,1.2,86.66666666666667,0.07302666666666666,1.2,100.0,0.0,1.6666666666666667,100.0,0.0,2.2666666666666666,100.0,0.0,3.2666666666666666,46.666666666666664,0.2997666666666667,1.9333333333333333,66.66666666666666,0.07934666666666666,2.533333333333333,86.66666666666667,0.047426666666666666,2.6666666666666665,86.66666666666667,0.06582,2.6,86.66666666666667,0.06442,2.6,100.0,0.0,3.533333333333333,100.0,0.0,4.266666666666667,100.0,0.0,6.866666666666666,6.666666666666667,0.30468,3.2666666666666666,66.66666666666666,0.06855333333333333,5.0,86.66666666666667,0.022833333333333334,5.133333333333334,93.33333333333333,0.0225,5.0,86.66666666666667,0.02299333333333333,4.933333333333334,100.0,0.0,7.066666666666666,80.0,0.5119933333333333,1.0,100.0,0.0,1.0,100.0,0.5313200000000001,1.0,93.33333333333333,0.3234066666666667,1.0,93.33333333333333,0.30188666666666664,1.0,100.0,0.30048,1.0,100.0,0.3002866666666667,1.0,100.0,0.058486666666666666,1.0,33.33333333333333,0.4939199999999999,1.0666666666666667,100.0,0.0,1.6666666666666667,33.33333333333333,0.5313200000000001,1.0,26.666666666666668,0.32556666666666667,1.1333333333333333,40.0,0.31899333333333335,1.2,46.666666666666664,0.29403999999999997,1.2,46.666666666666664,0.2935666666666667,1.2,93.33333333333333,0.05078666666666667,1.6666666666666667,0.0,0.5158733333333333,2.2666666666666666,100.0,0.0,3.2666666666666666,0.0,0.53418,1.9333333333333333,6.666666666666667,0.34952666666666665,2.533333333333333,26.666666666666668,0.29238,2.6666666666666665,20.0,0.32042666666666675,2.6,20.0,0.32019333333333333,2.6,80.0,0.06002666666666667,3.533333333333333,0.0,0.46180666666666664,4.266666666666667,100.0,0.0,6.866666666666666,0.0,0.5463733333333333,3.2666666666666666,6.666666666666667,0.3513333333333334,5.0,6.666666666666667,0.31672666666666666,5.133333333333334,0.0,0.34328,5.0,0.0,0.3384200000000001,4.933333333333334,46.666666666666664,0.08094000000000001,7.066666666666666
29,29000002048,23.102989673614502,3.1755878925323486,100.0,0.0,1.0,93.33333333333333,0.04318666666666667,1.0,100.0,0.37359999999999993,1.0,100.0,0.12586666666666665,1.0,100.0,0.10618666666666667,1.0,100.0,0.09202,1.0,100.0,0.09218000000000001,1.0,100.0,0.010513333333333335,1.0,100.0,0.0,1.0,100.0,0.017153333333333336,1.6,73.33333333333333,0.37359999999999993,1.0,80.0,0.11735333333333335,1.1333333333333333,86.66666666666667,0.09068666666666665,1.2,93.33333333333333,0.060593333333333325,1.2,93.33333333333333,0.060860000000000004,1.2,100.0,0.0,1.6666666666666667,100.0,0.0,2.3333333333333335,93.33333333333333,0.014586666666666666,3.4,40.0,0.35040666666666664,1.9333333333333333,66.66666666666666,0.09121333333333333,2.533333333333333,80.0,0.06142,2.7333333333333334,80.0,0.06545333333333334,2.6,80.0,0.06447333333333333,2.533333333333333,100.0,0.0,3.533333333333333,100.0,0.0,4.333333333333333,100.0,0.0,6.866666666666666,0.0,0.3470133333333333,3.2666666666666666,66.66666666666666,0.07817333333333334,5.0,80.0,0.03969333333333333,5.133333333333334,93.33333333333333,0.042493333333333334,5.0,93.33333333333333,0.04258666666666666,5.0,100.0,0.0,7.066666666666666,66.66666666666666,0.5479266666666666,1.0,100.0,0.0,1.0,93.33333333333333,0.5500266666666668,1.0,86.66666666666667,0.3551066666666667,1.0,93.33333333333333,0.34742666666666666,1.0,93.33333333333333,0.32642666666666664,1.0,93.33333333333333,0.32617333333333337,1.0,93.33333333333333,0.11969999999999999,1.0,26.666666666666668,0.5479266666666666,1.0,100.0,0.0,1.6,33.33333333333333,0.5500266666666668,1.0,33.33333333333333,0.34743333333333337,1.1333333333333333,33.33333333333333,0.3507466666666667,1.2,46.666666666666664,0.32082,1.2,46.666666666666664,0.3205266666666666,1.2,86.66666666666667,0.11350666666666667,1.6666666666666667,0.0,0.47432,2.3333333333333335,100.0,0.0,3.4,0.0,0.5713800000000001,1.9333333333333333,0.0,0.3913333333333334,2.533333333333333,6.666666666666667,0.3445866666666666,2.7333333333333334,6.666666666666667,0.3518466666666666,2.6,6.666666666666667,0.35458666666666666,2.533333333333333,66.66666666666666,0.10186666666666667,3.533333333333333,0.0,0.4550133333333334,4.333333333333333,100.0,0.0,6.866666666666666,0.0,0.5784133333333334,3.2666666666666666,0.0,0.36579333333333325,5.0,0.0,0.3388066666666667,5.133333333333334,0.0,0.3670599999999999,5.0,0.0,0.3671266666666667,5.0,40.0,0.07828666666666666,7.066666666666666
