city,task_id,p_req_level,p_req,strategy,regime,eval_outcome,pool_size,pool_feasible,n_selected,p_commit,p_deliv,shortfall,ocr,success,seed_id,master_seed
City-A,T1,1x,180.0,S0a_RoutineOracle,routine,M_routine,800,True,1,561.7,561.7,0.0,0.0,1.0,4,4000002048
City-A,T1,1x,180.0,S0a_RoutineOracle,cross_regime,M_stress,800,True,1,561.7,249.0,0.0,0.5567,1.0,4,4000002048
City-A,T1,1x,180.0,S0b_StressOracle,routine,M_routine,800,True,1,329.4,453.5,0.0,0.0,1.0,4,4000002048
City-A,T1,1x,180.0,S0b_StressOracle,cross_regime,M_stress,800,True,1,329.4,329.4,0.0,0.0,1.0,4,4000002048
City-A,T1,1x,180.0,S1_CapRR,routine,M_routine,800,True,1,678.2,561.7,0.0,0.1718,1.0,4,4000002048
City-A,T1,1x,180.0,S1_CapRR,cross_regime,M_stress,800,True,1,678.2,249.0,0.0,0.6329,1.0,4,4000002048
City-A,T1,1x,180.0,S2_Platform,routine,M_routine,800,True,1,421.1,561.7,0.0,0.0,1.0,4,4000002048
City-A,T1,1x,180.0,S2_Platform,cross_regime,M_stress,800,True,1,421.1,249.0,0.0,0.4087,1.0,4,4000002048
City-A,T1,1x,180.0,S3_Lin4,routine,M_routine,800,True,1,495.3,561.7,0.0,0.0,1.0,4,4000002048
City-A,T1,1x,180.0,S3_Lin4,cross_regime,M_stress,800,True,1,495.3,249.0,0.0,0.4974,1.0,4,4000002048
City-A,T1,1x,180.0,S4_GlobalCalib,routine,M_routine,800,True,1,457.7,561.7,0.0,0.0,1.0,4,4000002048
City-A,T1,1x,180.0,S4_GlobalCalib,cross_regime,M_stress,800,True,1,457.7,249.0,0.0,0.456,1.0,4,4000002048
City-A,T1,1x,180.0,S5_CityCalib,routine,M_routine,800,True,1,453.4,561.7,0.0,0.0,1.0,4,4000002048
City-A,T1,1x,180.0,S5_CityCalib,cross_regime,M_stress,800,True,1,453.4,249.0,0.0,0.4509,1.0,4,4000002048
City-A,T1,1x,180.0,S6_Q10,routine,M_routine,800,True,1,315.3,561.7,0.0,0.0,1.0,4,4000002048
City-A,T1,1x,180.0,S6_Q10,cross_regime,M_stress,800,True,1,315.3,249.0,0.0,0.2104,1.0,4,4000002048
City-A,T1,2x,360.0,S0a_RoutineOracle,routine,M_routine,800,True,1,561.7,561.7,0.0,0.0,1.0,4,4000002048
City-A,T1,2x,360.0,S0a_RoutineOracle,cross_regime,M_stress,800,True,1,561.7,249.0,111.0,0.5567,0.0,4,4000002048
City-A,T1,2x,360.0,S0b_StressOracle,routine,M_routine,800,True,2,630.8,975.9,0.0,0.0,1.0,4,4000002048
City-A,T1,2x,360.0,S0b_StressOracle,cross_regime,M_stress,800,True,2,630.8,630.8,0.0,0.0,1.0,4,4000002048
City-A,T1,2x,360.0,S1_CapRR,routine,M_routine,800,True,1,678.2,561.7,0.0,0.1718,1.0,4,4000002048
City-A,T1,2x,360.0,S1_CapRR,cross_regime,M_stress,800,True,1,678.2,249.0,111.0,0.6329,0.0,4,4000002048
City-A,T1,2x,360.0,S2_Platform,routine,M_routine,800,True,1,421.1,561.7,0.0,0.0,1.0,4,4000002048
City-A,T1,2x,360.0,S2_Platform,cross_regime,M_stress,800,True,1,421.1,249.0,111.0,0.4087,0.0,4,4000002048
City-A,T1,2x,360.0,S3_Lin4,routine,M_routine,800,True,1,495.3,561.7,0.0,0.0,1.0,4,4000002048
City-A,T1,2x,360.0,S3_Lin4,cross_regime,M_stress,800,True,1,495.3,249.0,111.0,0.4974,0.0,4,4000002048
City-A,T1,2x,360.0,S4_GlobalCalib,routine,M_routine,800,True,1,457.7,561.7,0.0,0.0,1.0,4,4000002048
City-A,T1,2x,360.0,S4_GlobalCalib,cross_regime,M_stress,800,True,1,457.7,249.0,111.0,0.456,0.0,4,4000002048
City-A,T1,2x,360.0,S5_CityCalib,routine,M_routine,800,True,1,453.4,561.7,0.0,0.0,1.0,4,4000002048
City-A,T1,2x,360.0,S5_CityCalib,cross_regime,M_stress,800,True,1,453.4,249.0,111.0,0.4509,0.0,4,4000002048
City-A,T1,2x,360.0,S6_Q10,routine,M_routine,800,True,2,601.3,1084.0,0.0,0.0,1.0,4,4000002048
City-A,T1,2x,360.0,S6_Q10,cross_regime,M_stress,800,True,2,601.3,550.4,0.0,0.0848,1.0,4,4000002048
City-A,T1,5x,900.0,S0a_RoutineOracle,routine,M_routine,800,True,2,1084.0,1084.0,0.0,0.0,1.0,4,4000002048
City-A,T1,5x,900.0,S0a_RoutineOracle,cross_regime,M_stress,800,True,2,1084.0,550.4,349.6,0.4923,0.0,4,4000002048
City-A,T1,5x,900.0,S0b_StressOracle,routine,M_routine,800,True,3,924.8,1375.1,0.0,0.0,1.0,4,4000002048
City-A,T1,5x,900.0,S0b_StressOracle,cross_regime,M_stress,800,True,3,924.8,924.8,0.0,0.0,1.0,4,4000002048
City-A,T1,5x,900.0,S1_CapRR,routine,M_routine,800,True,2,1293.4,1084.0,0.0,0.1618,1.0,4,4000002048
City-A,T1,5x,900.0,S1_CapRR,cross_regime,M_stress,800,True,2,1293.4,550.4,349.6,0.5745,0.0,4,4000002048
City-A,T1,5x,900.0,S2_Platform,routine,M_routine,800,True,3,1202.1,1468.7,0.0,0.0,1.0,4,4000002048
City-A,T1,5x,900.0,S2_Platform,cross_regime,M_stress,800,True,3,1202.1,730.5,169.5,0.3923,0.0,4,4000002048
City-A,T1,5x,900.0,S3_Lin4,routine,M_routine,800,True,3,1268.0,1514.8,0.0,0.0,1.0,4,4000002048
City-A,T1,5x,900.0,S3_Lin4,cross_regime,M_stress,800,True,3,1268.0,810.1,89.9,0.3611,0.0,4,4000002048
City-A,T1,5x,900.0,S4_GlobalCalib,routine,M_routine,800,True,3,1274.9,1537.5,0.0,0.0,1.0,4,4000002048
City-A,T1,5x,900.0,S4_GlobalCalib,cross_regime,M_stress,800,True,3,1274.9,879.8,20.2,0.3099,0.0,4,4000002048
City-A,T1,5x,900.0,S5_CityCalib,routine,M_routine,800,True,3,1263.3,1537.5,0.0,0.0,1.0,4,4000002048
City-A,T1,5x,900.0,S5_CityCalib,cross_regime,M_stress,800,True,3,1263.3,879.8,20.2,0.3035,0.0,4,4000002048
City-A,T1,5x,900.0,S6_Q10,routine,M_routine,800,True,4,1149.4,1936.7,0.0,0.0,1.0,4,4000002048
City-A,T1,5x,900.0,S6_Q10,cross_regime,M_stress,800,True,4,1149.4,1173.8,0.0,0.0,1.0,4,4000002048
City-A,T1,10x,1800.0,S0a_RoutineOracle,routine,M_routine,800,True,4,2037.2,2037.2,0.0,0.0,1.0,4,4000002048
City-A,T1,10x,1800.0,S0a_RoutineOracle,cross_regime,M_stress,800,True,4,2037.2,1111.5,688.5,0.4544,0.0,4,4000002048
City-A,T1,10x,1800.0,S0b_StressOracle,routine,M_routine,800,True,7,2008.6,2775.8,0.0,0.0,1.0,4,4000002048
City-A,T1,10x,1800.0,S0b_StressOracle,cross_regime,M_stress,800,True,7,2008.6,2008.6,0.0,0.0,1.0,4,4000002048
City-A,T1,10x,1800.0,S1_CapRR,routine,M_routine,800,True,3,1889.7,1537.5,262.5,0.1864,0.0,4,4000002048
City-A,T1,10x,1800.0,S1_CapRR,cross_regime,M_stress,800,True,3,1889.7,879.8,920.2,0.5344,0.0,4,4000002048
City-A,T1,10x,1800.0,S2_Platform,routine,M_routine,800,True,5,1914.5,2029.0,0.0,0.0,1.0,4,4000002048
City-A,T1,10x,1800.0,S2_Platform,cross_regime,M_stress,800,True,5,1914.5,1210.0,590.0,0.368,0.0,4,4000002048
City-A,T1,10x,1800.0,S3_Lin4,routine,M_routine,800,True,5,1994.5,2436.4,0.0,0.0,1.0,4,4000002048
City-A,T1,10x,1800.0,S3_Lin4,cross_regime,M_stress,800,True,5,1994.5,1405.5,394.5,0.2953,0.0,4,4000002048
City-A,T1,10x,1800.0,S4_GlobalCalib,routine,M_routine,800,True,5,2048.9,2259.5,0.0,0.0,1.0,4,4000002048
City-A,T1,10x,1800.0,S4_GlobalCalib,cross_regime,M_stress,800,True,5,2048.9,1373.0,427.0,0.3299,0.0,4,4000002048
City-A,T1,10x,1800.0,S5_CityCalib,routine,M_routine,800,True,5,2030.3,2259.5,0.0,0.0,1.0,4,4000002048
City-A,T1,10x,1800.0,S5_CityCalib,cross_regime,M_stress,800,True,5,2030.3,1373.0,427.0,0.3237,0.0,4,4000002048
City-A,T1,10x,1800.0,S6_Q10,routine,M_routine,800,True,7,1900.7,3143.8,0.0,0.0,1.0,4,4000002048
City-A,T1,10x,1800.0,S6_Q10,cross_regime,M_stress,800,True,7,1900.7,1785.0,15.0,0.0609,0.0,4,4000002048
City-A,T2,1x,260.0,S0a_RoutineOracle,routine,M_routine,800,True,1,471.4,471.4,0.0,0.0,1.0,4,4000002048
City-A,T2,1x,260.0,S0a_RoutineOracle,cross_regime,M_stress,800,True,1,471.4,261.0,0.0,0.4463,1.0,4,4000002048
City-A,T2,1x,260.0,S0b_StressOracle,routine,M_routine,800,True,1,360.9,400.1,0.0,0.0,1.0,4,4000002048
City-A,T2,1x,260.0,S0b_StressOracle,cross_regime,M_stress,800,True,1,360.9,360.9,0.0,0.0,1.0,4,4000002048
City-A,T2,1x,260.0,S1_CapRR,routine,M_routine,800,True,1,678.2,400.1,0.0,0.41,1.0,4,4000002048
City-A,T2,1x,260.0,S1_CapRR,cross_regime,M_stress,800,True,1,678.2,360.9,0.0,0.4678,1.0,4,4000002048
City-A,T2,1x,260.0,S2_Platform,routine,M_routine,800,True,1,441.1,400.1,0.0,0.0929,1.0,4,4000002048
City-A,T2,1x,260.0,S2_Platform,cross_regime,M_stress,800,True,1,441.1,360.9,0.0,0.1818,1.0,4,4000002048
City-A,T2,1x,260.0,S3_Lin4,routine,M_routine,800,True,1,494.7,400.1,0.0,0.1911,1.0,4,4000002048
City-A,T2,1x,260.0,S3_Lin4,cross_regime,M_stress,800,True,1,494.7,360.9,0.0,0.2704,1.0,4,4000002048
City-A,T2,1x,260.0,S4_GlobalCalib,routine,M_routine,800,True,1,458.4,400.1,0.0,0.1271,1.0,4,4000002048
City-A,T2,1x,260.0,S4_GlobalCalib,cross_regime,M_stress,800,True,1,458.4,360.9,0.0,0.2127,1.0,4,4000002048
City-A,T2,1x,260.0,S5_CityCalib,routine,M_routine,800,True,1,463.5,400.1,0.0,0.1367,1.0,4,4000002048
City-A,T2,1x,260.0,S5_CityCalib,cross_regime,M_stress,800,True,1,463.5,360.9,0.0,0.2213,1.0,4,4000002048
City-A,T2,1x,260.0,S6_Q10,routine,M_routine,800,True,1,316.0,400.1,0.0,0.0,1.0,4,4000002048
City-A,T2,1x,260.0,S6_Q10,cross_regime,M_stress,800,True,1,316.0,360.9,0.0,0.0,1.0,4,4000002048
City-A,T2,2x,520.0,S0a_RoutineOracle,routine,M_routine,800,True,2,929.8,929.8,0.0,0.0,1.0,4,4000002048
City-A,T2,2x,520.0,S0a_RoutineOracle,cross_regime,M_stress,800,True,2,929.8,531.5,0.0,0.4283,1.0,4,4000002048
City-A,T2,2x,520.0,S0b_StressOracle,routine,M_routine,800,True,2,646.0,749.4,0.0,0.0,1.0,4,4000002048
City-A,T2,2x,520.0,S0b_StressOracle,cross_regime,M_stress,800,True,2,646.0,646.0,0.0,0.0,1.0,4,4000002048
City-A,T2,2x,520.0,S1_CapRR,routine,M_routine,800,True,1,678.2,400.1,119.9,0.41,0.0,4,4000002048
City-A,T2,2x,520.0,S1_CapRR,cross_regime,M_stress,800,True,1,678.2,360.9,159.1,0.4678,0.0,4,4000002048
City-A,T2,2x,520.0,S2_Platform,routine,M_routine,800,True,2,849.9,844.5,0.0,0.0064,1.0,4,4000002048
City-A,T2,2x,520.0,S2_Platform,cross_regime,M_stress,800,True,2,849.9,607.0,0.0,0.2858,1.0,4,4000002048
City-A,T2,2x,520.0,S3_Lin4,routine,M_routine,800,True,2,883.4,871.6,0.0,0.0134,1.0,4,4000002048
City-A,T2,2x,520.0,S3_Lin4,cross_regime,M_stress,800,True,2,883.4,621.9,0.0,0.296,1.0,4,4000002048
City-A,T2,2x,520.0,S4_GlobalCalib,routine,M_routine,800,True,2,874.1,844.5,0.0,0.0339,1.0,4,4000002048
City-A,T2,2x,520.0,S4_GlobalCalib,cross_regime,M_stress,800,True,2,874.1,607.0,0.0,0.3056,1.0,4,4000002048
City-A,T2,2x,520.0,S5_CityCalib,routine,M_routine,800,True,2,883.6,844.5,0.0,0.0443,1.0,4,4000002048
City-A,T2,2x,520.0,S5_CityCalib,cross_regime,M_stress,800,True,2,883.6,607.0,0.0,0.3131,1.0,4,4000002048
City-A,T2,2x,520.0,S6_Q10,routine,M_routine,800,True,2,602.7,844.5,0.0,0.0,1.0,4,4000002048
City-A,T2,2x,520.0,S6_Q10,cross_regime,M_stress,800,True,2,602.7,607.0,0.0,0.0,1.0,4,4000002048
City-A,T2,5x,1300.0,S0a_RoutineOracle,routine,M_routine,800,True,3,1375.6,1375.6,0.0,0.0,1.0,4,4000002048
City-A,T2,5x,1300.0,S0a_RoutineOracle,cross_regime,M_stress,800,True,3,1375.6,779.9,520.1,0.4331,0.0,4,4000002048
City-A,T2,5x,1300.0,S0b_StressOracle,routine,M_routine,800,True,5,1464.3,1964.0,0.0,0.0,1.0,4,4000002048
City-A,T2,5x,1300.0,S0b_StressOracle,cross_regime,M_stress,800,True,5,1464.3,1464.3,0.0,0.0,1.0,4,4000002048
City-A,T2,5x,1300.0,S1_CapRR,routine,M_routine,800,True,3,1889.7,1315.9,0.0,0.3036,1.0,4,4000002048
City-A,T2,5x,1300.0,S1_CapRR,cross_regime,M_stress,800,True,3,1889.7,868.0,432.0,0.5407,0.0,4,4000002048
City-A,T2,5x,1300.0,S2_Platform,routine,M_routine,800,True,4,1596.5,1516.4,0.0,0.0502,1.0,4,4000002048
City-A,T2,5x,1300.0,S2_Platform,cross_regime,M_stress,800,True,4,1596.5,1026.2,273.8,0.3572,0.0,4,4000002048
City-A,T2,5x,1300.0,S3_Lin4,routine,M_routine,800,True,4,1630.0,1761.6,0.0,0.0,1.0,4,4000002048
City-A,T2,5x,1300.0,S3_Lin4,cross_regime,M_stress,800,True,4,1630.0,1116.3,183.7,0.3151,0.0,4,4000002048
City-A,T2,5x,1300.0,S4_GlobalCalib,routine,M_routine,800,True,4,1670.4,1774.3,0.0,0.0,1.0,4,4000002048
City-A,T2,5x,1300.0,S4_GlobalCalib,cross_regime,M_stress,800,True,4,1670.4,1138.5,161.5,0.3184,0.0,4,4000002048
City-A,T2,5x,1300.0,S5_CityCalib,routine,M_routine,800,True,4,1688.4,1774.3,0.0,0.0,1.0,4,4000002048
City-A,T2,5x,1300.0,S5_CityCalib,cross_regime,M_stress,800,True,4,1688.4,1138.5,161.5,0.3257,0.0,4,4000002048
City-A,T2,5x,1300.0,S6_Q10,routine,M_routine,800,True,5,1415.5,2062.1,0.0,0.0,1.0,4,4000002048
City-A,T2,5x,1300.0,S6_Q10,cross_regime,M_stress,800,True,5,1415.5,1389.9,0.0,0.018,1.0,4,4000002048
City-A,T2,10x,2600.0,S0a_RoutineOracle,routine,M_routine,800,True,6,2612.1,2612.1,0.0,0.0,1.0,4,4000002048
City-A,T2,10x,2600.0,S0a_RoutineOracle,cross_regime,M_stress,800,True,6,2612.1,1659.4,940.6,0.3647,0.0,4,4000002048
City-A,T2,10x,2600.0,S0b_StressOracle,routine,M_routine,800,True,10,2740.1,3620.5,0.0,0.0,1.0,4,4000002048
City-A,T2,10x,2600.0,S0b_StressOracle,cross_regime,M_stress,800,True,10,2740.1,2740.1,0.0,0.0,1.0,4,4000002048
City-A,T2,10x,2600.0,S1_CapRR,routine,M_routine,800,True,5,3037.3,2062.1,537.9,0.3211,0.0,4,4000002048
City-A,T2,10x,2600.0,S1_CapRR,cross_regime,M_stress,800,True,5,3037.3,1389.9,1210.1,0.5424,0.0,4,4000002048
City-A,T2,10x,2600.0,S2_Platform,routine,M_routine,800,True,7,2630.1,2663.1,0.0,0.0,1.0,4,4000002048
City-A,T2,10x,2600.0,S2_Platform,cross_regime,M_stress,800,True,7,2630.1,1775.6,824.4,0.3249,0.0,4,4000002048
City-A,T2,10x,2600.0,S3_Lin4,routine,M_routine,800,True,7,2693.5,2899.8,0.0,0.0,1.0,4,4000002048
City-A,T2,10x,2600.0,S3_Lin4,cross_regime,M_stress,800,True,7,2693.5,1910.8,689.2,0.2906,0.0,4,4000002048
City-A,T2,10x,2600.0,S4_GlobalCalib,routine,M_routine,800,True,7,2761.6,2892.0,0.0,0.0,1.0,4,4000002048
City-A,T2,10x,2600.0,S4_GlobalCalib,cross_regime,M_stress,800,True,7,2761.6,1806.1,793.9,0.346,0.0,4,4000002048
City-A,T2,10x,2600.0,S5_CityCalib,routine,M_routine,800,True,7,2790.8,2892.0,0.0,0.0,1.0,4,4000002048
City-A,T2,10x,2600.0,S5_CityCalib,cross_regime,M_stress,800,True,7,2790.8,1806.1,793.9,0.3528,0.0,4,4000002048
City-A,T2,10x,2600.0,S6_Q10,routine,M_routine,800,True,10,2618.9,3989.0,0.0,0.0,1.0,4,4000002048
City-A,T2,10x,2600.0,S6_Q10,cross_regime,M_stress,800,True,10,2618.9,2475.1,124.9,0.0549,0.0,4,4000002048
City-A,T3,1x,200.0,S0a_RoutineOracle,routine,M_routine,800,True,1,434.6,434.6,0.0,0.0,1.0,4,4000002048
City-A,T3,1x,200.0,S0a_RoutineOracle,cross_regime,M_stress,800,True,1,434.6,276.1,0.0,0.3648,1.0,4,4000002048
City-A,T3,1x,200.0,S0b_StressOracle,routine,M_routine,800,True,1,320.1,254.3,0.0,0.2056,1.0,4,4000002048
City-A,T3,1x,200.0,S0b_StressOracle,cross_regime,M_stress,800,True,1,320.1,320.1,0.0,0.0,1.0,4,4000002048
City-A,T3,1x,200.0,S1_CapRR,routine,M_routine,800,True,1,596.8,434.6,0.0,0.2718,1.0,4,4000002048
City-A,T3,1x,200.0,S1_CapRR,cross_regime,M_stress,800,True,1,596.8,276.1,0.0,0.5374,1.0,4,4000002048
City-A,T3,1x,200.0,S2_Platform,routine,M_routine,800,True,1,470.7,434.6,0.0,0.0766,1.0,4,4000002048
City-A,T3,1x,200.0,S2_Platform,cross_regime,M_stress,800,True,1,470.7,276.1,0.0,0.4135,1.0,4,4000002048
City-A,T3,1x,200.0,S3_Lin4,routine,M_routine,800,True,1,492.9,434.6,0.0,0.1183,1.0,4,4000002048
City-A,T3,1x,200.0,S3_Lin4,cross_regime,M_stress,800,True,1,492.9,276.1,0.0,0.44,1.0,4,4000002048
City-A,T3,1x,200.0,S4_GlobalCalib,routine,M_routine,800,True,1,401.7,434.6,0.0,0.0,1.0,4,4000002048
City-A,T3,1x,200.0,S4_GlobalCalib,cross_regime,M_stress,800,True,1,401.7,276.1,0.0,0.3128,1.0,4,4000002048
City-A,T3,1x,200.0,S5_CityCalib,routine,M_routine,800,True,1,404.9,434.6,0.0,0.0,1.0,4,4000002048
City-A,T3,1x,200.0,S5_CityCalib,cross_regime,M_stress,800,True,1,404.9,276.1,0.0,0.3182,1.0,4,4000002048
City-A,T3,1x,200.0,S6_Q10,routine,M_routine,800,True,1,277.4,434.6,0.0,0.0,1.0,4,4000002048
City-A,T3,1x,200.0,S6_Q10,cross_regime,M_stress,800,True,1,277.4,276.1,0.0,0.0049,1.0,4,4000002048
City-A,T3,2x,400.0,S0a_RoutineOracle,routine,M_routine,800,True,1,434.6,434.6,0.0,0.0,1.0,4,4000002048
City-A,T3,2x,400.0,S0a_RoutineOracle,cross_regime,M_stress,800,True,1,434.6,276.1,123.9,0.3648,0.0,4,4000002048
City-A,T3,2x,400.0,S0b_StressOracle,routine,M_routine,800,True,2,596.1,688.9,0.0,0.0,1.0,4,4000002048
City-A,T3,2x,400.0,S0b_StressOracle,cross_regime,M_stress,800,True,2,596.1,596.1,0.0,0.0,1.0,4,4000002048
City-A,T3,2x,400.0,S1_CapRR,routine,M_routine,800,True,1,596.8,434.6,0.0,0.2718,1.0,4,4000002048
City-A,T3,2x,400.0,S1_CapRR,cross_regime,M_stress,800,True,1,596.8,276.1,123.9,0.5374,0.0,4,4000002048
City-A,T3,2x,400.0,S2_Platform,routine,M_routine,800,True,1,470.7,434.6,0.0,0.0766,1.0,4,4000002048
City-A,T3,2x,400.0,S2_Platform,cross_regime,M_stress,800,True,1,470.7,276.1,123.9,0.4135,0.0,4,4000002048
City-A,T3,2x,400.0,S3_Lin4,routine,M_routine,800,True,1,492.9,434.6,0.0,0.1183,1.0,4,4000002048
City-A,T3,2x,400.0,S3_Lin4,cross_regime,M_stress,800,True,1,492.9,276.1,123.9,0.44,0.0,4,4000002048
City-A,T3,2x,400.0,S4_GlobalCalib,routine,M_routine,800,True,1,401.7,434.6,0.0,0.0,1.0,4,4000002048
City-A,T3,2x,400.0,S4_GlobalCalib,cross_regime,M_stress,800,True,1,401.7,276.1,123.9,0.3128,0.0,4,4000002048
City-A,T3,2x,400.0,S5_CityCalib,routine,M_routine,800,True,1,404.9,434.6,0.0,0.0,1.0,4,4000002048
City-A,T3,2x,400.0,S5_CityCalib,cross_regime,M_stress,800,True,1,404.9,276.1,123.9,0.3182,0.0,4,4000002048
City-A,T3,2x,400.0,S6_Q10,routine,M_routine,800,True,2,529.0,678.0,0.0,0.0,1.0,4,4000002048
City-A,T3,2x,400.0,S6_Q10,cross_regime,M_stress,800,True,2,529.0,440.8,0.0,0.1668,1.0,4,4000002048
City-A,T3,5x,1000.0,S0a_RoutineOracle,routine,M_routine,800,True,3,1275.1,1275.1,0.0,0.0,1.0,4,4000002048
City-A,T3,5x,1000.0,S0a_RoutineOracle,cross_regime,M_stress,800,True,3,1275.1,645.6,354.4,0.4937,0.0,4,4000002048
City-A,T3,5x,1000.0,S0b_StressOracle,routine,M_routine,800,True,4,1100.2,1338.3,0.0,0.0,1.0,4,4000002048
City-A,T3,5x,1000.0,S0b_StressOracle,cross_regime,M_stress,800,True,4,1100.2,1100.2,0.0,0.0,1.0,4,4000002048
City-A,T3,5x,1000.0,S1_CapRR,routine,M_routine,800,True,2,1138.1,678.0,322.0,0.4043,0.0,4,4000002048
City-A,T3,5x,1000.0,S1_CapRR,cross_regime,M_stress,800,True,2,1138.1,440.8,559.2,0.6127,0.0,4,4000002048
City-A,T3,5x,1000.0,S2_Platform,routine,M_routine,800,True,3,1264.8,1132.5,0.0,0.1046,1.0,4,4000002048
City-A,T3,5x,1000.0,S2_Platform,cross_regime,M_stress,800,True,3,1264.8,745.0,255.0,0.411,0.0,4,4000002048
City-A,T3,5x,1000.0,S3_Lin4,routine,M_routine,800,True,3,1251.4,980.1,19.9,0.2168,0.0,4,4000002048
City-A,T3,5x,1000.0,S3_Lin4,cross_regime,M_stress,800,True,3,1251.4,600.8,399.2,0.5199,0.0,4,4000002048
City-A,T3,5x,1000.0,S4_GlobalCalib,routine,M_routine,800,True,3,1119.0,1099.9,0.0,0.0171,1.0,4,4000002048
City-A,T3,5x,1000.0,S4_GlobalCalib,cross_regime,M_stress,800,True,3,1119.0,644.7,355.3,0.4239,0.0,4,4000002048
City-A,T3,5x,1000.0,S5_CityCalib,routine,M_routine,800,True,3,1127.5,1099.9,0.0,0.0245,1.0,4,4000002048
City-A,T3,5x,1000.0,S5_CityCalib,cross_regime,M_stress,800,True,3,1127.5,644.7,355.3,0.4282,0.0,4,4000002048
City-A,T3,5x,1000.0,S6_Q10,routine,M_routine,800,True,4,1011.1,1354.2,0.0,0.0,1.0,4,4000002048
City-A,T3,5x,1000.0,S6_Q10,cross_regime,M_stress,800,True,4,1011.1,964.8,35.2,0.0459,0.0,4,4000002048
City-A,T3,10x,2000.0,S0a_RoutineOracle,routine,M_routine,800,True,5,2030.7,2030.7,0.0,0.0,1.0,4,4000002048
City-A,T3,10x,2000.0,S0a_RoutineOracle,cross_regime,M_stress,800,True,5,2030.7,1066.8,933.2,0.4747,0.0,4,4000002048
City-A,T3,10x,2000.0,S0b_StressOracle,routine,M_routine,800,True,8,2006.7,2369.3,0.0,0.0,1.0,4,4000002048
City-A,T3,10x,2000.0,S0b_StressOracle,cross_regime,M_stress,800,True,8,2006.7,2006.7,0.0,0.0,1.0,4,4000002048
City-A,T3,10x,2000.0,S1_CapRR,routine,M_routine,800,True,4,2175.3,1354.2,645.8,0.3775,0.0,4,4000002048
City-A,T3,10x,2000.0,S1_CapRR,cross_regime,M_stress,800,True,4,2175.3,964.8,1035.2,0.5565,0.0,4,4000002048
City-A,T3,10x,2000.0,S2_Platform,routine,M_routine,800,True,6,2357.9,1939.1,60.9,0.1776,0.0,4,4000002048
City-A,T3,10x,2000.0,S2_Platform,cross_regime,M_stress,800,True,6,2357.9,1402.3,597.7,0.4053,0.0,4,4000002048
City-A,T3,10x,2000.0,S3_Lin4,routine,M_routine,800,True,6,2299.4,1753.6,246.4,0.2374,0.0,4,4000002048
City-A,T3,10x,2000.0,S3_Lin4,cross_regime,M_stress,800,True,6,2299.4,1350.5,649.5,0.4127,0.0,4,4000002048
City-A,T3,10x,2000.0,S4_GlobalCalib,routine,M_routine,800,True,6,2111.5,1753.6,246.4,0.1695,0.0,4,4000002048
City-A,T3,10x,2000.0,S4_GlobalCalib,cross_regime,M_stress,800,True,6,2111.5,1350.5,649.5,0.3604,0.0,4,4000002048
City-A,T3,10x,2000.0,S5_CityCalib,routine,M_routine,800,True,6,2127.1,1753.6,246.4,0.1756,0.0,4,4000002048
City-A,T3,10x,2000.0,S5_CityCalib,cross_regime,M_stress,800,True,6,2127.1,1350.5,649.5,0.3651,0.0,4,4000002048
City-A,T3,10x,2000.0,S6_Q10,routine,M_routine,800,True,9,2091.6,2789.8,0.0,0.0,1.0,4,4000002048
City-A,T3,10x,2000.0,S6_Q10,cross_regime,M_stress,800,True,9,2091.6,1961.3,38.7,0.0623,0.0,4,4000002048
City-A,T4,1x,140.0,S0a_RoutineOracle,routine,M_routine,800,True,1,534.4,534.4,0.0,0.0,1.0,4,4000002048
City-A,T4,1x,140.0,S0a_RoutineOracle,cross_regime,M_stress,800,True,1,534.4,290.4,0.0,0.4565,1.0,4,4000002048
City-A,T4,1x,140.0,S0b_StressOracle,routine,M_routine,800,True,1,290.4,534.4,0.0,0.0,1.0,4,4000002048
City-A,T4,1x,140.0,S0b_StressOracle,cross_regime,M_stress,800,True,1,290.4,290.4,0.0,0.0,1.0,4,4000002048
City-A,T4,1x,140.0,S1_CapRR,routine,M_routine,800,True,1,678.2,450.1,0.0,0.3364,1.0,4,4000002048
City-A,T4,1x,140.0,S1_CapRR,cross_regime,M_stress,800,True,1,678.2,207.0,0.0,0.6948,1.0,4,4000002048
City-A,T4,1x,140.0,S2_Platform,routine,M_routine,800,True,1,299.2,411.6,0.0,0.0,1.0,4,4000002048
City-A,T4,1x,140.0,S2_Platform,cross_regime,M_stress,800,True,1,299.2,204.5,0.0,0.3165,1.0,4,4000002048
City-A,T4,1x,140.0,S3_Lin4,routine,M_routine,800,True,1,497.6,450.1,0.0,0.0956,1.0,4,4000002048
City-A,T4,1x,140.0,S3_Lin4,cross_regime,M_stress,800,True,1,497.6,207.0,0.0,0.584,1.0,4,4000002048
City-A,T4,1x,140.0,S4_GlobalCalib,routine,M_routine,800,True,1,459.2,450.1,0.0,0.02,1.0,4,4000002048
City-A,T4,1x,140.0,S4_GlobalCalib,cross_regime,M_stress,800,True,1,459.2,207.0,0.0,0.5492,1.0,4,4000002048
City-A,T4,1x,140.0,S5_CityCalib,routine,M_routine,800,True,1,460.4,450.1,0.0,0.0225,1.0,4,4000002048
City-A,T4,1x,140.0,S5_CityCalib,cross_regime,M_stress,800,True,1,460.4,207.0,0.0,0.5504,1.0,4,4000002048
City-A,T4,1x,140.0,S6_Q10,routine,M_routine,800,True,1,315.0,450.1,0.0,0.0,1.0,4,4000002048
City-A,T4,1x,140.0,S6_Q10,cross_regime,M_stress,800,True,1,315.0,207.0,0.0,0.3429,1.0,4,4000002048
City-A,T4,2x,280.0,S0a_RoutineOracle,routine,M_routine,800,True,1,534.4,534.4,0.0,0.0,1.0,4,4000002048
City-A,T4,2x,280.0,S0a_RoutineOracle,cross_regime,M_stress,800,True,1,534.4,290.4,0.0,0.4565,1.0,4,4000002048
City-A,T4,2x,280.0,S0b_StressOracle,routine,M_routine,800,True,1,290.4,534.4,0.0,0.0,1.0,4,4000002048
City-A,T4,2x,280.0,S0b_StressOracle,cross_regime,M_stress,800,True,1,290.4,290.4,0.0,0.0,1.0,4,4000002048
City-A,T4,2x,280.0,S1_CapRR,routine,M_routine,800,True,1,678.2,450.1,0.0,0.3364,1.0,4,4000002048
City-A,T4,2x,280.0,S1_CapRR,cross_regime,M_stress,800,True,1,678.2,207.0,73.0,0.6948,0.0,4,4000002048
City-A,T4,2x,280.0,S2_Platform,routine,M_routine,800,True,1,299.2,411.6,0.0,0.0,1.0,4,4000002048
City-A,T4,2x,280.0,S2_Platform,cross_regime,M_stress,800,True,1,299.2,204.5,75.5,0.3165,0.0,4,4000002048
City-A,T4,2x,280.0,S3_Lin4,routine,M_routine,800,True,1,497.6,450.1,0.0,0.0956,1.0,4,4000002048
City-A,T4,2x,280.0,S3_Lin4,cross_regime,M_stress,800,True,1,497.6,207.0,73.0,0.584,0.0,4,4000002048
City-A,T4,2x,280.0,S4_GlobalCalib,routine,M_routine,800,True,1,459.2,450.1,0.0,0.02,1.0,4,4000002048
City-A,T4,2x,280.0,S4_GlobalCalib,cross_regime,M_stress,800,True,1,459.2,207.0,73.0,0.5492,0.0,4,4000002048
City-A,T4,2x,280.0,S5_CityCalib,routine,M_routine,800,True,1,460.4,450.1,0.0,0.0225,1.0,4,4000002048
City-A,T4,2x,280.0,S5_CityCalib,cross_regime,M_stress,800,True,1,460.4,207.0,73.0,0.5504,0.0,4,4000002048
City-A,T4,2x,280.0,S6_Q10,routine,M_routine,800,True,1,315.0,450.1,0.0,0.0,1.0,4,4000002048
City-A,T4,2x,280.0,S6_Q10,cross_regime,M_stress,800,True,1,315.0,207.0,73.0,0.3429,0.0,4,4000002048
City-A,T4,5x,700.0,S0a_RoutineOracle,routine,M_routine,800,True,2,994.4,994.4,0.0,0.0,1.0,4,4000002048
City-A,T4,5x,700.0,S0a_RoutineOracle,cross_regime,M_stress,800,True,2,994.4,460.5,239.5,0.5369,0.0,4,4000002048
City-A,T4,5x,700.0,S0b_StressOracle,routine,M_routine,800,True,3,853.2,1133.2,0.0,0.0,1.0,4,4000002048
City-A,T4,5x,700.0,S0b_StressOracle,cross_regime,M_stress,800,True,3,853.2,853.2,0.0,0.0,1.0,4,4000002048
City-A,T4,5x,700.0,S1_CapRR,routine,M_routine,800,True,2,1293.4,861.7,0.0,0.3338,1.0,4,4000002048
City-A,T4,5x,700.0,S1_CapRR,cross_regime,M_stress,800,True,2,1293.4,411.5,288.5,0.6818,0.0,4,4000002048
City-A,T4,5x,700.0,S2_Platform,routine,M_routine,800,True,3,870.0,1034.5,0.0,0.0,1.0,4,4000002048
City-A,T4,5x,700.0,S2_Platform,cross_regime,M_stress,800,True,3,870.0,504.9,195.1,0.4196,0.0,4,4000002048
City-A,T4,5x,700.0,S3_Lin4,routine,M_routine,800,True,2,889.2,874.0,0.0,0.0171,1.0,4,4000002048
City-A,T4,5x,700.0,S3_Lin4,cross_regime,M_stress,800,True,2,889.2,467.2,232.8,0.4746,0.0,4,4000002048
City-A,T4,5x,700.0,S4_GlobalCalib,routine,M_routine,800,True,2,875.6,861.7,0.0,0.0159,1.0,4,4000002048
City-A,T4,5x,700.0,S4_GlobalCalib,cross_regime,M_stress,800,True,2,875.6,411.5,288.5,0.53,0.0,4,4000002048
City-A,T4,5x,700.0,S5_CityCalib,routine,M_routine,800,True,2,877.8,861.7,0.0,0.0184,1.0,4,4000002048
City-A,T4,5x,700.0,S5_CityCalib,cross_regime,M_stress,800,True,2,877.8,411.5,288.5,0.5312,0.0,4,4000002048
City-A,T4,5x,700.0,S6_Q10,routine,M_routine,800,True,3,877.7,1285.6,0.0,0.0,1.0,4,4000002048
City-A,T4,5x,700.0,S6_Q10,cross_regime,M_stress,800,True,3,877.7,671.8,28.2,0.2347,0.0,4,4000002048
City-A,T4,10x,1400.0,S0a_RoutineOracle,routine,M_routine,800,True,3,1444.5,1444.5,0.0,0.0,1.0,4,4000002048
City-A,T4,10x,1400.0,S0a_RoutineOracle,cross_regime,M_stress,800,True,3,1444.5,667.5,732.5,0.5379,0.0,4,4000002048
City-A,T4,10x,1400.0,S0b_StressOracle,routine,M_routine,800,True,6,1616.8,2087.1,0.0,0.0,1.0,4,4000002048
City-A,T4,10x,1400.0,S0b_StressOracle,cross_regime,M_stress,800,True,6,1616.8,1616.8,0.0,0.0,1.0,4,4000002048
City-A,T4,10x,1400.0,S1_CapRR,routine,M_routine,800,True,3,1889.7,1285.6,114.4,0.3197,0.0,4,4000002048
City-A,T4,10x,1400.0,S1_CapRR,cross_regime,M_stress,800,True,3,1889.7,671.8,728.2,0.6445,0.0,4,4000002048
City-A,T4,10x,1400.0,S2_Platform,routine,M_routine,800,True,5,1424.2,1698.2,0.0,0.0,1.0,4,4000002048
City-A,T4,10x,1400.0,S2_Platform,cross_regime,M_stress,800,True,5,1424.2,760.9,639.1,0.4657,0.0,4,4000002048
City-A,T4,10x,1400.0,S3_Lin4,routine,M_routine,800,True,4,1641.8,1697.1,0.0,0.0,1.0,4,4000002048
City-A,T4,10x,1400.0,S3_Lin4,cross_regime,M_stress,800,True,4,1641.8,856.1,543.9,0.4786,0.0,4,4000002048
City-A,T4,10x,1400.0,S4_GlobalCalib,routine,M_routine,800,True,4,1673.1,1820.0,0.0,0.0,1.0,4,4000002048
City-A,T4,10x,1400.0,S4_GlobalCalib,cross_regime,M_stress,800,True,4,1673.1,962.2,437.8,0.4249,0.0,4,4000002048
City-A,T4,10x,1400.0,S5_CityCalib,routine,M_routine,800,True,4,1677.3,1820.0,0.0,0.0,1.0,4,4000002048
City-A,T4,10x,1400.0,S5_CityCalib,cross_regime,M_stress,800,True,4,1677.3,962.2,437.8,0.4263,0.0,4,4000002048
City-A,T4,10x,1400.0,S6_Q10,routine,M_routine,800,True,5,1410.8,2033.2,0.0,0.0,1.0,4,4000002048
City-A,T4,10x,1400.0,S6_Q10,cross_regime,M_stress,800,True,5,1410.8,1238.6,161.4,0.1221,0.0,4,4000002048
City-A,T5,1x,160.0,S0a_RoutineOracle,routine,M_routine,800,True,1,470.5,470.5,0.0,0.0,1.0,4,4000002048
City-A,T5,1x,160.0,S0a_RoutineOracle,cross_regime,M_stress,800,True,1,470.5,176.2,0.0,0.6256,1.0,4,4000002048
City-A,T5,1x,160.0,S0b_StressOracle,routine,M_routine,800,True,1,286.7,383.9,0.0,0.0,1.0,4,4000002048
City-A,T5,1x,160.0,S0b_StressOracle,cross_regime,M_stress,800,True,1,286.7,286.7,0.0,0.0,1.0,4,4000002048
City-A,T5,1x,160.0,S1_CapRR,routine,M_routine,800,True,1,596.8,470.5,0.0,0.2117,1.0,4,4000002048
City-A,T5,1x,160.0,S1_CapRR,cross_regime,M_stress,800,True,1,596.8,176.2,0.0,0.7048,1.0,4,4000002048
City-A,T5,1x,160.0,S2_Platform,routine,M_routine,800,True,1,485.5,470.5,0.0,0.031,1.0,4,4000002048
City-A,T5,1x,160.0,S2_Platform,cross_regime,M_stress,800,True,1,485.5,176.2,0.0,0.6371,1.0,4,4000002048
City-A,T5,1x,160.0,S3_Lin4,routine,M_routine,800,True,1,493.4,470.5,0.0,0.0464,1.0,4,4000002048
City-A,T5,1x,160.0,S3_Lin4,cross_regime,M_stress,800,True,1,493.4,176.2,0.0,0.6429,1.0,4,4000002048
City-A,T5,1x,160.0,S4_GlobalCalib,routine,M_routine,800,True,1,401.6,470.5,0.0,0.0,1.0,4,4000002048
City-A,T5,1x,160.0,S4_GlobalCalib,cross_regime,M_stress,800,True,1,401.6,176.2,0.0,0.5613,1.0,4,4000002048
City-A,T5,1x,160.0,S5_CityCalib,routine,M_routine,800,True,1,406.7,470.5,0.0,0.0,1.0,4,4000002048
City-A,T5,1x,160.0,S5_CityCalib,cross_regime,M_stress,800,True,1,406.7,176.2,0.0,0.5669,1.0,4,4000002048
City-A,T5,1x,160.0,S6_Q10,routine,M_routine,800,True,1,275.3,470.5,0.0,0.0,1.0,4,4000002048
City-A,T5,1x,160.0,S6_Q10,cross_regime,M_stress,800,True,1,275.3,176.2,0.0,0.36,1.0,4,4000002048
City-A,T5,2x,320.0,S0a_RoutineOracle,routine,M_routine,800,True,1,470.5,470.5,0.0,0.0,1.0,4,4000002048
City-A,T5,2x,320.0,S0a_RoutineOracle,cross_regime,M_stress,800,True,1,470.5,176.2,143.8,0.6256,0.0,4,4000002048
City-A,T5,2x,320.0,S0b_StressOracle,routine,M_routine,800,True,2,546.5,675.3,0.0,0.0,1.0,4,4000002048
City-A,T5,2x,320.0,S0b_StressOracle,cross_regime,M_stress,800,True,2,546.5,546.5,0.0,0.0,1.0,4,4000002048
City-A,T5,2x,320.0,S1_CapRR,routine,M_routine,800,True,1,596.8,470.5,0.0,0.2117,1.0,4,4000002048
City-A,T5,2x,320.0,S1_CapRR,cross_regime,M_stress,800,True,1,596.8,176.2,143.8,0.7048,0.0,4,4000002048
City-A,T5,2x,320.0,S2_Platform,routine,M_routine,800,True,1,485.5,470.5,0.0,0.031,1.0,4,4000002048
City-A,T5,2x,320.0,S2_Platform,cross_regime,M_stress,800,True,1,485.5,176.2,143.8,0.6371,0.0,4,4000002048
City-A,T5,2x,320.0,S3_Lin4,routine,M_routine,800,True,1,493.4,470.5,0.0,0.0464,1.0,4,4000002048
City-A,T5,2x,320.0,S3_Lin4,cross_regime,M_stress,800,True,1,493.4,176.2,143.8,0.6429,0.0,4,4000002048
City-A,T5,2x,320.0,S4_GlobalCalib,routine,M_routine,800,True,1,401.6,470.5,0.0,0.0,1.0,4,4000002048
City-A,T5,2x,320.0,S4_GlobalCalib,cross_regime,M_stress,800,True,1,401.6,176.2,143.8,0.5613,0.0,4,4000002048
City-A,T5,2x,320.0,S5_CityCalib,routine,M_routine,800,True,1,406.7,470.5,0.0,0.0,1.0,4,4000002048
City-A,T5,2x,320.0,S5_CityCalib,cross_regime,M_stress,800,True,1,406.7,176.2,143.8,0.5669,0.0,4,4000002048
City-A,T5,2x,320.0,S6_Q10,routine,M_routine,800,True,2,524.9,854.3,0.0,0.0,1.0,4,4000002048
City-A,T5,2x,320.0,S6_Q10,cross_regime,M_stress,800,True,2,524.9,462.9,0.0,0.1182,1.0,4,4000002048
City-A,T5,5x,800.0,S0a_RoutineOracle,routine,M_routine,800,True,2,859.0,859.0,0.0,0.0,1.0,4,4000002048
City-A,T5,5x,800.0,S0a_RoutineOracle,cross_regime,M_stress,800,True,2,859.0,396.5,403.5,0.5385,0.0,4,4000002048
City-A,T5,5x,800.0,S0b_StressOracle,routine,M_routine,800,True,4,1043.4,1190.9,0.0,0.0,1.0,4,4000002048
City-A,T5,5x,800.0,S0b_StressOracle,cross_regime,M_stress,800,True,4,1043.4,1043.4,0.0,0.0,1.0,4,4000002048
City-A,T5,5x,800.0,S1_CapRR,routine,M_routine,800,True,2,1138.1,854.3,0.0,0.2494,1.0,4,4000002048
City-A,T5,5x,800.0,S1_CapRR,cross_regime,M_stress,800,True,2,1138.1,462.9,337.1,0.5933,0.0,4,4000002048
City-A,T5,5x,800.0,S2_Platform,routine,M_routine,800,True,2,897.6,816.8,0.0,0.0899,1.0,4,4000002048
City-A,T5,5x,800.0,S2_Platform,cross_regime,M_stress,800,True,2,897.6,323.8,476.2,0.6393,0.0,4,4000002048
City-A,T5,5x,800.0,S3_Lin4,routine,M_routine,800,True,2,874.4,812.3,0.0,0.071,1.0,4,4000002048
City-A,T5,5x,800.0,S3_Lin4,cross_regime,M_stress,800,True,2,874.4,369.2,430.8,0.5778,0.0,4,4000002048
City-A,T5,5x,800.0,S4_GlobalCalib,routine,M_routine,800,True,3,1118.6,1196.1,0.0,0.0,1.0,4,4000002048
City-A,T5,5x,800.0,S4_GlobalCalib,cross_regime,M_stress,800,True,3,1118.6,655.9,144.1,0.4136,0.0,4,4000002048
City-A,T5,5x,800.0,S5_CityCalib,routine,M_routine,800,True,3,1132.6,1196.1,0.0,0.0,1.0,4,4000002048
City-A,T5,5x,800.0,S5_CityCalib,cross_regime,M_stress,800,True,3,1132.6,655.9,144.1,0.4209,0.0,4,4000002048
City-A,T5,5x,800.0,S6_Q10,routine,M_routine,800,True,4,1003.3,1544.4,0.0,0.0,1.0,4,4000002048
City-A,T5,5x,800.0,S6_Q10,cross_regime,M_stress,800,True,4,1003.3,857.4,0.0,0.1455,1.0,4,4000002048
City-A,T5,10x,1600.0,S0a_RoutineOracle,routine,M_routine,800,True,5,1939.4,1939.4,0.0,0.0,1.0,4,4000002048
City-A,T5,10x,1600.0,S0a_RoutineOracle,cross_regime,M_stress,800,True,5,1939.4,1129.5,470.5,0.4176,0.0,4,4000002048
City-A,T5,10x,1600.0,S0b_StressOracle,routine,M_routine,800,True,7,1737.8,2103.4,0.0,0.0,1.0,4,4000002048
City-A,T5,10x,1600.0,S0b_StressOracle,cross_regime,M_stress,800,True,7,1737.8,1737.8,0.0,0.0,1.0,4,4000002048
City-A,T5,10x,1600.0,S1_CapRR,routine,M_routine,800,True,3,1662.9,1196.1,403.9,0.2807,0.0,4,4000002048
City-A,T5,10x,1600.0,S1_CapRR,cross_regime,M_stress,800,True,3,1662.9,655.9,944.1,0.6056,0.0,4,4000002048
City-A,T5,10x,1600.0,S2_Platform,routine,M_routine,800,True,4,1696.8,1506.9,93.1,0.1119,0.0,4,4000002048
City-A,T5,10x,1600.0,S2_Platform,cross_regime,M_stress,800,True,4,1696.8,718.3,881.7,0.5767,0.0,4,4000002048
City-A,T5,10x,1600.0,S3_Lin4,routine,M_routine,800,True,4,1603.4,1365.1,234.9,0.1486,0.0,4,4000002048
City-A,T5,10x,1600.0,S3_Lin4,cross_regime,M_stress,800,True,4,1603.4,876.9,723.1,0.4531,0.0,4,4000002048
City-A,T5,10x,1600.0,S4_GlobalCalib,routine,M_routine,800,True,5,1797.6,1890.7,0.0,0.0,1.0,4,4000002048
City-A,T5,10x,1600.0,S4_GlobalCalib,cross_regime,M_stress,800,True,5,1797.6,1005.0,595.0,0.4409,0.0,4,4000002048
City-A,T5,10x,1600.0,S5_CityCalib,routine,M_routine,800,True,5,1819.9,1890.7,0.0,0.0,1.0,4,4000002048
City-A,T5,10x,1600.0,S5_CityCalib,cross_regime,M_stress,800,True,5,1819.9,1005.0,595.0,0.4478,0.0,4,4000002048
City-A,T5,10x,1600.0,S6_Q10,routine,M_routine,800,True,7,1659.1,2226.9,0.0,0.0,1.0,4,4000002048
City-A,T5,10x,1600.0,S6_Q10,cross_regime,M_stress,800,True,7,1659.1,1478.1,121.9,0.1091,0.0,4,4000002048
City-B,T1,1x,180.0,S0a_RoutineOracle,routine,M_routine,500,True,1,720.5,720.5,0.0,0.0,1.0,4,4000002048
City-B,T1,1x,180.0,S0a_RoutineOracle,cross_regime,M_stress,500,True,1,720.5,428.5,0.0,0.4053,1.0,4,4000002048
City-B,T1,1x,180.0,S0b_StressOracle,routine,M_routine,500,True,1,428.5,720.5,0.0,0.0,1.0,4,4000002048
City-B,T1,1x,180.0,S0b_StressOracle,cross_regime,M_stress,500,True,1,428.5,428.5,0.0,0.0,1.0,4,4000002048
City-B,T1,1x,180.0,S1_CapRR,routine,M_routine,500,True,1,846.0,547.6,0.0,0.3527,1.0,4,4000002048
City-B,T1,1x,180.0,S1_CapRR,cross_regime,M_stress,500,True,1,846.0,378.0,0.0,0.5532,1.0,4,4000002048
City-B,T1,1x,180.0,S2_Platform,routine,M_routine,500,True,1,561.1,595.2,0.0,0.0,1.0,4,4000002048
City-B,T1,1x,180.0,S2_Platform,cross_regime,M_stress,500,True,1,561.1,173.2,6.8,0.6913,0.0,4,4000002048
City-B,T1,1x,180.0,S3_Lin4,routine,M_routine,500,True,1,470.3,720.5,0.0,0.0,1.0,4,4000002048
City-B,T1,1x,180.0,S3_Lin4,cross_regime,M_stress,500,True,1,470.3,428.5,0.0,0.089,1.0,4,4000002048
City-B,T1,1x,180.0,S4_GlobalCalib,routine,M_routine,500,True,1,571.3,547.6,0.0,0.0416,1.0,4,4000002048
City-B,T1,1x,180.0,S4_GlobalCalib,cross_regime,M_stress,500,True,1,571.3,378.0,0.0,0.3385,1.0,4,4000002048
City-B,T1,1x,180.0,S5_CityCalib,routine,M_routine,500,True,1,572.4,547.6,0.0,0.0433,1.0,4,4000002048
City-B,T1,1x,180.0,S5_CityCalib,cross_regime,M_stress,500,True,1,572.4,378.0,0.0,0.3397,1.0,4,4000002048
City-B,T1,1x,180.0,S6_Q10,routine,M_routine,500,True,1,393.4,547.6,0.0,0.0,1.0,4,4000002048
City-B,T1,1x,180.0,S6_Q10,cross_regime,M_stress,500,True,1,393.4,378.0,0.0,0.0391,1.0,4,4000002048
City-B,T1,2x,360.0,S0a_RoutineOracle,routine,M_routine,500,True,1,720.5,720.5,0.0,0.0,1.0,4,4000002048
City-B,T1,2x,360.0,S0a_RoutineOracle,cross_regime,M_stress,500,True,1,720.5,428.5,0.0,0.4053,1.0,4,4000002048
City-B,T1,2x,360.0,S0b_StressOracle,routine,M_routine,500,True,1,428.5,720.5,0.0,0.0,1.0,4,4000002048
City-B,T1,2x,360.0,S0b_StressOracle,cross_regime,M_stress,500,True,1,428.5,428.5,0.0,0.0,1.0,4,4000002048
City-B,T1,2x,360.0,S1_CapRR,routine,M_routine,500,True,1,846.0,547.6,0.0,0.3527,1.0,4,4000002048
City-B,T1,2x,360.0,S1_CapRR,cross_regime,M_stress,500,True,1,846.0,378.0,0.0,0.5532,1.0,4,4000002048
City-B,T1,2x,360.0,S2_Platform,routine,M_routine,500,True,1,561.1,595.2,0.0,0.0,1.0,4,4000002048
City-B,T1,2x,360.0,S2_Platform,cross_regime,M_stress,500,True,1,561.1,173.2,186.8,0.6913,0.0,4,4000002048
City-B,T1,2x,360.0,S3_Lin4,routine,M_routine,500,True,1,470.3,720.5,0.0,0.0,1.0,4,4000002048
City-B,T1,2x,360.0,S3_Lin4,cross_regime,M_stress,500,True,1,470.3,428.5,0.0,0.089,1.0,4,4000002048
City-B,T1,2x,360.0,S4_GlobalCalib,routine,M_routine,500,True,1,571.3,547.6,0.0,0.0416,1.0,4,4000002048
City-B,T1,2x,360.0,S4_GlobalCalib,cross_regime,M_stress,500,True,1,571.3,378.0,0.0,0.3385,1.0,4,4000002048
City-B,T1,2x,360.0,S5_CityCalib,routine,M_routine,500,True,1,572.4,547.6,0.0,0.0433,1.0,4,4000002048
City-B,T1,2x,360.0,S5_CityCalib,cross_regime,M_stress,500,True,1,572.4,378.0,0.0,0.3397,1.0,4,4000002048
City-B,T1,2x,360.0,S6_Q10,routine,M_routine,500,True,1,393.4,547.6,0.0,0.0,1.0,4,4000002048
City-B,T1,2x,360.0,S6_Q10,cross_regime,M_stress,500,True,1,393.4,378.0,0.0,0.0391,1.0,4,4000002048
City-B,T1,5x,900.0,S0a_RoutineOracle,routine,M_routine,500,True,2,1315.7,1315.7,0.0,0.0,1.0,4,4000002048
City-B,T1,5x,900.0,S0a_RoutineOracle,cross_regime,M_stress,500,True,2,1315.7,601.7,298.3,0.5427,0.0,4,4000002048
City-B,T1,5x,900.0,S0b_StressOracle,routine,M_routine,500,True,3,1178.5,1845.2,0.0,0.0,1.0,4,4000002048
City-B,T1,5x,900.0,S0b_StressOracle,cross_regime,M_stress,500,True,3,1178.5,1178.5,0.0,0.0,1.0,4,4000002048
City-B,T1,5x,900.0,S1_CapRR,routine,M_routine,500,True,2,1688.0,1124.7,0.0,0.3337,1.0,4,4000002048
City-B,T1,5x,900.0,S1_CapRR,cross_regime,M_stress,500,True,2,1688.0,750.0,150.0,0.5557,0.0,4,4000002048
City-B,T1,5x,900.0,S2_Platform,routine,M_routine,500,True,2,1112.3,1315.7,0.0,0.0,1.0,4,4000002048
City-B,T1,5x,900.0,S2_Platform,cross_regime,M_stress,500,True,2,1112.3,601.7,298.3,0.4591,0.0,4,4000002048
City-B,T1,5x,900.0,S3_Lin4,routine,M_routine,500,True,2,934.3,1315.7,0.0,0.0,1.0,4,4000002048
City-B,T1,5x,900.0,S3_Lin4,cross_regime,M_stress,500,True,2,934.3,601.7,298.3,0.356,0.0,4,4000002048
City-B,T1,5x,900.0,S4_GlobalCalib,routine,M_routine,500,True,2,1139.9,1124.7,0.0,0.0134,1.0,4,4000002048
City-B,T1,5x,900.0,S4_GlobalCalib,cross_regime,M_stress,500,True,2,1139.9,750.0,150.0,0.3421,0.0,4,4000002048
City-B,T1,5x,900.0,S5_CityCalib,routine,M_routine,500,True,2,1142.0,1124.7,0.0,0.0151,1.0,4,4000002048
City-B,T1,5x,900.0,S5_CityCalib,cross_regime,M_stress,500,True,2,1142.0,750.0,150.0,0.3433,0.0,4,4000002048
City-B,T1,5x,900.0,S6_Q10,routine,M_routine,500,True,3,1164.5,1845.2,0.0,0.0,1.0,4,4000002048
City-B,T1,5x,900.0,S6_Q10,cross_regime,M_stress,500,True,3,1164.5,1178.5,0.0,0.0,1.0,4,4000002048
City-B,T1,10x,1800.0,S0a_RoutineOracle,routine,M_routine,500,True,3,1892.8,1892.8,0.0,0.0,1.0,4,4000002048
City-B,T1,10x,1800.0,S0a_RoutineOracle,cross_regime,M_stress,500,True,3,1892.8,973.7,826.3,0.4856,0.0,4,4000002048
City-B,T1,10x,1800.0,S0b_StressOracle,routine,M_routine,500,True,5,1852.2,2720.9,0.0,0.0,1.0,4,4000002048
City-B,T1,10x,1800.0,S0b_StressOracle,cross_regime,M_stress,500,True,5,1852.2,1852.2,0.0,0.0,1.0,4,4000002048
City-B,T1,10x,1800.0,S1_CapRR,routine,M_routine,500,True,3,2504.5,1845.2,0.0,0.2632,1.0,4,4000002048
City-B,T1,10x,1800.0,S1_CapRR,cross_regime,M_stress,500,True,3,2504.5,1178.5,621.5,0.5295,0.0,4,4000002048
City-B,T1,10x,1800.0,S2_Platform,routine,M_routine,500,True,4,2163.2,2440.4,0.0,0.0,1.0,4,4000002048
City-B,T1,10x,1800.0,S2_Platform,cross_regime,M_stress,500,True,4,2163.2,1351.7,448.3,0.3751,0.0,4,4000002048
City-B,T1,10x,1800.0,S3_Lin4,routine,M_routine,500,True,4,1852.6,2440.4,0.0,0.0,1.0,4,4000002048
City-B,T1,10x,1800.0,S3_Lin4,cross_regime,M_stress,500,True,4,1852.6,1351.7,448.3,0.2704,0.0,4,4000002048
City-B,T1,10x,1800.0,S4_GlobalCalib,routine,M_routine,500,True,4,2230.7,2440.4,0.0,0.0,1.0,4,4000002048
City-B,T1,10x,1800.0,S4_GlobalCalib,cross_regime,M_stress,500,True,4,2230.7,1351.7,448.3,0.394,0.0,4,4000002048
City-B,T1,10x,1800.0,S5_CityCalib,routine,M_routine,500,True,4,2234.6,2440.4,0.0,0.0,1.0,4,4000002048
City-B,T1,10x,1800.0,S5_CityCalib,cross_regime,M_stress,500,True,4,2234.6,1351.7,448.3,0.3951,0.0,4,4000002048
City-B,T1,10x,1800.0,S6_Q10,routine,M_routine,500,True,5,1860.8,2894.7,0.0,0.0,1.0,4,4000002048
City-B,T1,10x,1800.0,S6_Q10,cross_regime,M_stress,500,True,5,1860.8,1706.2,93.8,0.0831,0.0,4,4000002048
City-B,T2,1x,260.0,S0a_RoutineOracle,routine,M_routine,501,True,1,769.3,769.3,0.0,0.0,1.0,4,4000002048
City-B,T2,1x,260.0,S0a_RoutineOracle,cross_regime,M_stress,501,True,1,769.3,241.3,18.7,0.6864,0.0,4,4000002048
City-B,T2,1x,260.0,S0b_StressOracle,routine,M_routine,501,True,1,463.3,462.0,0.0,0.0029,1.0,4,4000002048
City-B,T2,1x,260.0,S0b_StressOracle,cross_regime,M_stress,501,True,1,463.3,463.3,0.0,0.0,1.0,4,4000002048
City-B,T2,1x,260.0,S1_CapRR,routine,M_routine,501,True,1,846.0,631.4,0.0,0.2537,1.0,4,4000002048
City-B,T2,1x,260.0,S1_CapRR,cross_regime,M_stress,501,True,1,846.0,421.4,0.0,0.5019,1.0,4,4000002048
City-B,T2,1x,260.0,S2_Platform,routine,M_routine,501,True,1,557.0,666.4,0.0,0.0,1.0,4,4000002048
City-B,T2,1x,260.0,S2_Platform,cross_regime,M_stress,501,True,1,557.0,163.9,96.1,0.7057,0.0,4,4000002048
City-B,T2,1x,260.0,S3_Lin4,routine,M_routine,501,True,1,471.5,462.0,0.0,0.0201,1.0,4,4000002048
City-B,T2,1x,260.0,S3_Lin4,cross_regime,M_stress,501,True,1,471.5,463.3,0.0,0.0172,1.0,4,4000002048
City-B,T2,1x,260.0,S4_GlobalCalib,routine,M_routine,501,True,1,572.3,631.4,0.0,0.0,1.0,4,4000002048
City-B,T2,1x,260.0,S4_GlobalCalib,cross_regime,M_stress,501,True,1,572.3,421.4,0.0,0.2636,1.0,4,4000002048
City-B,T2,1x,260.0,S5_CityCalib,routine,M_routine,501,True,1,569.7,631.4,0.0,0.0,1.0,4,4000002048
City-B,T2,1x,260.0,S5_CityCalib,cross_regime,M_stress,501,True,1,569.7,421.4,0.0,0.2603,1.0,4,4000002048
City-B,T2,1x,260.0,S6_Q10,routine,M_routine,501,True,1,394.3,631.4,0.0,0.0,1.0,4,4000002048
City-B,T2,1x,260.0,S6_Q10,cross_regime,M_stress,501,True,1,394.3,421.4,0.0,0.0,1.0,4,4000002048
City-B,T2,2x,520.0,S0a_RoutineOracle,routine,M_routine,501,True,1,769.3,769.3,0.0,0.0,1.0,4,4000002048
City-B,T2,2x,520.0,S0a_RoutineOracle,cross_regime,M_stress,501,True,1,769.3,241.3,278.7,0.6864,0.0,4,4000002048
City-B,T2,2x,520.0,S0b_StressOracle,routine,M_routine,501,True,2,884.8,1093.3,0.0,0.0,1.0,4,4000002048
City-B,T2,2x,520.0,S0b_StressOracle,cross_regime,M_stress,501,True,2,884.8,884.8,0.0,0.0,1.0,4,4000002048
City-B,T2,2x,520.0,S1_CapRR,routine,M_routine,501,True,1,846.0,631.4,0.0,0.2537,1.0,4,4000002048
City-B,T2,2x,520.0,S1_CapRR,cross_regime,M_stress,501,True,1,846.0,421.4,98.6,0.5019,0.0,4,4000002048
City-B,T2,2x,520.0,S2_Platform,routine,M_routine,501,True,1,557.0,666.4,0.0,0.0,1.0,4,4000002048
City-B,T2,2x,520.0,S2_Platform,cross_regime,M_stress,501,True,1,557.0,163.9,356.1,0.7057,0.0,4,4000002048
City-B,T2,2x,520.0,S3_Lin4,routine,M_routine,501,True,2,936.6,1128.4,0.0,0.0,1.0,4,4000002048
City-B,T2,2x,520.0,S3_Lin4,cross_regime,M_stress,501,True,2,936.6,627.2,0.0,0.3303,1.0,4,4000002048
City-B,T2,2x,520.0,S4_GlobalCalib,routine,M_routine,501,True,1,572.3,631.4,0.0,0.0,1.0,4,4000002048
City-B,T2,2x,520.0,S4_GlobalCalib,cross_regime,M_stress,501,True,1,572.3,421.4,98.6,0.2636,0.0,4,4000002048
City-B,T2,2x,520.0,S5_CityCalib,routine,M_routine,501,True,1,569.7,631.4,0.0,0.0,1.0,4,4000002048
City-B,T2,2x,520.0,S5_CityCalib,cross_regime,M_stress,501,True,1,569.7,421.4,98.6,0.2603,0.0,4,4000002048
City-B,T2,2x,520.0,S6_Q10,routine,M_routine,501,True,2,786.6,1400.7,0.0,0.0,1.0,4,4000002048
City-B,T2,2x,520.0,S6_Q10,cross_regime,M_stress,501,True,2,786.6,662.7,0.0,0.1575,1.0,4,4000002048
City-B,T2,5x,1300.0,S0a_RoutineOracle,routine,M_routine,501,True,2,1435.8,1435.8,0.0,0.0,1.0,4,4000002048
City-B,T2,5x,1300.0,S0a_RoutineOracle,cross_regime,M_stress,501,True,2,1435.8,405.2,894.8,0.7178,0.0,4,4000002048
City-B,T2,5x,1300.0,S0b_StressOracle,routine,M_routine,501,True,4,1578.1,1901.2,0.0,0.0,1.0,4,4000002048
City-B,T2,5x,1300.0,S0b_StressOracle,cross_regime,M_stress,501,True,4,1578.1,1578.1,0.0,0.0,1.0,4,4000002048
City-B,T2,5x,1300.0,S1_CapRR,routine,M_routine,501,True,2,1688.0,1400.7,0.0,0.1702,1.0,4,4000002048
City-B,T2,5x,1300.0,S1_CapRR,cross_regime,M_stress,501,True,2,1688.0,662.7,637.3,0.6074,0.0,4,4000002048
City-B,T2,5x,1300.0,S2_Platform,routine,M_routine,501,True,3,1630.3,1897.7,0.0,0.0,1.0,4,4000002048
City-B,T2,5x,1300.0,S2_Platform,cross_regime,M_stress,501,True,3,1630.3,868.5,431.5,0.4673,0.0,4,4000002048
City-B,T2,5x,1300.0,S3_Lin4,routine,M_routine,501,True,3,1397.8,1759.8,0.0,0.0,1.0,4,4000002048
City-B,T2,5x,1300.0,S3_Lin4,cross_regime,M_stress,501,True,3,1397.8,1048.7,251.3,0.2498,0.0,4,4000002048
City-B,T2,5x,1300.0,S4_GlobalCalib,routine,M_routine,501,True,3,1694.2,1862.7,0.0,0.0,1.0,4,4000002048
City-B,T2,5x,1300.0,S4_GlobalCalib,cross_regime,M_stress,501,True,3,1694.2,1126.0,174.0,0.3354,0.0,4,4000002048
City-B,T2,5x,1300.0,S5_CityCalib,routine,M_routine,501,True,3,1686.5,1862.7,0.0,0.0,1.0,4,4000002048
City-B,T2,5x,1300.0,S5_CityCalib,cross_regime,M_stress,501,True,3,1686.5,1126.0,174.0,0.3323,0.0,4,4000002048
City-B,T2,5x,1300.0,S6_Q10,routine,M_routine,501,True,4,1539.4,2529.1,0.0,0.0,1.0,4,4000002048
City-B,T2,5x,1300.0,S6_Q10,cross_regime,M_stress,501,True,4,1539.4,1289.9,10.1,0.162,0.0,4,4000002048
City-B,T2,10x,2600.0,S0a_RoutineOracle,routine,M_routine,501,True,5,3057.1,3057.1,0.0,0.0,1.0,4,4000002048
City-B,T2,10x,2600.0,S0a_RoutineOracle,cross_regime,M_stress,501,True,5,3057.1,1600.8,999.2,0.4764,0.0,4,4000002048
City-B,T2,10x,2600.0,S0b_StressOracle,routine,M_routine,501,True,8,2852.8,3467.9,0.0,0.0,1.0,4,4000002048
City-B,T2,10x,2600.0,S0b_StressOracle,cross_regime,M_stress,501,True,8,2852.8,2852.8,0.0,0.0,1.0,4,4000002048
City-B,T2,10x,2600.0,S1_CapRR,routine,M_routine,501,True,4,3303.2,2529.1,70.9,0.2344,0.0,4,4000002048
City-B,T2,10x,2600.0,S1_CapRR,cross_regime,M_stress,501,True,4,3303.2,1289.9,1310.1,0.6095,0.0,4,4000002048
City-B,T2,10x,2600.0,S2_Platform,routine,M_routine,501,True,6,2974.4,3408.0,0.0,0.0,1.0,4,4000002048
City-B,T2,10x,2600.0,S2_Platform,cross_regime,M_stress,501,True,6,2974.4,1873.7,726.3,0.3701,0.0,4,4000002048
City-B,T2,10x,2600.0,S3_Lin4,routine,M_routine,501,True,6,2636.1,3408.0,0.0,0.0,1.0,4,4000002048
City-B,T2,10x,2600.0,S3_Lin4,cross_regime,M_stress,501,True,6,2636.1,1873.7,726.3,0.2892,0.0,4,4000002048
City-B,T2,10x,2600.0,S4_GlobalCalib,routine,M_routine,501,True,5,2706.9,3057.1,0.0,0.0,1.0,4,4000002048
City-B,T2,10x,2600.0,S4_GlobalCalib,cross_regime,M_stress,501,True,5,2706.9,1600.8,999.2,0.4086,0.0,4,4000002048
City-B,T2,10x,2600.0,S5_CityCalib,routine,M_routine,501,True,5,2694.7,3057.1,0.0,0.0,1.0,4,4000002048
City-B,T2,10x,2600.0,S5_CityCalib,cross_regime,M_stress,501,True,5,2694.7,1600.8,999.2,0.406,0.0,4,4000002048
City-B,T2,10x,2600.0,S6_Q10,routine,M_routine,501,True,8,2724.5,4270.3,0.0,0.0,1.0,4,4000002048
City-B,T2,10x,2600.0,S6_Q10,cross_regime,M_stress,501,True,8,2724.5,2526.3,73.7,0.0727,0.0,4,4000002048
City-B,T3,1x,200.0,S0a_RoutineOracle,routine,M_routine,500,True,1,602.9,602.9,0.0,0.0,1.0,4,4000002048
City-B,T3,1x,200.0,S0a_RoutineOracle,cross_regime,M_stress,500,True,1,602.9,129.2,70.8,0.7858,0.0,4,4000002048
City-B,T3,1x,200.0,S0b_StressOracle,routine,M_routine,500,True,1,286.4,366.6,0.0,0.0,1.0,4,4000002048
City-B,T3,1x,200.0,S0b_StressOracle,cross_regime,M_stress,500,True,1,286.4,286.4,0.0,0.0,1.0,4,4000002048
City-B,T3,1x,200.0,S1_CapRR,routine,M_routine,500,True,1,744.5,602.9,0.0,0.1902,1.0,4,4000002048
City-B,T3,1x,200.0,S1_CapRR,cross_regime,M_stress,500,True,1,744.5,129.2,70.8,0.8265,0.0,4,4000002048
City-B,T3,1x,200.0,S2_Platform,routine,M_routine,500,True,1,543.2,560.8,0.0,0.0,1.0,4,4000002048
City-B,T3,1x,200.0,S2_Platform,cross_regime,M_stress,500,True,1,543.2,198.5,1.5,0.6346,0.0,4,4000002048
City-B,T3,1x,200.0,S3_Lin4,routine,M_routine,500,True,1,461.9,366.6,0.0,0.2062,1.0,4,4000002048
City-B,T3,1x,200.0,S3_Lin4,cross_regime,M_stress,500,True,1,461.9,286.4,0.0,0.38,1.0,4,4000002048
City-B,T3,1x,200.0,S4_GlobalCalib,routine,M_routine,500,True,1,501.5,602.9,0.0,0.0,1.0,4,4000002048
City-B,T3,1x,200.0,S4_GlobalCalib,cross_regime,M_stress,500,True,1,501.5,129.2,70.8,0.7425,0.0,4,4000002048
City-B,T3,1x,200.0,S5_CityCalib,routine,M_routine,500,True,1,495.1,602.9,0.0,0.0,1.0,4,4000002048
City-B,T3,1x,200.0,S5_CityCalib,cross_regime,M_stress,500,True,1,495.1,129.2,70.8,0.7391,0.0,4,4000002048
City-B,T3,1x,200.0,S6_Q10,routine,M_routine,500,True,1,346.0,602.9,0.0,0.0,1.0,4,4000002048
City-B,T3,1x,200.0,S6_Q10,cross_regime,M_stress,500,True,1,346.0,129.2,70.8,0.6267,0.0,4,4000002048
City-B,T3,2x,400.0,S0a_RoutineOracle,routine,M_routine,500,True,1,602.9,602.9,0.0,0.0,1.0,4,4000002048
City-B,T3,2x,400.0,S0a_RoutineOracle,cross_regime,M_stress,500,True,1,602.9,129.2,270.8,0.7858,0.0,4,4000002048
City-B,T3,2x,400.0,S0b_StressOracle,routine,M_routine,500,True,2,569.8,683.7,0.0,0.0,1.0,4,4000002048
City-B,T3,2x,400.0,S0b_StressOracle,cross_regime,M_stress,500,True,2,569.8,569.8,0.0,0.0,1.0,4,4000002048
City-B,T3,2x,400.0,S1_CapRR,routine,M_routine,500,True,1,744.5,602.9,0.0,0.1902,1.0,4,4000002048
City-B,T3,2x,400.0,S1_CapRR,cross_regime,M_stress,500,True,1,744.5,129.2,270.8,0.8265,0.0,4,4000002048
City-B,T3,2x,400.0,S2_Platform,routine,M_routine,500,True,1,543.2,560.8,0.0,0.0,1.0,4,4000002048
City-B,T3,2x,400.0,S2_Platform,cross_regime,M_stress,500,True,1,543.2,198.5,201.5,0.6346,0.0,4,4000002048
City-B,T3,2x,400.0,S3_Lin4,routine,M_routine,500,True,1,461.9,366.6,33.4,0.2062,0.0,4,4000002048
City-B,T3,2x,400.0,S3_Lin4,cross_regime,M_stress,500,True,1,461.9,286.4,113.6,0.38,0.0,4,4000002048
City-B,T3,2x,400.0,S4_GlobalCalib,routine,M_routine,500,True,1,501.5,602.9,0.0,0.0,1.0,4,4000002048
City-B,T3,2x,400.0,S4_GlobalCalib,cross_regime,M_stress,500,True,1,501.5,129.2,270.8,0.7425,0.0,4,4000002048
City-B,T3,2x,400.0,S5_CityCalib,routine,M_routine,500,True,1,495.1,602.9,0.0,0.0,1.0,4,4000002048
City-B,T3,2x,400.0,S5_CityCalib,cross_regime,M_stress,500,True,1,495.1,129.2,270.8,0.7391,0.0,4,4000002048
City-B,T3,2x,400.0,S6_Q10,routine,M_routine,500,True,2,690.4,1163.6,0.0,0.0,1.0,4,4000002048
City-B,T3,2x,400.0,S6_Q10,cross_regime,M_stress,500,True,2,690.4,327.6,72.4,0.5255,0.0,4,4000002048
City-B,T3,5x,1000.0,S0a_RoutineOracle,routine,M_routine,500,True,2,1173.9,1173.9,0.0,0.0,1.0,4,4000002048
City-B,T3,5x,1000.0,S0a_RoutineOracle,cross_regime,M_stress,500,True,2,1173.9,398.7,601.3,0.6603,0.0,4,4000002048
City-B,T3,5x,1000.0,S0b_StressOracle,routine,M_routine,500,True,4,1123.9,1391.2,0.0,0.0,1.0,4,4000002048
City-B,T3,5x,1000.0,S0b_StressOracle,cross_regime,M_stress,500,True,4,1123.9,1123.9,0.0,0.0,1.0,4,4000002048
City-B,T3,5x,1000.0,S1_CapRR,routine,M_routine,500,True,2,1485.4,1163.6,0.0,0.2166,1.0,4,4000002048
City-B,T3,5x,1000.0,S1_CapRR,cross_regime,M_stress,500,True,2,1485.4,327.6,672.4,0.7794,0.0,4,4000002048
City-B,T3,5x,1000.0,S2_Platform,routine,M_routine,500,True,2,1048.0,927.4,72.6,0.1151,0.0,4,4000002048
City-B,T3,5x,1000.0,S2_Platform,cross_regime,M_stress,500,True,2,1048.0,484.8,515.2,0.5374,0.0,4,4000002048
City-B,T3,5x,1000.0,S3_Lin4,routine,M_routine,500,True,3,1366.1,1540.5,0.0,0.0,1.0,4,4000002048
City-B,T3,5x,1000.0,S3_Lin4,cross_regime,M_stress,500,True,3,1366.1,685.1,314.9,0.4985,0.0,4,4000002048
City-B,T3,5x,1000.0,S4_GlobalCalib,routine,M_routine,500,True,2,1000.7,1163.6,0.0,0.0,1.0,4,4000002048
City-B,T3,5x,1000.0,S4_GlobalCalib,cross_regime,M_stress,500,True,2,1000.7,327.6,672.4,0.6726,0.0,4,4000002048
City-B,T3,5x,1000.0,S5_CityCalib,routine,M_routine,500,True,3,1465.6,1530.3,0.0,0.0,1.0,4,4000002048
City-B,T3,5x,1000.0,S5_CityCalib,cross_regime,M_stress,500,True,3,1465.6,614.0,386.0,0.5811,0.0,4,4000002048
City-B,T3,5x,1000.0,S6_Q10,routine,M_routine,500,True,3,1024.4,1530.3,0.0,0.0,1.0,4,4000002048
City-B,T3,5x,1000.0,S6_Q10,cross_regime,M_stress,500,True,3,1024.4,614.0,386.0,0.4006,0.0,4,4000002048
City-B,T3,10x,2000.0,S0a_RoutineOracle,routine,M_routine,500,True,4,2207.0,2207.0,0.0,0.0,1.0,4,4000002048
City-B,T3,10x,2000.0,S0a_RoutineOracle,cross_regime,M_stress,500,True,4,2207.0,819.7,1180.3,0.6286,0.0,4,4000002048
City-B,T3,10x,2000.0,S0b_StressOracle,routine,M_routine,500,True,8,2161.2,3070.5,0.0,0.0,1.0,4,4000002048
City-B,T3,10x,2000.0,S0b_StressOracle,cross_regime,M_stress,500,True,8,2161.2,2161.2,0.0,0.0,1.0,4,4000002048
City-B,T3,10x,2000.0,S1_CapRR,routine,M_routine,500,True,3,2203.9,1530.3,469.7,0.3057,0.0,4,4000002048
City-B,T3,10x,2000.0,S1_CapRR,cross_regime,M_stress,500,True,3,2203.9,614.0,1386.0,0.7214,0.0,4,4000002048
City-B,T3,10x,2000.0,S2_Platform,routine,M_routine,500,True,5,2307.7,2409.3,0.0,0.0,1.0,4,4000002048
City-B,T3,10x,2000.0,S2_Platform,cross_regime,M_stress,500,True,5,2307.7,1253.0,747.0,0.457,0.0,4,4000002048
City-B,T3,10x,2000.0,S3_Lin4,routine,M_routine,500,True,5,2193.0,2418.4,0.0,0.0,1.0,4,4000002048
City-B,T3,10x,2000.0,S3_Lin4,cross_regime,M_stress,500,True,5,2193.0,1167.0,833.0,0.4679,0.0,4,4000002048
City-B,T3,10x,2000.0,S4_GlobalCalib,routine,M_routine,500,True,5,2372.1,2573.7,0.0,0.0,1.0,4,4000002048
City-B,T3,10x,2000.0,S4_GlobalCalib,cross_regime,M_stress,500,True,5,2372.1,1106.1,893.9,0.5337,0.0,4,4000002048
City-B,T3,10x,2000.0,S5_CityCalib,routine,M_routine,500,True,5,2341.9,2573.7,0.0,0.0,1.0,4,4000002048
City-B,T3,10x,2000.0,S5_CityCalib,cross_regime,M_stress,500,True,5,2341.9,1106.1,893.9,0.5277,0.0,4,4000002048
City-B,T3,10x,2000.0,S6_Q10,routine,M_routine,500,True,7,2152.5,3306.4,0.0,0.0,1.0,4,4000002048
City-B,T3,10x,2000.0,S6_Q10,cross_regime,M_stress,500,True,7,2152.5,1625.8,374.2,0.2447,0.0,4,4000002048
City-B,T4,1x,140.0,S0a_RoutineOracle,routine,M_routine,500,True,1,555.0,555.0,0.0,0.0,1.0,4,4000002048
City-B,T4,1x,140.0,S0a_RoutineOracle,cross_regime,M_stress,500,True,1,555.0,154.9,0.0,0.7209,1.0,4,4000002048
City-B,T4,1x,140.0,S0b_StressOracle,routine,M_routine,500,True,1,374.3,405.3,0.0,0.0,1.0,4,4000002048
City-B,T4,1x,140.0,S0b_StressOracle,cross_regime,M_stress,500,True,1,374.3,374.3,0.0,0.0,1.0,4,4000002048
City-B,T4,1x,140.0,S1_CapRR,routine,M_routine,500,True,1,846.0,553.9,0.0,0.3453,1.0,4,4000002048
City-B,T4,1x,140.0,S1_CapRR,cross_regime,M_stress,500,True,1,846.0,329.2,0.0,0.6109,1.0,4,4000002048
City-B,T4,1x,140.0,S2_Platform,routine,M_routine,500,True,1,480.1,553.9,0.0,0.0,1.0,4,4000002048
City-B,T4,1x,140.0,S2_Platform,cross_regime,M_stress,500,True,1,480.1,329.2,0.0,0.3143,1.0,4,4000002048
City-B,T4,1x,140.0,S3_Lin4,routine,M_routine,500,True,1,476.1,459.4,0.0,0.0353,1.0,4,4000002048
City-B,T4,1x,140.0,S3_Lin4,cross_regime,M_stress,500,True,1,476.1,315.1,0.0,0.3382,1.0,4,4000002048
City-B,T4,1x,140.0,S4_GlobalCalib,routine,M_routine,500,True,1,573.5,553.9,0.0,0.0342,1.0,4,4000002048
City-B,T4,1x,140.0,S4_GlobalCalib,cross_regime,M_stress,500,True,1,573.5,329.2,0.0,0.426,1.0,4,4000002048
City-B,T4,1x,140.0,S5_CityCalib,routine,M_routine,500,True,1,574.2,553.9,0.0,0.0353,1.0,4,4000002048
City-B,T4,1x,140.0,S5_CityCalib,cross_regime,M_stress,500,True,1,574.2,329.2,0.0,0.4267,1.0,4,4000002048
City-B,T4,1x,140.0,S6_Q10,routine,M_routine,500,True,1,393.0,553.9,0.0,0.0,1.0,4,4000002048
City-B,T4,1x,140.0,S6_Q10,cross_regime,M_stress,500,True,1,393.0,329.2,0.0,0.1624,1.0,4,4000002048
City-B,T4,2x,280.0,S0a_RoutineOracle,routine,M_routine,500,True,1,555.0,555.0,0.0,0.0,1.0,4,4000002048
City-B,T4,2x,280.0,S0a_RoutineOracle,cross_regime,M_stress,500,True,1,555.0,154.9,125.1,0.7209,0.0,4,4000002048
City-B,T4,2x,280.0,S0b_StressOracle,routine,M_routine,500,True,1,374.3,405.3,0.0,0.0,1.0,4,4000002048
City-B,T4,2x,280.0,S0b_StressOracle,cross_regime,M_stress,500,True,1,374.3,374.3,0.0,0.0,1.0,4,4000002048
City-B,T4,2x,280.0,S1_CapRR,routine,M_routine,500,True,1,846.0,553.9,0.0,0.3453,1.0,4,4000002048
City-B,T4,2x,280.0,S1_CapRR,cross_regime,M_stress,500,True,1,846.0,329.2,0.0,0.6109,1.0,4,4000002048
City-B,T4,2x,280.0,S2_Platform,routine,M_routine,500,True,1,480.1,553.9,0.0,0.0,1.0,4,4000002048
City-B,T4,2x,280.0,S2_Platform,cross_regime,M_stress,500,True,1,480.1,329.2,0.0,0.3143,1.0,4,4000002048
City-B,T4,2x,280.0,S3_Lin4,routine,M_routine,500,True,1,476.1,459.4,0.0,0.0353,1.0,4,4000002048
City-B,T4,2x,280.0,S3_Lin4,cross_regime,M_stress,500,True,1,476.1,315.1,0.0,0.3382,1.0,4,4000002048
City-B,T4,2x,280.0,S4_GlobalCalib,routine,M_routine,500,True,1,573.5,553.9,0.0,0.0342,1.0,4,4000002048
City-B,T4,2x,280.0,S4_GlobalCalib,cross_regime,M_stress,500,True,1,573.5,329.2,0.0,0.426,1.0,4,4000002048
City-B,T4,2x,280.0,S5_CityCalib,routine,M_routine,500,True,1,574.2,553.9,0.0,0.0353,1.0,4,4000002048
City-B,T4,2x,280.0,S5_CityCalib,cross_regime,M_stress,500,True,1,574.2,329.2,0.0,0.4267,1.0,4,4000002048
City-B,T4,2x,280.0,S6_Q10,routine,M_routine,500,True,1,393.0,553.9,0.0,0.0,1.0,4,4000002048
City-B,T4,2x,280.0,S6_Q10,cross_regime,M_stress,500,True,1,393.0,329.2,0.0,0.1624,1.0,4,4000002048
City-B,T4,5x,700.0,S0a_RoutineOracle,routine,M_routine,500,True,2,1108.8,1108.8,0.0,0.0,1.0,4,4000002048
City-B,T4,5x,700.0,S0a_RoutineOracle,cross_regime,M_stress,500,True,2,1108.8,484.1,215.9,0.5634,0.0,4,4000002048
City-B,T4,5x,700.0,S0b_StressOracle,routine,M_routine,500,True,2,743.5,910.0,0.0,0.0,1.0,4,4000002048
City-B,T4,5x,700.0,S0b_StressOracle,cross_regime,M_stress,500,True,2,743.5,743.5,0.0,0.0,1.0,4,4000002048
City-B,T4,5x,700.0,S1_CapRR,routine,M_routine,500,True,1,846.0,553.9,146.1,0.3453,0.0,4,4000002048
City-B,T4,5x,700.0,S1_CapRR,cross_regime,M_stress,500,True,1,846.0,329.2,370.8,0.6109,0.0,4,4000002048
City-B,T4,5x,700.0,S2_Platform,routine,M_routine,500,True,2,912.9,1058.5,0.0,0.0,1.0,4,4000002048
City-B,T4,5x,700.0,S2_Platform,cross_regime,M_stress,500,True,2,912.9,698.5,1.5,0.2349,0.0,4,4000002048
City-B,T4,5x,700.0,S3_Lin4,routine,M_routine,500,True,2,945.9,964.0,0.0,0.0,1.0,4,4000002048
City-B,T4,5x,700.0,S3_Lin4,cross_regime,M_stress,500,True,2,945.9,684.4,15.6,0.2764,0.0,4,4000002048
City-B,T4,5x,700.0,S4_GlobalCalib,routine,M_routine,500,True,2,1144.2,959.2,0.0,0.1617,1.0,4,4000002048
City-B,T4,5x,700.0,S4_GlobalCalib,cross_regime,M_stress,500,True,2,1144.2,703.4,0.0,0.3852,1.0,4,4000002048
City-B,T4,5x,700.0,S5_CityCalib,routine,M_routine,500,True,2,1145.6,959.2,0.0,0.1627,1.0,4,4000002048
City-B,T4,5x,700.0,S5_CityCalib,cross_regime,M_stress,500,True,2,1145.6,703.4,0.0,0.386,1.0,4,4000002048
City-B,T4,5x,700.0,S6_Q10,routine,M_routine,500,True,2,784.1,959.2,0.0,0.0,1.0,4,4000002048
City-B,T4,5x,700.0,S6_Q10,cross_regime,M_stress,500,True,2,784.1,703.4,0.0,0.1028,1.0,4,4000002048
City-B,T4,10x,1400.0,S0a_RoutineOracle,routine,M_routine,500,True,3,1613.5,1613.5,0.0,0.0,1.0,4,4000002048
City-B,T4,10x,1400.0,S0a_RoutineOracle,cross_regime,M_stress,500,True,3,1613.5,853.4,546.6,0.4711,0.0,4,4000002048
City-B,T4,10x,1400.0,S0b_StressOracle,routine,M_routine,500,True,4,1439.1,1936.7,0.0,0.0,1.0,4,4000002048
City-B,T4,10x,1400.0,S0b_StressOracle,cross_regime,M_stress,500,True,4,1439.1,1439.1,0.0,0.0,1.0,4,4000002048
City-B,T4,10x,1400.0,S1_CapRR,routine,M_routine,500,True,2,1688.0,959.2,440.8,0.4317,0.0,4,4000002048
City-B,T4,10x,1400.0,S1_CapRR,cross_regime,M_stress,500,True,2,1688.0,703.4,696.6,0.5833,0.0,4,4000002048
City-B,T4,10x,1400.0,S2_Platform,routine,M_routine,500,True,4,1693.5,1990.8,0.0,0.0,1.0,4,4000002048
City-B,T4,10x,1400.0,S2_Platform,cross_regime,M_stress,500,True,4,1693.5,1379.9,20.1,0.1851,0.0,4,4000002048
City-B,T4,10x,1400.0,S3_Lin4,routine,M_routine,500,True,3,1412.1,1517.9,0.0,0.0,1.0,4,4000002048
City-B,T4,10x,1400.0,S3_Lin4,cross_regime,M_stress,500,True,3,1412.1,1013.6,386.4,0.2822,0.0,4,4000002048
City-B,T4,10x,1400.0,S4_GlobalCalib,routine,M_routine,500,True,3,1697.6,1418.5,0.0,0.1644,1.0,4,4000002048
City-B,T4,10x,1400.0,S4_GlobalCalib,cross_regime,M_stress,500,True,3,1697.6,1018.5,381.5,0.4,0.0,4,4000002048
City-B,T4,10x,1400.0,S5_CityCalib,routine,M_routine,500,True,3,1699.6,1418.5,0.0,0.1654,1.0,4,4000002048
City-B,T4,10x,1400.0,S5_CityCalib,cross_regime,M_stress,500,True,3,1699.6,1018.5,381.5,0.4007,0.0,4,4000002048
City-B,T4,10x,1400.0,S6_Q10,routine,M_routine,500,True,4,1534.4,1923.2,0.0,0.0,1.0,4,4000002048
City-B,T4,10x,1400.0,S6_Q10,cross_regime,M_stress,500,True,4,1534.4,1387.8,12.2,0.0955,0.0,4,4000002048
City-B,T5,1x,160.0,S0a_RoutineOracle,routine,M_routine,500,True,1,562.1,562.1,0.0,0.0,1.0,4,4000002048
City-B,T5,1x,160.0,S0a_RoutineOracle,cross_regime,M_stress,500,True,1,562.1,345.1,0.0,0.3861,1.0,4,4000002048
City-B,T5,1x,160.0,S0b_StressOracle,routine,M_routine,500,True,1,382.3,412.9,0.0,0.0,1.0,4,4000002048
City-B,T5,1x,160.0,S0b_StressOracle,cross_regime,M_stress,500,True,1,382.3,382.3,0.0,0.0,1.0,4,4000002048
City-B,T5,1x,160.0,S1_CapRR,routine,M_routine,500,True,1,744.5,412.9,0.0,0.4454,1.0,4,4000002048
City-B,T5,1x,160.0,S1_CapRR,cross_regime,M_stress,500,True,1,744.5,382.3,0.0,0.4865,1.0,4,4000002048
City-B,T5,1x,160.0,S2_Platform,routine,M_routine,500,True,1,553.3,524.8,0.0,0.0515,1.0,4,4000002048
City-B,T5,1x,160.0,S2_Platform,cross_regime,M_stress,500,True,1,553.3,364.1,0.0,0.342,1.0,4,4000002048
City-B,T5,1x,160.0,S3_Lin4,routine,M_routine,500,True,1,461.8,551.6,0.0,0.0,1.0,4,4000002048
City-B,T5,1x,160.0,S3_Lin4,cross_regime,M_stress,500,True,1,461.8,283.1,0.0,0.3869,1.0,4,4000002048
City-B,T5,1x,160.0,S4_GlobalCalib,routine,M_routine,500,True,1,501.4,412.9,0.0,0.1765,1.0,4,4000002048
City-B,T5,1x,160.0,S4_GlobalCalib,cross_regime,M_stress,500,True,1,501.4,382.3,0.0,0.2376,1.0,4,4000002048
City-B,T5,1x,160.0,S5_CityCalib,routine,M_routine,500,True,1,496.0,412.9,0.0,0.1676,1.0,4,4000002048
City-B,T5,1x,160.0,S5_CityCalib,cross_regime,M_stress,500,True,1,496.0,382.3,0.0,0.2293,1.0,4,4000002048
City-B,T5,1x,160.0,S6_Q10,routine,M_routine,500,True,1,343.4,412.9,0.0,0.0,1.0,4,4000002048
City-B,T5,1x,160.0,S6_Q10,cross_regime,M_stress,500,True,1,343.4,382.3,0.0,0.0,1.0,4,4000002048
City-B,T5,2x,320.0,S0a_RoutineOracle,routine,M_routine,500,True,1,562.1,562.1,0.0,0.0,1.0,4,4000002048
City-B,T5,2x,320.0,S0a_RoutineOracle,cross_regime,M_stress,500,True,1,562.1,345.1,0.0,0.3861,1.0,4,4000002048
City-B,T5,2x,320.0,S0b_StressOracle,routine,M_routine,500,True,1,382.3,412.9,0.0,0.0,1.0,4,4000002048
City-B,T5,2x,320.0,S0b_StressOracle,cross_regime,M_stress,500,True,1,382.3,382.3,0.0,0.0,1.0,4,4000002048
City-B,T5,2x,320.0,S1_CapRR,routine,M_routine,500,True,1,744.5,412.9,0.0,0.4454,1.0,4,4000002048
City-B,T5,2x,320.0,S1_CapRR,cross_regime,M_stress,500,True,1,744.5,382.3,0.0,0.4865,1.0,4,4000002048
City-B,T5,2x,320.0,S2_Platform,routine,M_routine,500,True,1,553.3,524.8,0.0,0.0515,1.0,4,4000002048
City-B,T5,2x,320.0,S2_Platform,cross_regime,M_stress,500,True,1,553.3,364.1,0.0,0.342,1.0,4,4000002048
City-B,T5,2x,320.0,S3_Lin4,routine,M_routine,500,True,1,461.8,551.6,0.0,0.0,1.0,4,4000002048
City-B,T5,2x,320.0,S3_Lin4,cross_regime,M_stress,500,True,1,461.8,283.1,36.9,0.3869,0.0,4,4000002048
City-B,T5,2x,320.0,S4_GlobalCalib,routine,M_routine,500,True,1,501.4,412.9,0.0,0.1765,1.0,4,4000002048
City-B,T5,2x,320.0,S4_GlobalCalib,cross_regime,M_stress,500,True,1,501.4,382.3,0.0,0.2376,1.0,4,4000002048
City-B,T5,2x,320.0,S5_CityCalib,routine,M_routine,500,True,1,496.0,412.9,0.0,0.1676,1.0,4,4000002048
City-B,T5,2x,320.0,S5_CityCalib,cross_regime,M_stress,500,True,1,496.0,382.3,0.0,0.2293,1.0,4,4000002048
City-B,T5,2x,320.0,S6_Q10,routine,M_routine,500,True,1,343.4,412.9,0.0,0.0,1.0,4,4000002048
City-B,T5,2x,320.0,S6_Q10,cross_regime,M_stress,500,True,1,343.4,382.3,0.0,0.0,1.0,4,4000002048
City-B,T5,5x,800.0,S0a_RoutineOracle,routine,M_routine,500,True,2,1113.7,1113.7,0.0,0.0,1.0,4,4000002048
City-B,T5,5x,800.0,S0a_RoutineOracle,cross_regime,M_stress,500,True,2,1113.7,628.2,171.8,0.4359,0.0,4,4000002048
City-B,T5,5x,800.0,S0b_StressOracle,routine,M_routine,500,True,3,1093.2,1389.3,0.0,0.0,1.0,4,4000002048
City-B,T5,5x,800.0,S0b_StressOracle,cross_regime,M_stress,500,True,3,1093.2,1093.2,0.0,0.0,1.0,4,4000002048
City-B,T5,5x,800.0,S1_CapRR,routine,M_routine,500,True,2,1485.4,937.7,0.0,0.3687,1.0,4,4000002048
City-B,T5,5x,800.0,S1_CapRR,cross_regime,M_stress,500,True,2,1485.4,746.3,53.7,0.4975,0.0,4,4000002048
City-B,T5,5x,800.0,S2_Platform,routine,M_routine,500,True,2,1093.7,1076.4,0.0,0.0158,1.0,4,4000002048
City-B,T5,5x,800.0,S2_Platform,cross_regime,M_stress,500,True,2,1093.7,647.2,152.8,0.4082,0.0,4,4000002048
City-B,T5,5x,800.0,S3_Lin4,routine,M_routine,500,True,2,917.4,975.9,0.0,0.0,1.0,4,4000002048
City-B,T5,5x,800.0,S3_Lin4,cross_regime,M_stress,500,True,2,917.4,591.0,209.0,0.3558,0.0,4,4000002048
City-B,T5,5x,800.0,S4_GlobalCalib,routine,M_routine,500,True,2,1000.4,937.7,0.0,0.0626,1.0,4,4000002048
City-B,T5,5x,800.0,S4_GlobalCalib,cross_regime,M_stress,500,True,2,1000.4,746.3,53.7,0.2539,0.0,4,4000002048
City-B,T5,5x,800.0,S5_CityCalib,routine,M_routine,500,True,2,989.6,937.7,0.0,0.0525,1.0,4,4000002048
City-B,T5,5x,800.0,S5_CityCalib,cross_regime,M_stress,500,True,2,989.6,746.3,53.7,0.2458,0.0,4,4000002048
City-B,T5,5x,800.0,S6_Q10,routine,M_routine,500,True,3,1016.5,1489.3,0.0,0.0,1.0,4,4000002048
City-B,T5,5x,800.0,S6_Q10,cross_regime,M_stress,500,True,3,1016.5,1029.5,0.0,0.0,1.0,4,4000002048
City-B,T5,10x,1600.0,S0a_RoutineOracle,routine,M_routine,500,True,3,1638.5,1638.5,0.0,0.0,1.0,4,4000002048
City-B,T5,10x,1600.0,S0a_RoutineOracle,cross_regime,M_stress,500,True,3,1638.5,992.3,607.7,0.3944,0.0,4,4000002048
City-B,T5,10x,1600.0,S0b_StressOracle,routine,M_routine,500,True,5,1746.2,2375.7,0.0,0.0,1.0,4,4000002048
City-B,T5,10x,1600.0,S0b_StressOracle,cross_regime,M_stress,500,True,5,1746.2,1746.2,0.0,0.0,1.0,4,4000002048
City-B,T5,10x,1600.0,S1_CapRR,routine,M_routine,500,True,3,2203.9,1489.3,110.7,0.3242,0.0,4,4000002048
City-B,T5,10x,1600.0,S1_CapRR,cross_regime,M_stress,500,True,3,2203.9,1029.5,570.5,0.5329,0.0,4,4000002048
City-B,T5,10x,1600.0,S2_Platform,routine,M_routine,500,True,4,2025.8,2062.8,0.0,0.0,1.0,4,4000002048
City-B,T5,10x,1600.0,S2_Platform,cross_regime,M_stress,500,True,4,2025.8,1300.2,299.8,0.3582,0.0,4,4000002048
City-B,T5,10x,1600.0,S3_Lin4,routine,M_routine,500,True,4,1811.7,1913.6,0.0,0.0,1.0,4,4000002048
City-B,T5,10x,1600.0,S3_Lin4,cross_regime,M_stress,500,True,4,1811.7,1337.3,262.7,0.2618,0.0,4,4000002048
City-B,T5,10x,1600.0,S4_GlobalCalib,routine,M_routine,500,True,4,1957.5,1913.6,0.0,0.0224,1.0,4,4000002048
City-B,T5,10x,1600.0,S4_GlobalCalib,cross_regime,M_stress,500,True,4,1957.5,1337.3,262.7,0.3168,0.0,4,4000002048
City-B,T5,10x,1600.0,S5_CityCalib,routine,M_routine,500,True,4,1936.5,1913.6,0.0,0.0118,1.0,4,4000002048
City-B,T5,10x,1600.0,S5_CityCalib,cross_regime,M_stress,500,True,4,1936.5,1337.3,262.7,0.3094,0.0,4,4000002048
City-B,T5,10x,1600.0,S6_Q10,routine,M_routine,500,True,5,1624.3,2475.7,0.0,0.0,1.0,4,4000002048
City-B,T5,10x,1600.0,S6_Q10,cross_regime,M_stress,500,True,5,1624.3,1682.4,0.0,0.0,1.0,4,4000002048
City-C,T1,1x,180.0,S0a_RoutineOracle,routine,M_routine,650,True,1,635.0,635.0,0.0,0.0,1.0,4,4000002048
City-C,T1,1x,180.0,S0a_RoutineOracle,cross_regime,M_stress,650,True,1,635.0,376.3,0.0,0.4074,1.0,4,4000002048
City-C,T1,1x,180.0,S0b_StressOracle,routine,M_routine,650,True,1,376.3,635.0,0.0,0.0,1.0,4,4000002048
City-C,T1,1x,180.0,S0b_StressOracle,cross_regime,M_stress,650,True,1,376.3,376.3,0.0,0.0,1.0,4,4000002048
City-C,T1,1x,180.0,S1_CapRR,routine,M_routine,650,True,1,737.0,635.0,0.0,0.1385,1.0,4,4000002048
City-C,T1,1x,180.0,S1_CapRR,cross_regime,M_stress,650,True,1,737.0,376.3,0.0,0.4895,1.0,4,4000002048
City-C,T1,1x,180.0,S2_Platform,routine,M_routine,650,True,1,460.9,635.0,0.0,0.0,1.0,4,4000002048
City-C,T1,1x,180.0,S2_Platform,cross_regime,M_stress,650,True,1,460.9,376.3,0.0,0.1836,1.0,4,4000002048
City-C,T1,1x,180.0,S3_Lin4,routine,M_routine,650,True,1,421.6,635.0,0.0,0.0,1.0,4,4000002048
City-C,T1,1x,180.0,S3_Lin4,cross_regime,M_stress,650,True,1,421.6,376.3,0.0,0.1075,1.0,4,4000002048
City-C,T1,1x,180.0,S4_GlobalCalib,routine,M_routine,650,True,1,497.5,635.0,0.0,0.0,1.0,4,4000002048
City-C,T1,1x,180.0,S4_GlobalCalib,cross_regime,M_stress,650,True,1,497.5,376.3,0.0,0.2437,1.0,4,4000002048
City-C,T1,1x,180.0,S5_CityCalib,routine,M_routine,650,True,1,502.0,635.0,0.0,0.0,1.0,4,4000002048
City-C,T1,1x,180.0,S5_CityCalib,cross_regime,M_stress,650,True,1,502.0,376.3,0.0,0.2504,1.0,4,4000002048
City-C,T1,1x,180.0,S6_Q10,routine,M_routine,650,True,1,342.7,635.0,0.0,0.0,1.0,4,4000002048
City-C,T1,1x,180.0,S6_Q10,cross_regime,M_stress,650,True,1,342.7,376.3,0.0,0.0,1.0,4,4000002048
City-C,T1,2x,360.0,S0a_RoutineOracle,routine,M_routine,650,True,1,635.0,635.0,0.0,0.0,1.0,4,4000002048
City-C,T1,2x,360.0,S0a_RoutineOracle,cross_regime,M_stress,650,True,1,635.0,376.3,0.0,0.4074,1.0,4,4000002048
City-C,T1,2x,360.0,S0b_StressOracle,routine,M_routine,650,True,1,376.3,635.0,0.0,0.0,1.0,4,4000002048
City-C,T1,2x,360.0,S0b_StressOracle,cross_regime,M_stress,650,True,1,376.3,376.3,0.0,0.0,1.0,4,4000002048
City-C,T1,2x,360.0,S1_CapRR,routine,M_routine,650,True,1,737.0,635.0,0.0,0.1385,1.0,4,4000002048
City-C,T1,2x,360.0,S1_CapRR,cross_regime,M_stress,650,True,1,737.0,376.3,0.0,0.4895,1.0,4,4000002048
City-C,T1,2x,360.0,S2_Platform,routine,M_routine,650,True,1,460.9,635.0,0.0,0.0,1.0,4,4000002048
City-C,T1,2x,360.0,S2_Platform,cross_regime,M_stress,650,True,1,460.9,376.3,0.0,0.1836,1.0,4,4000002048
City-C,T1,2x,360.0,S3_Lin4,routine,M_routine,650,True,1,421.6,635.0,0.0,0.0,1.0,4,4000002048
City-C,T1,2x,360.0,S3_Lin4,cross_regime,M_stress,650,True,1,421.6,376.3,0.0,0.1075,1.0,4,4000002048
City-C,T1,2x,360.0,S4_GlobalCalib,routine,M_routine,650,True,1,497.5,635.0,0.0,0.0,1.0,4,4000002048
City-C,T1,2x,360.0,S4_GlobalCalib,cross_regime,M_stress,650,True,1,497.5,376.3,0.0,0.2437,1.0,4,4000002048
City-C,T1,2x,360.0,S5_CityCalib,routine,M_routine,650,True,1,502.0,635.0,0.0,0.0,1.0,4,4000002048
City-C,T1,2x,360.0,S5_CityCalib,cross_regime,M_stress,650,True,1,502.0,376.3,0.0,0.2504,1.0,4,4000002048
City-C,T1,2x,360.0,S6_Q10,routine,M_routine,650,True,2,669.3,1134.8,0.0,0.0,1.0,4,4000002048
City-C,T1,2x,360.0,S6_Q10,cross_regime,M_stress,650,True,2,669.3,661.0,0.0,0.0124,1.0,4,4000002048
City-C,T1,5x,900.0,S0a_RoutineOracle,routine,M_routine,650,True,2,1151.1,1151.1,0.0,0.0,1.0,4,4000002048
City-C,T1,5x,900.0,S0a_RoutineOracle,cross_regime,M_stress,650,True,2,1151.1,441.2,458.8,0.6167,0.0,4,4000002048
City-C,T1,5x,900.0,S0b_StressOracle,routine,M_routine,650,True,3,1012.5,1342.1,0.0,0.0,1.0,4,4000002048
City-C,T1,5x,900.0,S0b_StressOracle,cross_regime,M_stress,650,True,3,1012.5,1012.5,0.0,0.0,1.0,4,4000002048
City-C,T1,5x,900.0,S1_CapRR,routine,M_routine,650,True,2,1439.5,1134.8,0.0,0.2117,1.0,4,4000002048
City-C,T1,5x,900.0,S1_CapRR,cross_regime,M_stress,650,True,2,1439.5,661.0,239.0,0.5408,0.0,4,4000002048
City-C,T1,5x,900.0,S2_Platform,routine,M_routine,650,True,2,904.5,1134.8,0.0,0.0,1.0,4,4000002048
City-C,T1,5x,900.0,S2_Platform,cross_regime,M_stress,650,True,2,904.5,661.0,239.0,0.2692,0.0,4,4000002048
City-C,T1,5x,900.0,S3_Lin4,routine,M_routine,650,True,3,1220.0,1412.7,0.0,0.0,1.0,4,4000002048
City-C,T1,5x,900.0,S3_Lin4,cross_regime,M_stress,650,True,3,1220.0,964.3,0.0,0.2096,1.0,4,4000002048
City-C,T1,5x,900.0,S4_GlobalCalib,routine,M_routine,650,True,2,971.7,1134.8,0.0,0.0,1.0,4,4000002048
City-C,T1,5x,900.0,S4_GlobalCalib,cross_regime,M_stress,650,True,2,971.7,661.0,239.0,0.3198,0.0,4,4000002048
City-C,T1,5x,900.0,S5_CityCalib,routine,M_routine,650,True,2,980.4,1134.8,0.0,0.0,1.0,4,4000002048
City-C,T1,5x,900.0,S5_CityCalib,cross_regime,M_stress,650,True,2,980.4,661.0,239.0,0.3258,0.0,4,4000002048
City-C,T1,5x,900.0,S6_Q10,routine,M_routine,650,True,3,967.6,1412.7,0.0,0.0,1.0,4,4000002048
City-C,T1,5x,900.0,S6_Q10,cross_regime,M_stress,650,True,3,967.6,964.3,0.0,0.0034,1.0,4,4000002048
City-C,T1,10x,1800.0,S0a_RoutineOracle,routine,M_routine,650,True,4,2100.2,2100.2,0.0,0.0,1.0,4,4000002048
City-C,T1,10x,1800.0,S0a_RoutineOracle,cross_regime,M_stress,650,True,4,2100.2,951.0,849.0,0.5472,0.0,4,4000002048
City-C,T1,10x,1800.0,S0b_StressOracle,routine,M_routine,650,True,6,1859.5,2665.6,0.0,0.0,1.0,4,4000002048
City-C,T1,10x,1800.0,S0b_StressOracle,cross_regime,M_stress,650,True,6,1859.5,1859.5,0.0,0.0,1.0,4,4000002048
City-C,T1,10x,1800.0,S1_CapRR,routine,M_routine,650,True,3,2081.1,1412.7,387.3,0.3212,0.0,4,4000002048
City-C,T1,10x,1800.0,S1_CapRR,cross_regime,M_stress,650,True,3,2081.1,964.3,835.7,0.5366,0.0,4,4000002048
City-C,T1,10x,1800.0,S2_Platform,routine,M_routine,650,True,5,2117.9,2381.1,0.0,0.0,1.0,4,4000002048
City-C,T1,10x,1800.0,S2_Platform,cross_regime,M_stress,650,True,5,2117.9,1180.0,620.0,0.4428,0.0,4,4000002048
City-C,T1,10x,1800.0,S3_Lin4,routine,M_routine,650,True,5,1984.6,2146.9,0.0,0.0,1.0,4,4000002048
City-C,T1,10x,1800.0,S3_Lin4,cross_regime,M_stress,650,True,5,1984.6,1521.1,278.9,0.2336,0.0,4,4000002048
City-C,T1,10x,1800.0,S4_GlobalCalib,routine,M_routine,650,True,5,2190.0,2229.8,0.0,0.0,1.0,4,4000002048
City-C,T1,10x,1800.0,S4_GlobalCalib,cross_regime,M_stress,650,True,5,2190.0,1150.4,649.6,0.4747,0.0,4,4000002048
City-C,T1,10x,1800.0,S5_CityCalib,routine,M_routine,650,True,4,1815.6,1928.8,0.0,0.0,1.0,4,4000002048
City-C,T1,10x,1800.0,S5_CityCalib,cross_regime,M_stress,650,True,4,1815.6,1029.2,770.8,0.4331,0.0,4,4000002048
City-C,T1,10x,1800.0,S6_Q10,routine,M_routine,650,True,7,2033.1,3058.9,0.0,0.0,1.0,4,4000002048
City-C,T1,10x,1800.0,S6_Q10,cross_regime,M_stress,650,True,7,2033.1,1680.2,119.8,0.1736,0.0,4,4000002048
City-C,T2,1x,260.0,S0a_RoutineOracle,routine,M_routine,650,True,1,646.2,646.2,0.0,0.0,1.0,4,4000002048
City-C,T2,1x,260.0,S0a_RoutineOracle,cross_regime,M_stress,650,True,1,646.2,349.3,0.0,0.4595,1.0,4,4000002048
City-C,T2,1x,260.0,S0b_StressOracle,routine,M_routine,650,True,1,349.3,646.2,0.0,0.0,1.0,4,4000002048
City-C,T2,1x,260.0,S0b_StressOracle,cross_regime,M_stress,650,True,1,349.3,349.3,0.0,0.0,1.0,4,4000002048
City-C,T2,1x,260.0,S1_CapRR,routine,M_routine,650,True,1,737.0,646.2,0.0,0.1232,1.0,4,4000002048
City-C,T2,1x,260.0,S1_CapRR,cross_regime,M_stress,650,True,1,737.0,349.3,0.0,0.5261,1.0,4,4000002048
City-C,T2,1x,260.0,S2_Platform,routine,M_routine,650,True,1,467.3,646.2,0.0,0.0,1.0,4,4000002048
City-C,T2,1x,260.0,S2_Platform,cross_regime,M_stress,650,True,1,467.3,349.3,0.0,0.2525,1.0,4,4000002048
City-C,T2,1x,260.0,S3_Lin4,routine,M_routine,650,True,1,425.3,646.2,0.0,0.0,1.0,4,4000002048
City-C,T2,1x,260.0,S3_Lin4,cross_regime,M_stress,650,True,1,425.3,349.3,0.0,0.1786,1.0,4,4000002048
City-C,T2,1x,260.0,S4_GlobalCalib,routine,M_routine,650,True,1,498.4,646.2,0.0,0.0,1.0,4,4000002048
City-C,T2,1x,260.0,S4_GlobalCalib,cross_regime,M_stress,650,True,1,498.4,349.3,0.0,0.2992,1.0,4,4000002048
City-C,T2,1x,260.0,S5_CityCalib,routine,M_routine,650,True,1,495.5,646.2,0.0,0.0,1.0,4,4000002048
City-C,T2,1x,260.0,S5_CityCalib,cross_regime,M_stress,650,True,1,495.5,349.3,0.0,0.2951,1.0,4,4000002048
City-C,T2,1x,260.0,S6_Q10,routine,M_routine,650,True,1,343.5,646.2,0.0,0.0,1.0,4,4000002048
City-C,T2,1x,260.0,S6_Q10,cross_regime,M_stress,650,True,1,343.5,349.3,0.0,0.0,1.0,4,4000002048
City-C,T2,2x,520.0,S0a_RoutineOracle,routine,M_routine,650,True,1,646.2,646.2,0.0,0.0,1.0,4,4000002048
City-C,T2,2x,520.0,S0a_RoutineOracle,cross_regime,M_stress,650,True,1,646.2,349.3,170.7,0.4595,0.0,4,4000002048
City-C,T2,2x,520.0,S0b_StressOracle,routine,M_routine,650,True,2,681.9,921.3,0.0,0.0,1.0,4,4000002048
City-C,T2,2x,520.0,S0b_StressOracle,cross_regime,M_stress,650,True,2,681.9,681.9,0.0,0.0,1.0,4,4000002048
City-C,T2,2x,520.0,S1_CapRR,routine,M_routine,650,True,1,737.0,646.2,0.0,0.1232,1.0,4,4000002048
City-C,T2,2x,520.0,S1_CapRR,cross_regime,M_stress,650,True,1,737.0,349.3,170.7,0.5261,0.0,4,4000002048
City-C,T2,2x,520.0,S2_Platform,routine,M_routine,650,True,2,902.1,961.5,0.0,0.0,1.0,4,4000002048
City-C,T2,2x,520.0,S2_Platform,cross_regime,M_stress,650,True,2,902.1,636.0,0.0,0.295,1.0,4,4000002048
City-C,T2,2x,520.0,S3_Lin4,routine,M_routine,650,True,2,833.3,961.5,0.0,0.0,1.0,4,4000002048
City-C,T2,2x,520.0,S3_Lin4,cross_regime,M_stress,650,True,2,833.3,636.0,0.0,0.2367,1.0,4,4000002048
City-C,T2,2x,520.0,S4_GlobalCalib,routine,M_routine,650,True,2,973.3,961.5,0.0,0.0121,1.0,4,4000002048
City-C,T2,2x,520.0,S4_GlobalCalib,cross_regime,M_stress,650,True,2,973.3,636.0,0.0,0.3466,1.0,4,4000002048
City-C,T2,2x,520.0,S5_CityCalib,routine,M_routine,650,True,2,967.7,961.5,0.0,0.0064,1.0,4,4000002048
City-C,T2,2x,520.0,S5_CityCalib,cross_regime,M_stress,650,True,2,967.7,636.0,0.0,0.3428,1.0,4,4000002048
City-C,T2,2x,520.0,S6_Q10,routine,M_routine,650,True,2,670.9,961.5,0.0,0.0,1.0,4,4000002048
City-C,T2,2x,520.0,S6_Q10,cross_regime,M_stress,650,True,2,670.9,636.0,0.0,0.052,1.0,4,4000002048
City-C,T2,5x,1300.0,S0a_RoutineOracle,routine,M_routine,650,True,3,1671.6,1671.6,0.0,0.0,1.0,4,4000002048
City-C,T2,5x,1300.0,S0a_RoutineOracle,cross_regime,M_stress,650,True,3,1671.6,861.6,438.4,0.4845,0.0,4,4000002048
City-C,T2,5x,1300.0,S0b_StressOracle,routine,M_routine,650,True,4,1301.5,1739.9,0.0,0.0,1.0,4,4000002048
City-C,T2,5x,1300.0,S0b_StressOracle,cross_regime,M_stress,650,True,4,1301.5,1301.5,0.0,0.0,1.0,4,4000002048
City-C,T2,5x,1300.0,S1_CapRR,routine,M_routine,650,True,2,1439.5,961.5,338.5,0.3321,0.0,4,4000002048
City-C,T2,5x,1300.0,S1_CapRR,cross_regime,M_stress,650,True,2,1439.5,636.0,664.0,0.5582,0.0,4,4000002048
City-C,T2,5x,1300.0,S2_Platform,routine,M_routine,650,True,3,1301.1,1391.9,0.0,0.0,1.0,4,4000002048
City-C,T2,5x,1300.0,S2_Platform,cross_regime,M_stress,650,True,3,1301.1,843.1,456.9,0.352,0.0,4,4000002048
City-C,T2,5x,1300.0,S3_Lin4,routine,M_routine,650,True,4,1621.8,1731.9,0.0,0.0,1.0,4,4000002048
City-C,T2,5x,1300.0,S3_Lin4,cross_regime,M_stress,650,True,4,1621.8,1094.5,205.5,0.3251,0.0,4,4000002048
City-C,T2,5x,1300.0,S4_GlobalCalib,routine,M_routine,650,True,3,1406.9,1391.9,0.0,0.0106,1.0,4,4000002048
City-C,T2,5x,1300.0,S4_GlobalCalib,cross_regime,M_stress,650,True,3,1406.9,843.1,456.9,0.4007,0.0,4,4000002048
City-C,T2,5x,1300.0,S5_CityCalib,routine,M_routine,650,True,3,1398.8,1391.9,0.0,0.005,1.0,4,4000002048
City-C,T2,5x,1300.0,S5_CityCalib,cross_regime,M_stress,650,True,3,1398.8,843.1,456.9,0.3973,0.0,4,4000002048
City-C,T2,5x,1300.0,S6_Q10,routine,M_routine,650,True,5,1512.6,2417.2,0.0,0.0,1.0,4,4000002048
City-C,T2,5x,1300.0,S6_Q10,cross_regime,M_stress,650,True,5,1512.6,1355.4,0.0,0.1039,1.0,4,4000002048
City-C,T2,10x,2600.0,S0a_RoutineOracle,routine,M_routine,650,True,6,2992.1,2992.1,0.0,0.0,1.0,4,4000002048
City-C,T2,10x,2600.0,S0a_RoutineOracle,cross_regime,M_stress,650,True,6,2992.1,1451.6,1148.4,0.5149,0.0,4,4000002048
City-C,T2,10x,2600.0,S0b_StressOracle,routine,M_routine,650,True,9,2685.7,3550.4,0.0,0.0,1.0,4,4000002048
City-C,T2,10x,2600.0,S0b_StressOracle,cross_regime,M_stress,650,True,9,2685.7,2685.7,0.0,0.0,1.0,4,4000002048
City-C,T2,10x,2600.0,S1_CapRR,routine,M_routine,650,True,4,2666.6,1949.8,650.2,0.2688,0.0,4,4000002048
City-C,T2,10x,2600.0,S1_CapRR,cross_regime,M_stress,650,True,4,2666.6,1063.4,1536.6,0.6012,0.0,4,4000002048
City-C,T2,10x,2600.0,S2_Platform,routine,M_routine,650,True,7,2815.8,3210.3,0.0,0.0,1.0,4,4000002048
City-C,T2,10x,2600.0,S2_Platform,cross_regime,M_stress,650,True,7,2815.8,1863.3,736.7,0.3383,0.0,4,4000002048
City-C,T2,10x,2600.0,S3_Lin4,routine,M_routine,650,True,7,2724.3,3018.0,0.0,0.0,1.0,4,4000002048
City-C,T2,10x,2600.0,S3_Lin4,cross_regime,M_stress,650,True,7,2724.3,2006.2,593.8,0.2636,0.0,4,4000002048
City-C,T2,10x,2600.0,S4_GlobalCalib,routine,M_routine,650,True,7,2954.9,3111.3,0.0,0.0,1.0,4,4000002048
City-C,T2,10x,2600.0,S4_GlobalCalib,cross_regime,M_stress,650,True,7,2954.9,1990.6,609.4,0.3264,0.0,4,4000002048
City-C,T2,10x,2600.0,S5_CityCalib,routine,M_routine,650,True,7,2938.7,3111.3,0.0,0.0,1.0,4,4000002048
City-C,T2,10x,2600.0,S5_CityCalib,cross_regime,M_stress,650,True,7,2938.7,1990.6,609.4,0.3226,0.0,4,4000002048
City-C,T2,10x,2600.0,S6_Q10,routine,M_routine,650,True,10,2797.9,4265.3,0.0,0.0,1.0,4,4000002048
City-C,T2,10x,2600.0,S6_Q10,cross_regime,M_stress,650,True,10,2797.9,2691.2,0.0,0.0381,1.0,4,4000002048
City-C,T3,1x,200.0,S0a_RoutineOracle,routine,M_routine,650,True,1,454.7,454.7,0.0,0.0,1.0,4,4000002048
City-C,T3,1x,200.0,S0a_RoutineOracle,cross_regime,M_stress,650,True,1,454.7,269.2,0.0,0.4079,1.0,4,4000002048
City-C,T3,1x,200.0,S0b_StressOracle,routine,M_routine,650,True,1,306.4,432.0,0.0,0.0,1.0,4,4000002048
City-C,T3,1x,200.0,S0b_StressOracle,cross_regime,M_stress,650,True,1,306.4,306.4,0.0,0.0,1.0,4,4000002048
City-C,T3,1x,200.0,S1_CapRR,routine,M_routine,650,True,1,648.6,238.5,0.0,0.6322,1.0,4,4000002048
City-C,T3,1x,200.0,S1_CapRR,cross_regime,M_stress,650,True,1,648.6,212.7,0.0,0.6721,1.0,4,4000002048
City-C,T3,1x,200.0,S2_Platform,routine,M_routine,650,True,1,456.8,238.5,0.0,0.4778,1.0,4,4000002048
City-C,T3,1x,200.0,S2_Platform,cross_regime,M_stress,650,True,1,456.8,212.7,0.0,0.5343,1.0,4,4000002048
City-C,T3,1x,200.0,S3_Lin4,routine,M_routine,650,True,1,411.1,238.5,0.0,0.4197,1.0,4,4000002048
City-C,T3,1x,200.0,S3_Lin4,cross_regime,M_stress,650,True,1,411.1,212.7,0.0,0.4825,1.0,4,4000002048
City-C,T3,1x,200.0,S4_GlobalCalib,routine,M_routine,650,True,1,436.8,238.5,0.0,0.4539,1.0,4,4000002048
City-C,T3,1x,200.0,S4_GlobalCalib,cross_regime,M_stress,650,True,1,436.8,212.7,0.0,0.513,1.0,4,4000002048
City-C,T3,1x,200.0,S5_CityCalib,routine,M_routine,650,True,1,441.0,238.5,0.0,0.4591,1.0,4,4000002048
City-C,T3,1x,200.0,S5_CityCalib,cross_regime,M_stress,650,True,1,441.0,212.7,0.0,0.5177,1.0,4,4000002048
City-C,T3,1x,200.0,S6_Q10,routine,M_routine,650,True,1,301.5,238.5,0.0,0.2088,1.0,4,4000002048
City-C,T3,1x,200.0,S6_Q10,cross_regime,M_stress,650,True,1,301.5,212.7,0.0,0.2945,1.0,4,4000002048
City-C,T3,2x,400.0,S0a_RoutineOracle,routine,M_routine,650,True,1,454.7,454.7,0.0,0.0,1.0,4,4000002048
City-C,T3,2x,400.0,S0a_RoutineOracle,cross_regime,M_stress,650,True,1,454.7,269.2,130.8,0.4079,0.0,4,4000002048
City-C,T3,2x,400.0,S0b_StressOracle,routine,M_routine,650,True,2,575.6,886.6,0.0,0.0,1.0,4,4000002048
City-C,T3,2x,400.0,S0b_StressOracle,cross_regime,M_stress,650,True,2,575.6,575.6,0.0,0.0,1.0,4,4000002048
City-C,T3,2x,400.0,S1_CapRR,routine,M_routine,650,True,1,648.6,238.5,161.5,0.6322,0.0,4,4000002048
City-C,T3,2x,400.0,S1_CapRR,cross_regime,M_stress,650,True,1,648.6,212.7,187.3,0.6721,0.0,4,4000002048
City-C,T3,2x,400.0,S2_Platform,routine,M_routine,650,True,1,456.8,238.5,161.5,0.4778,0.0,4,4000002048
City-C,T3,2x,400.0,S2_Platform,cross_regime,M_stress,650,True,1,456.8,212.7,187.3,0.5343,0.0,4,4000002048
City-C,T3,2x,400.0,S3_Lin4,routine,M_routine,650,True,1,411.1,238.5,161.5,0.4197,0.0,4,4000002048
City-C,T3,2x,400.0,S3_Lin4,cross_regime,M_stress,650,True,1,411.1,212.7,187.3,0.4825,0.0,4,4000002048
City-C,T3,2x,400.0,S4_GlobalCalib,routine,M_routine,650,True,1,436.8,238.5,161.5,0.4539,0.0,4,4000002048
City-C,T3,2x,400.0,S4_GlobalCalib,cross_regime,M_stress,650,True,1,436.8,212.7,187.3,0.513,0.0,4,4000002048
City-C,T3,2x,400.0,S5_CityCalib,routine,M_routine,650,True,1,441.0,238.5,161.5,0.4591,0.0,4,4000002048
City-C,T3,2x,400.0,S5_CityCalib,cross_regime,M_stress,650,True,1,441.0,212.7,187.3,0.5177,0.0,4,4000002048
City-C,T3,2x,400.0,S6_Q10,routine,M_routine,650,True,2,588.8,670.5,0.0,0.0,1.0,4,4000002048
City-C,T3,2x,400.0,S6_Q10,cross_regime,M_stress,650,True,2,588.8,519.2,0.0,0.1183,1.0,4,4000002048
City-C,T3,5x,1000.0,S0a_RoutineOracle,routine,M_routine,650,True,3,1332.2,1332.2,0.0,0.0,1.0,4,4000002048
City-C,T3,5x,1000.0,S0a_RoutineOracle,cross_regime,M_stress,650,True,3,1332.2,777.2,222.8,0.4166,0.0,4,4000002048
City-C,T3,5x,1000.0,S0b_StressOracle,routine,M_routine,650,True,4,1081.3,1550.6,0.0,0.0,1.0,4,4000002048
City-C,T3,5x,1000.0,S0b_StressOracle,cross_regime,M_stress,650,True,4,1081.3,1081.3,0.0,0.0,1.0,4,4000002048
City-C,T3,5x,1000.0,S1_CapRR,routine,M_routine,650,True,2,1266.8,670.5,329.5,0.4707,0.0,4,4000002048
City-C,T3,5x,1000.0,S1_CapRR,cross_regime,M_stress,650,True,2,1266.8,519.2,480.8,0.5902,0.0,4,4000002048
City-C,T3,5x,1000.0,S2_Platform,routine,M_routine,650,True,3,1285.7,949.4,50.6,0.2616,0.0,4,4000002048
City-C,T3,5x,1000.0,S2_Platform,cross_regime,M_stress,650,True,3,1285.7,660.4,339.6,0.4864,0.0,4,4000002048
City-C,T3,5x,1000.0,S3_Lin4,routine,M_routine,650,True,3,1192.4,987.5,12.5,0.1718,0.0,4,4000002048
City-C,T3,5x,1000.0,S3_Lin4,cross_regime,M_stress,650,True,3,1192.4,712.8,287.2,0.4022,0.0,4,4000002048
City-C,T3,5x,1000.0,S4_GlobalCalib,routine,M_routine,650,True,3,1232.9,987.5,12.5,0.199,0.0,4,4000002048
City-C,T3,5x,1000.0,S4_GlobalCalib,cross_regime,M_stress,650,True,3,1232.9,712.8,287.2,0.4219,0.0,4,4000002048
City-C,T3,5x,1000.0,S5_CityCalib,routine,M_routine,650,True,3,1244.9,987.5,12.5,0.2067,0.0,4,4000002048
City-C,T3,5x,1000.0,S5_CityCalib,cross_regime,M_stress,650,True,3,1244.9,712.8,287.2,0.4274,0.0,4,4000002048
City-C,T3,5x,1000.0,S6_Q10,routine,M_routine,650,True,4,1090.8,1433.2,0.0,0.0,1.0,4,4000002048
City-C,T3,5x,1000.0,S6_Q10,cross_regime,M_stress,650,True,4,1090.8,914.3,85.7,0.1618,0.0,4,4000002048
City-C,T3,10x,2000.0,S0a_RoutineOracle,routine,M_routine,650,True,5,2143.4,2143.4,0.0,0.0,1.0,4,4000002048
City-C,T3,10x,2000.0,S0a_RoutineOracle,cross_regime,M_stress,650,True,5,2143.4,1168.6,831.4,0.4548,0.0,4,4000002048
City-C,T3,10x,2000.0,S0b_StressOracle,routine,M_routine,650,True,9,2158.3,3008.4,0.0,0.0,1.0,4,4000002048
City-C,T3,10x,2000.0,S0b_StressOracle,cross_regime,M_stress,650,True,9,2158.3,2158.3,0.0,0.0,1.0,4,4000002048
City-C,T3,10x,2000.0,S1_CapRR,routine,M_routine,650,True,4,2346.7,1433.2,566.8,0.3893,0.0,4,4000002048
City-C,T3,10x,2000.0,S1_CapRR,cross_regime,M_stress,650,True,4,2346.7,914.3,1085.7,0.6104,0.0,4,4000002048
City-C,T3,10x,2000.0,S2_Platform,routine,M_routine,650,True,5,2048.1,1636.3,363.7,0.2011,0.0,4,4000002048
City-C,T3,10x,2000.0,S2_Platform,cross_regime,M_stress,650,True,5,2048.1,1078.7,921.3,0.4733,0.0,4,4000002048
City-C,T3,10x,2000.0,S3_Lin4,routine,M_routine,650,True,6,2299.2,1960.4,39.6,0.1473,0.0,4,4000002048
City-C,T3,10x,2000.0,S3_Lin4,cross_regime,M_stress,650,True,6,2299.2,1415.5,584.5,0.3844,0.0,4,4000002048
City-C,T3,10x,2000.0,S4_GlobalCalib,routine,M_routine,650,True,6,2258.6,2151.3,0.0,0.0475,1.0,4,4000002048
City-C,T3,10x,2000.0,S4_GlobalCalib,cross_regime,M_stress,650,True,6,2258.6,1252.1,747.9,0.4456,0.0,4,4000002048
City-C,T3,10x,2000.0,S5_CityCalib,routine,M_routine,650,True,6,2280.2,2151.3,0.0,0.0565,1.0,4,4000002048
City-C,T3,10x,2000.0,S5_CityCalib,cross_regime,M_stress,650,True,6,2280.2,1252.1,747.9,0.4509,0.0,4,4000002048
City-C,T3,10x,2000.0,S6_Q10,routine,M_routine,650,True,8,2013.1,2868.0,0.0,0.0,1.0,4,4000002048
City-C,T3,10x,2000.0,S6_Q10,cross_regime,M_stress,650,True,8,2013.1,1776.3,223.7,0.1176,0.0,4,4000002048
City-C,T4,1x,140.0,S0a_RoutineOracle,routine,M_routine,650,True,1,671.1,671.1,0.0,0.0,1.0,4,4000002048
City-C,T4,1x,140.0,S0a_RoutineOracle,cross_regime,M_stress,650,True,1,671.1,333.0,0.0,0.5037,1.0,4,4000002048
City-C,T4,1x,140.0,S0b_StressOracle,routine,M_routine,650,True,1,379.9,633.7,0.0,0.0,1.0,4,4000002048
City-C,T4,1x,140.0,S0b_StressOracle,cross_regime,M_stress,650,True,1,379.9,379.9,0.0,0.0,1.0,4,4000002048
City-C,T4,1x,140.0,S1_CapRR,routine,M_routine,650,True,1,737.0,633.7,0.0,0.1402,1.0,4,4000002048
City-C,T4,1x,140.0,S1_CapRR,cross_regime,M_stress,650,True,1,737.0,379.9,0.0,0.4846,1.0,4,4000002048
City-C,T4,1x,140.0,S2_Platform,routine,M_routine,650,True,1,377.7,241.3,0.0,0.361,1.0,4,4000002048
City-C,T4,1x,140.0,S2_Platform,cross_regime,M_stress,650,True,1,377.7,190.9,0.0,0.4945,1.0,4,4000002048
City-C,T4,1x,140.0,S3_Lin4,routine,M_routine,650,True,1,427.2,633.7,0.0,0.0,1.0,4,4000002048
City-C,T4,1x,140.0,S3_Lin4,cross_regime,M_stress,650,True,1,427.2,379.9,0.0,0.1108,1.0,4,4000002048
City-C,T4,1x,140.0,S4_GlobalCalib,routine,M_routine,650,True,1,499.3,633.7,0.0,0.0,1.0,4,4000002048
City-C,T4,1x,140.0,S4_GlobalCalib,cross_regime,M_stress,650,True,1,499.3,379.9,0.0,0.2391,1.0,4,4000002048
City-C,T4,1x,140.0,S5_CityCalib,routine,M_routine,650,True,1,497.6,633.7,0.0,0.0,1.0,4,4000002048
City-C,T4,1x,140.0,S5_CityCalib,cross_regime,M_stress,650,True,1,497.6,379.9,0.0,0.2366,1.0,4,4000002048
City-C,T4,1x,140.0,S6_Q10,routine,M_routine,650,True,1,342.4,633.7,0.0,0.0,1.0,4,4000002048
City-C,T4,1x,140.0,S6_Q10,cross_regime,M_stress,650,True,1,342.4,379.9,0.0,0.0,1.0,4,4000002048
City-C,T4,2x,280.0,S0a_RoutineOracle,routine,M_routine,650,True,1,671.1,671.1,0.0,0.0,1.0,4,4000002048
City-C,T4,2x,280.0,S0a_RoutineOracle,cross_regime,M_stress,650,True,1,671.1,333.0,0.0,0.5037,1.0,4,4000002048
City-C,T4,2x,280.0,S0b_StressOracle,routine,M_routine,650,True,1,379.9,633.7,0.0,0.0,1.0,4,4000002048
City-C,T4,2x,280.0,S0b_StressOracle,cross_regime,M_stress,650,True,1,379.9,379.9,0.0,0.0,1.0,4,4000002048
City-C,T4,2x,280.0,S1_CapRR,routine,M_routine,650,True,1,737.0,633.7,0.0,0.1402,1.0,4,4000002048
City-C,T4,2x,280.0,S1_CapRR,cross_regime,M_stress,650,True,1,737.0,379.9,0.0,0.4846,1.0,4,4000002048
City-C,T4,2x,280.0,S2_Platform,routine,M_routine,650,True,1,377.7,241.3,38.7,0.361,0.0,4,4000002048
City-C,T4,2x,280.0,S2_Platform,cross_regime,M_stress,650,True,1,377.7,190.9,89.1,0.4945,0.0,4,4000002048
City-C,T4,2x,280.0,S3_Lin4,routine,M_routine,650,True,1,427.2,633.7,0.0,0.0,1.0,4,4000002048
City-C,T4,2x,280.0,S3_Lin4,cross_regime,M_stress,650,True,1,427.2,379.9,0.0,0.1108,1.0,4,4000002048
City-C,T4,2x,280.0,S4_GlobalCalib,routine,M_routine,650,True,1,499.3,633.7,0.0,0.0,1.0,4,4000002048
City-C,T4,2x,280.0,S4_GlobalCalib,cross_regime,M_stress,650,True,1,499.3,379.9,0.0,0.2391,1.0,4,4000002048
City-C,T4,2x,280.0,S5_CityCalib,routine,M_routine,650,True,1,497.6,633.7,0.0,0.0,1.0,4,4000002048
City-C,T4,2x,280.0,S5_CityCalib,cross_regime,M_stress,650,True,1,497.6,379.9,0.0,0.2366,1.0,4,4000002048
City-C,T4,2x,280.0,S6_Q10,routine,M_routine,650,True,1,342.4,633.7,0.0,0.0,1.0,4,4000002048
City-C,T4,2x,280.0,S6_Q10,cross_regime,M_stress,650,True,1,342.4,379.9,0.0,0.0,1.0,4,4000002048
City-C,T4,5x,700.0,S0a_RoutineOracle,routine,M_routine,650,True,2,1304.8,1304.8,0.0,0.0,1.0,4,4000002048
City-C,T4,5x,700.0,S0a_RoutineOracle,cross_regime,M_stress,650,True,2,1304.8,712.9,0.0,0.4536,1.0,4,4000002048
City-C,T4,5x,700.0,S0b_StressOracle,routine,M_routine,650,True,2,712.9,1304.8,0.0,0.0,1.0,4,4000002048
City-C,T4,5x,700.0,S0b_StressOracle,cross_regime,M_stress,650,True,2,712.9,712.9,0.0,0.0,1.0,4,4000002048
City-C,T4,5x,700.0,S1_CapRR,routine,M_routine,650,True,1,737.0,633.7,66.3,0.1402,0.0,4,4000002048
City-C,T4,5x,700.0,S1_CapRR,cross_regime,M_stress,650,True,1,737.0,379.9,320.1,0.4846,0.0,4,4000002048
City-C,T4,5x,700.0,S2_Platform,routine,M_routine,650,True,2,738.2,912.4,0.0,0.0,1.0,4,4000002048
City-C,T4,5x,700.0,S2_Platform,cross_regime,M_stress,650,True,2,738.2,523.9,176.1,0.2903,0.0,4,4000002048
City-C,T4,5x,700.0,S3_Lin4,routine,M_routine,650,True,2,836.3,1304.8,0.0,0.0,1.0,4,4000002048
City-C,T4,5x,700.0,S3_Lin4,cross_regime,M_stress,650,True,2,836.3,712.9,0.0,0.1475,1.0,4,4000002048
City-C,T4,5x,700.0,S4_GlobalCalib,routine,M_routine,650,True,2,975.1,1304.8,0.0,0.0,1.0,4,4000002048
City-C,T4,5x,700.0,S4_GlobalCalib,cross_regime,M_stress,650,True,2,975.1,712.9,0.0,0.2688,1.0,4,4000002048
City-C,T4,5x,700.0,S5_CityCalib,routine,M_routine,650,True,2,971.9,1304.8,0.0,0.0,1.0,4,4000002048
City-C,T4,5x,700.0,S5_CityCalib,cross_regime,M_stress,650,True,2,971.9,712.9,0.0,0.2664,1.0,4,4000002048
City-C,T4,5x,700.0,S6_Q10,routine,M_routine,650,True,3,966.7,1671.1,0.0,0.0,1.0,4,4000002048
City-C,T4,5x,700.0,S6_Q10,cross_regime,M_stress,650,True,3,966.7,973.9,0.0,0.0,1.0,4,4000002048
City-C,T4,10x,1400.0,S0a_RoutineOracle,routine,M_routine,650,True,3,1808.6,1808.6,0.0,0.0,1.0,4,4000002048
City-C,T4,10x,1400.0,S0a_RoutineOracle,cross_regime,M_stress,650,True,3,1808.6,976.0,424.0,0.4603,0.0,4,4000002048
City-C,T4,10x,1400.0,S0b_StressOracle,routine,M_routine,650,True,5,1581.5,2320.0,0.0,0.0,1.0,4,4000002048
City-C,T4,10x,1400.0,S0b_StressOracle,cross_regime,M_stress,650,True,5,1581.5,1581.5,0.0,0.0,1.0,4,4000002048
City-C,T4,10x,1400.0,S1_CapRR,routine,M_routine,650,True,2,1439.5,1304.8,95.2,0.0936,0.0,4,4000002048
City-C,T4,10x,1400.0,S1_CapRR,cross_regime,M_stress,650,True,2,1439.5,712.9,687.1,0.5048,0.0,4,4000002048
City-C,T4,10x,1400.0,S2_Platform,routine,M_routine,650,True,4,1425.4,1679.0,0.0,0.0,1.0,4,4000002048
City-C,T4,10x,1400.0,S2_Platform,cross_regime,M_stress,650,True,4,1425.4,1075.1,324.9,0.2458,0.0,4,4000002048
City-C,T4,10x,1400.0,S3_Lin4,routine,M_routine,650,True,4,1626.6,1987.4,0.0,0.0,1.0,4,4000002048
City-C,T4,10x,1400.0,S3_Lin4,cross_regime,M_stress,650,True,4,1626.6,1215.0,185.0,0.253,0.0,4,4000002048
City-C,T4,10x,1400.0,S4_GlobalCalib,routine,M_routine,650,True,3,1409.4,1671.1,0.0,0.0,1.0,4,4000002048
City-C,T4,10x,1400.0,S4_GlobalCalib,cross_regime,M_stress,650,True,3,1409.4,973.9,426.1,0.309,0.0,4,4000002048
City-C,T4,10x,1400.0,S5_CityCalib,routine,M_routine,650,True,3,1404.8,1671.1,0.0,0.0,1.0,4,4000002048
City-C,T4,10x,1400.0,S5_CityCalib,cross_regime,M_stress,650,True,3,1404.8,973.9,426.1,0.3068,0.0,4,4000002048
City-C,T4,10x,1400.0,S6_Q10,routine,M_routine,650,True,5,1507.6,2515.3,0.0,0.0,1.0,4,4000002048
City-C,T4,10x,1400.0,S6_Q10,cross_regime,M_stress,650,True,5,1507.6,1414.3,0.0,0.0619,1.0,4,4000002048
City-C,T5,1x,160.0,S0a_RoutineOracle,routine,M_routine,650,True,1,422.4,422.4,0.0,0.0,1.0,4,4000002048
City-C,T5,1x,160.0,S0a_RoutineOracle,cross_regime,M_stress,650,True,1,422.4,195.5,0.0,0.5372,1.0,4,4000002048
City-C,T5,1x,160.0,S0b_StressOracle,routine,M_routine,650,True,1,330.6,392.9,0.0,0.0,1.0,4,4000002048
City-C,T5,1x,160.0,S0b_StressOracle,cross_regime,M_stress,650,True,1,330.6,330.6,0.0,0.0,1.0,4,4000002048
City-C,T5,1x,160.0,S1_CapRR,routine,M_routine,650,True,1,648.6,376.5,0.0,0.4195,1.0,4,4000002048
City-C,T5,1x,160.0,S1_CapRR,cross_regime,M_stress,650,True,1,648.6,273.9,0.0,0.5777,1.0,4,4000002048
City-C,T5,1x,160.0,S2_Platform,routine,M_routine,650,True,1,451.5,376.5,0.0,0.166,1.0,4,4000002048
City-C,T5,1x,160.0,S2_Platform,cross_regime,M_stress,650,True,1,451.5,273.9,0.0,0.3934,1.0,4,4000002048
City-C,T5,1x,160.0,S3_Lin4,routine,M_routine,650,True,1,411.1,376.5,0.0,0.084,1.0,4,4000002048
City-C,T5,1x,160.0,S3_Lin4,cross_regime,M_stress,650,True,1,411.1,273.9,0.0,0.3337,1.0,4,4000002048
City-C,T5,1x,160.0,S4_GlobalCalib,routine,M_routine,650,True,1,436.6,376.5,0.0,0.1376,1.0,4,4000002048
City-C,T5,1x,160.0,S4_GlobalCalib,cross_regime,M_stress,650,True,1,436.6,273.9,0.0,0.3727,1.0,4,4000002048
City-C,T5,1x,160.0,S5_CityCalib,routine,M_routine,650,True,1,437.5,376.5,0.0,0.1394,1.0,4,4000002048
City-C,T5,1x,160.0,S5_CityCalib,cross_regime,M_stress,650,True,1,437.5,273.9,0.0,0.374,1.0,4,4000002048
City-C,T5,1x,160.0,S6_Q10,routine,M_routine,650,True,1,299.2,376.5,0.0,0.0,1.0,4,4000002048
City-C,T5,1x,160.0,S6_Q10,cross_regime,M_stress,650,True,1,299.2,273.9,0.0,0.0845,1.0,4,4000002048
City-C,T5,2x,320.0,S0a_RoutineOracle,routine,M_routine,650,True,1,422.4,422.4,0.0,0.0,1.0,4,4000002048
City-C,T5,2x,320.0,S0a_RoutineOracle,cross_regime,M_stress,650,True,1,422.4,195.5,124.5,0.5372,0.0,4,4000002048
City-C,T5,2x,320.0,S0b_StressOracle,routine,M_routine,650,True,1,330.6,392.9,0.0,0.0,1.0,4,4000002048
City-C,T5,2x,320.0,S0b_StressOracle,cross_regime,M_stress,650,True,1,330.6,330.6,0.0,0.0,1.0,4,4000002048
City-C,T5,2x,320.0,S1_CapRR,routine,M_routine,650,True,1,648.6,376.5,0.0,0.4195,1.0,4,4000002048
City-C,T5,2x,320.0,S1_CapRR,cross_regime,M_stress,650,True,1,648.6,273.9,46.1,0.5777,0.0,4,4000002048
City-C,T5,2x,320.0,S2_Platform,routine,M_routine,650,True,1,451.5,376.5,0.0,0.166,1.0,4,4000002048
City-C,T5,2x,320.0,S2_Platform,cross_regime,M_stress,650,True,1,451.5,273.9,46.1,0.3934,0.0,4,4000002048
City-C,T5,2x,320.0,S3_Lin4,routine,M_routine,650,True,1,411.1,376.5,0.0,0.084,1.0,4,4000002048
City-C,T5,2x,320.0,S3_Lin4,cross_regime,M_stress,650,True,1,411.1,273.9,46.1,0.3337,0.0,4,4000002048
City-C,T5,2x,320.0,S4_GlobalCalib,routine,M_routine,650,True,1,436.6,376.5,0.0,0.1376,1.0,4,4000002048
City-C,T5,2x,320.0,S4_GlobalCalib,cross_regime,M_stress,650,True,1,436.6,273.9,46.1,0.3727,0.0,4,4000002048
City-C,T5,2x,320.0,S5_CityCalib,routine,M_routine,650,True,1,437.5,376.5,0.0,0.1394,1.0,4,4000002048
City-C,T5,2x,320.0,S5_CityCalib,cross_regime,M_stress,650,True,1,437.5,273.9,46.1,0.374,0.0,4,4000002048
City-C,T5,2x,320.0,S6_Q10,routine,M_routine,650,True,2,584.3,796.0,0.0,0.0,1.0,4,4000002048
City-C,T5,2x,320.0,S6_Q10,cross_regime,M_stress,650,True,2,584.3,583.8,0.0,0.0009,1.0,4,4000002048
City-C,T5,5x,800.0,S0a_RoutineOracle,routine,M_routine,650,True,2,841.8,841.8,0.0,0.0,1.0,4,4000002048
City-C,T5,5x,800.0,S0a_RoutineOracle,cross_regime,M_stress,650,True,2,841.8,505.4,294.6,0.3997,0.0,4,4000002048
City-C,T5,5x,800.0,S0b_StressOracle,routine,M_routine,650,True,3,944.2,1086.1,0.0,0.0,1.0,4,4000002048
City-C,T5,5x,800.0,S0b_StressOracle,cross_regime,M_stress,650,True,3,944.2,944.2,0.0,0.0,1.0,4,4000002048
City-C,T5,5x,800.0,S1_CapRR,routine,M_routine,650,True,2,1266.8,796.0,4.0,0.3717,0.0,4,4000002048
City-C,T5,5x,800.0,S1_CapRR,cross_regime,M_stress,650,True,2,1266.8,583.8,216.2,0.5392,0.0,4,4000002048
City-C,T5,5x,800.0,S2_Platform,routine,M_routine,650,True,2,882.9,784.9,15.1,0.111,0.0,4,4000002048
City-C,T5,5x,800.0,S2_Platform,cross_regime,M_stress,650,True,2,882.9,474.9,325.1,0.4621,0.0,4,4000002048
City-C,T5,5x,800.0,S3_Lin4,routine,M_routine,650,True,2,804.3,796.0,4.0,0.0103,0.0,4,4000002048
City-C,T5,5x,800.0,S3_Lin4,cross_regime,M_stress,650,True,2,804.3,583.8,216.2,0.2742,0.0,4,4000002048
City-C,T5,5x,800.0,S4_GlobalCalib,routine,M_routine,650,True,2,852.7,796.0,4.0,0.0665,0.0,4,4000002048
City-C,T5,5x,800.0,S4_GlobalCalib,cross_regime,M_stress,650,True,2,852.7,583.8,216.2,0.3154,0.0,4,4000002048
City-C,T5,5x,800.0,S5_CityCalib,routine,M_routine,650,True,2,854.5,796.0,4.0,0.0685,0.0,4,4000002048
City-C,T5,5x,800.0,S5_CityCalib,cross_regime,M_stress,650,True,2,854.5,583.8,216.2,0.3168,0.0,4,4000002048
City-C,T5,5x,800.0,S6_Q10,routine,M_routine,650,True,3,844.7,1188.9,0.0,0.0,1.0,4,4000002048
City-C,T5,5x,800.0,S6_Q10,cross_regime,M_stress,650,True,3,844.7,914.4,0.0,0.0,1.0,4,4000002048
City-C,T5,10x,1600.0,S0a_RoutineOracle,routine,M_routine,650,True,4,1646.9,1646.9,0.0,0.0,1.0,4,4000002048
City-C,T5,10x,1600.0,S0a_RoutineOracle,cross_regime,M_stress,650,True,4,1646.9,889.5,710.5,0.4599,0.0,4,4000002048
City-C,T5,10x,1600.0,S0b_StressOracle,routine,M_routine,650,True,6,1709.4,2124.9,0.0,0.0,1.0,4,4000002048
City-C,T5,10x,1600.0,S0b_StressOracle,cross_regime,M_stress,650,True,6,1709.4,1709.4,0.0,0.0,1.0,4,4000002048
City-C,T5,10x,1600.0,S1_CapRR,routine,M_routine,650,True,3,1831.4,1188.9,411.1,0.3508,0.0,4,4000002048
City-C,T5,10x,1600.0,S1_CapRR,cross_regime,M_stress,650,True,3,1831.4,914.4,685.6,0.5007,0.0,4,4000002048
City-C,T5,10x,1600.0,S2_Platform,routine,M_routine,650,True,4,1670.1,1500.4,99.6,0.1016,0.0,4,4000002048
City-C,T5,10x,1600.0,S2_Platform,cross_regime,M_stress,650,True,4,1670.1,830.8,769.2,0.5025,0.0,4,4000002048
City-C,T5,10x,1600.0,S3_Lin4,routine,M_routine,650,True,5,1951.1,2002.5,0.0,0.0,1.0,4,4000002048
City-C,T5,10x,1600.0,S3_Lin4,cross_regime,M_stress,650,True,5,1951.1,1352.7,247.3,0.3067,0.0,4,4000002048
City-C,T5,10x,1600.0,S4_GlobalCalib,routine,M_routine,650,True,5,1921.6,1871.0,0.0,0.0264,1.0,4,4000002048
City-C,T5,10x,1600.0,S4_GlobalCalib,cross_regime,M_stress,650,True,5,1921.6,1419.1,180.9,0.2615,0.0,4,4000002048
City-C,T5,10x,1600.0,S5_CityCalib,routine,M_routine,650,True,5,1925.7,1871.0,0.0,0.0284,1.0,4,4000002048
City-C,T5,10x,1600.0,S5_CityCalib,cross_regime,M_stress,650,True,5,1925.7,1419.1,180.9,0.2631,0.0,4,4000002048
City-C,T5,10x,1600.0,S6_Q10,routine,M_routine,650,True,7,1774.9,2430.6,0.0,0.0,1.0,4,4000002048
City-C,T5,10x,1600.0,S6_Q10,cross_regime,M_stress,650,True,7,1774.9,1822.8,0.0,0.0,1.0,4,4000002048
