config_name,seed_id,mean,std,dist,persistence,tsr_routine_5x_S0a_RoutineOracle,ocr_routine_5x_S0a_RoutineOracle,nsel_routine_5x_S0a_RoutineOracle,tsr_routine_5x_S1_CapRR,ocr_routine_5x_S1_CapRR,nsel_routine_5x_S1_CapRR,tsr_routine_5x_S3_Lin4,ocr_routine_5x_S3_Lin4,nsel_routine_5x_S3_Lin4,tsr_routine_5x_S4_GlobalCalib,ocr_routine_5x_S4_GlobalCalib,nsel_routine_5x_S4_GlobalCalib,tsr_routine_5x_S6_Q10,ocr_routine_5x_S6_Q10,nsel_routine_5x_S6_Q10,tsr_routine_10x_S0a_RoutineOracle,ocr_routine_10x_S0a_RoutineOracle,nsel_routine_10x_S0a_RoutineOracle,tsr_routine_10x_S1_CapRR,ocr_routine_10x_S1_CapRR,nsel_routine_10x_S1_CapRR,tsr_routine_10x_S3_Lin4,ocr_routine_10x_S3_Lin4,nsel_routine_10x_S3_Lin4,tsr_routine_10x_S4_GlobalCalib,ocr_routine_10x_S4_GlobalCalib,nsel_routine_10x_S4_GlobalCalib,tsr_routine_10x_S6_Q10,ocr_routine_10x_S6_Q10,nsel_routine_10x_S6_Q10,tsr_cross_regime_5x_S0a_RoutineOracle,ocr_cross_regime_5x_S0a_RoutineOracle,nsel_cross_regime_5x_S0a_RoutineOracle,tsr_cross_regime_5x_S1_CapRR,ocr_cross_regime_5x_S1_CapRR,nsel_cross_regime_5x_S1_CapRR,tsr_cross_regime_5x_S3_Lin4,ocr_cross_regime_5x_S3_Lin4,nsel_cross_regime_5x_S3_Lin4,tsr_cross_regime_5x_S4_GlobalCalib,ocr_cross_regime_5x_S4_GlobalCalib,nsel_cross_regime_5x_S4_GlobalCalib,tsr_cross_regime_5x_S6_Q10,ocr_cross_regime_5x_S6_Q10,nsel_cross_regime_5x_S6_Q10,tsr_cross_regime_10x_S0a_RoutineOracle,ocr_cross_regime_10x_S0a_RoutineOracle,nsel_cross_regime_10x_S0a_RoutineOracle,tsr_cross_regime_10x_S1_CapRR,ocr_cross_regime_10x_S1_CapRR,nsel_cross_regime_10x_S1_CapRR,tsr_cross_regime_10x_S3_Lin4,ocr_cross_regime_10x_S3_Lin4,nsel_cross_regime_10x_S3_Lin4,tsr_cross_regime_10x_S4_GlobalCalib,ocr_cross_regime_10x_S4_GlobalCalib,nsel_cross_regime_10x_S4_GlobalCalib,tsr_cross_regime_10x_S6_Q10,ocr_cross_regime_10x_S6_Q10,nsel_cross_regime_10x_S6_Q10,M_routine_mean,rho_lin4,rho_caprr
mean_0.58,0,0.58,0.15,beta,none,100.0,0.0,2.6666666666666665,13.333333333333334,0.44282000000000005,1.9333333333333333,86.66666666666667,0.035146666666666666,3.066666666666667,86.66666666666667,0.052873333333333335,2.8666666666666667,100.0,0.0,4.333333333333333,100.0,0.0,5.066666666666666,0.0,0.4205466666666667,3.2666666666666666,93.33333333333333,0.03186,6.133333333333334,60.0,0.041053333333333324,5.533333333333333,100.0,0.0,8.933333333333334,6.666666666666667,0.43844000000000005,2.6666666666666665,0.0,0.60956,1.9333333333333333,26.666666666666668,0.2786733333333334,3.066666666666667,6.666666666666667,0.32197333333333333,2.8666666666666667,86.66666666666667,0.030873333333333332,4.333333333333333,0.0,0.44864000000000004,5.066666666666666,0.0,0.61796,3.2666666666666666,0.0,0.3031466666666667,6.133333333333334,0.0,0.3294066666666667,5.533333333333333,80.0,0.01856,8.933333333333334,116.25,0.863,0.863
mean_0.58,1,0.58,0.15,beta,none,100.0,0.0,2.533333333333333,13.333333333333334,0.48174666666666666,1.9333333333333333,80.0,0.07444,3.0,73.33333333333333,0.07670666666666667,2.8666666666666667,100.0,0.0,4.2,100.0,0.0,5.2,0.0,0.45863999999999994,3.2666666666666666,80.0,0.05044666666666667,6.066666666666666,53.333333333333336,0.05995333333333333,5.6,100.0,0.0,8.866666666666667,0.0,0.4659466666666667,2.533333333333333,0.0,0.6272133333333334,1.9333333333333333,13.333333333333334,0.35960000000000003,3.0,6.666666666666667,0.34694,2.8666666666666667,66.66666666666666,0.05821333333333334,4.2,0.0,0.45987999999999996,5.2,0.0,0.62998,3.2666666666666666,0.0,0.31081999999999993,6.066666666666666,0.0,0.33628666666666657,5.6,60.0,0.039139999999999994,8.866666666666667,116.78,0.864,0.864
mean_0.58,2,0.58,0.15,beta,none,100.0,0.0,2.533333333333333,13.333333333333334,0.4255933333333333,1.9333333333333333,66.66666666666666,0.07466666666666666,3.0,66.66666666666666,0.09207333333333333,2.8666666666666667,100.0,0.0,4.133333333333334,100.0,0.0,5.0,0.0,0.4346333333333333,3.2666666666666666,93.33333333333333,0.045206666666666666,6.066666666666666,66.66666666666666,0.05859333333333334,5.466666666666667,100.0,0.0,8.8,6.666666666666667,0.4747466666666667,2.533333333333333,0.0,0.634,1.9333333333333333,6.666666666666667,0.31438666666666665,3.0,6.666666666666667,0.35962666666666665,2.8666666666666667,66.66666666666666,0.0382,4.133333333333334,0.0,0.4572600000000001,5.0,0.0,0.6224333333333334,3.2666666666666666,0.0,0.32192000000000004,6.066666666666666,0.0,0.3348333333333333,5.466666666666667,73.33333333333333,0.026033333333333332,8.8,117.32,0.865,0.865
mean_0.58,3,0.58,0.15,beta,none,100.0,0.0,2.6,6.666666666666667,0.43102,1.9333333333333333,80.0,0.031466666666666664,3.0,73.33333333333333,0.05912666666666667,2.8666666666666667,100.0,0.0,4.133333333333334,100.0,0.0,5.133333333333334,0.0,0.4264866666666666,3.2666666666666666,86.66666666666667,0.02458,6.066666666666666,60.0,0.04821333333333333,5.466666666666667,100.0,0.0,8.8,0.0,0.4935933333333334,2.6,0.0,0.6204733333333333,1.9333333333333333,6.666666666666667,0.37041999999999997,3.0,6.666666666666667,0.33628,2.8666666666666667,73.33333333333333,0.03888,4.133333333333334,0.0,0.4907333333333333,5.133333333333334,0.0,0.6255333333333334,3.2666666666666666,0.0,0.32678666666666667,6.066666666666666,0.0,0.3488,5.466666666666667,60.0,0.04484,8.8,117.28,0.864,0.864
mean_0.58,4,0.58,0.15,beta,none,100.0,0.0,2.533333333333333,26.666666666666668,0.38587999999999995,1.9333333333333333,80.0,0.059253333333333345,3.0,80.0,0.04404666666666667,2.8666666666666667,100.0,0.0,4.133333333333334,100.0,0.0,5.066666666666666,0.0,0.39909333333333336,3.2666666666666666,80.0,0.03996666666666667,6.066666666666666,66.66666666666666,0.05536666666666667,5.466666666666667,100.0,0.0,8.8,0.0,0.48190000000000005,2.533333333333333,0.0,0.6455600000000001,1.9333333333333333,13.333333333333334,0.34351999999999994,3.0,6.666666666666667,0.3639200000000001,2.8666666666666667,66.66666666666666,0.07582666666666665,4.133333333333334,0.0,0.48442,5.066666666666666,0.0,0.6335200000000001,3.2666666666666666,0.0,0.33038000000000006,6.066666666666666,0.0,0.3792466666666666,5.466666666666667,80.0,0.03942,8.8,117.55,0.867,0.867
mean_0.58,5,0.58,0.15,beta,none,100.0,0.0,2.533333333333333,6.666666666666667,0.48060666666666657,1.9333333333333333,86.66666666666667,0.06007333333333333,3.0,60.0,0.10232666666666665,2.8666666666666667,100.0,0.0,4.133333333333334,100.0,0.0,5.133333333333334,0.0,0.4662333333333334,3.2666666666666666,86.66666666666667,0.04107333333333332,6.066666666666666,53.333333333333336,0.06211333333333334,5.466666666666667,100.0,0.0,8.733333333333333,0.0,0.4516733333333333,2.533333333333333,0.0,0.6310133333333333,1.9333333333333333,13.333333333333334,0.32495999999999997,3.0,13.333333333333334,0.36834666666666666,2.8666666666666667,80.0,0.06494666666666667,4.133333333333334,0.0,0.4552666666666667,5.133333333333334,0.0,0.6294933333333332,3.2666666666666666,0.0,0.32299333333333335,6.066666666666666,0.0,0.3508866666666667,5.466666666666667,66.66666666666666,0.037733333333333334,8.733333333333333,117.64,0.866,0.866
mean_0.58,6,0.58,0.15,beta,none,100.0,0.0,2.6,26.666666666666668,0.40668666666666664,1.9333333333333333,86.66666666666667,0.04818666666666667,3.0,86.66666666666667,0.06970666666666667,2.8666666666666667,100.0,0.0,4.133333333333334,100.0,0.0,5.0,0.0,0.4201333333333333,3.2666666666666666,93.33333333333333,0.027526666666666668,6.066666666666666,80.0,0.03863333333333333,5.466666666666667,100.0,0.0,8.8,0.0,0.4986066666666667,2.6,0.0,0.6009066666666667,1.9333333333333333,6.666666666666667,0.31182666666666664,3.0,6.666666666666667,0.29906,2.8666666666666667,86.66666666666667,0.021926666666666667,4.133333333333334,0.0,0.4548866666666667,5.0,0.0,0.5985333333333334,3.2666666666666666,0.0,0.28817999999999994,6.066666666666666,0.0,0.32176,5.466666666666667,80.0,0.015380000000000001,8.8,117.06,0.865,0.865
mean_0.58,7,0.58,0.15,beta,none,100.0,0.0,2.6,13.333333333333334,0.4473866666666667,1.9333333333333333,80.0,0.05054666666666666,3.0,73.33333333333333,0.06898666666666667,2.8666666666666667,100.0,0.0,4.133333333333334,100.0,0.0,5.066666666666666,0.0,0.40752,3.2666666666666666,73.33333333333333,0.046560000000000004,6.0,66.66666666666666,0.05012666666666667,5.466666666666667,100.0,0.0,8.8,0.0,0.4340133333333334,2.6,0.0,0.63374,1.9333333333333333,20.0,0.28848,3.0,6.666666666666667,0.36719333333333337,2.8666666666666667,53.333333333333336,0.06455999999999999,4.133333333333334,0.0,0.4423666666666666,5.066666666666666,0.0,0.62594,3.2666666666666666,6.666666666666667,0.3169066666666667,6.0,0.0,0.3482199999999999,5.466666666666667,73.33333333333333,0.03772,8.8,117.41,0.864,0.864
mean_0.58,8,0.58,0.15,beta,none,100.0,0.0,2.6,33.33333333333333,0.41864666666666667,1.9333333333333333,86.66666666666667,0.029526666666666663,3.0,73.33333333333333,0.06044666666666666,2.8666666666666667,100.0,0.0,4.133333333333334,100.0,0.0,5.133333333333334,0.0,0.42052,3.2666666666666666,86.66666666666667,0.027693333333333334,6.0,66.66666666666666,0.06069999999999999,5.466666666666667,100.0,0.0,8.8,0.0,0.48522666666666664,2.6,0.0,0.634,1.9333333333333333,13.333333333333334,0.32883333333333326,3.0,6.666666666666667,0.3334666666666666,2.8666666666666667,53.333333333333336,0.051859999999999996,4.133333333333334,0.0,0.48258666666666666,5.133333333333334,0.0,0.6246266666666667,3.2666666666666666,0.0,0.31001333333333336,6.0,0.0,0.34815333333333337,5.466666666666667,53.333333333333336,0.02876,8.8,116.93,0.861,0.861
mean_0.58,9,0.58,0.15,beta,none,100.0,0.0,2.4,6.666666666666667,0.50072,1.9333333333333333,86.66666666666667,0.06712666666666665,3.0,60.0,0.13485333333333335,2.8666666666666667,100.0,0.0,4.2,100.0,0.0,5.0,0.0,0.47144000000000014,3.2666666666666666,80.0,0.042519999999999995,6.066666666666666,53.333333333333336,0.07198666666666667,5.466666666666667,100.0,0.0,8.8,0.0,0.5013599999999999,2.4,0.0,0.6468866666666667,1.9333333333333333,33.33333333333333,0.28834666666666664,3.0,13.333333333333334,0.3291066666666667,2.8666666666666667,73.33333333333333,0.04636,4.2,0.0,0.4906666666666667,5.0,0.0,0.6237466666666668,3.2666666666666666,13.333333333333334,0.27918,6.066666666666666,0.0,0.3457933333333333,5.466666666666667,73.33333333333333,0.02064,8.8,117.18,0.866,0.866
mean_0.67,0,0.67,0.15,beta,none,100.0,0.0,2.2666666666666666,33.33333333333333,0.35373333333333334,1.9333333333333333,100.0,0.03206666666666667,2.7333333333333334,80.0,0.06701333333333333,2.6,100.0,0.0,3.6666666666666665,100.0,0.0,4.466666666666667,6.666666666666667,0.3297866666666666,3.2666666666666666,86.66666666666667,0.04232,5.2,86.66666666666667,0.04266,5.0,100.0,0.0,7.133333333333334,6.666666666666667,0.4586866666666667,2.2666666666666666,6.666666666666667,0.5487866666666665,1.9333333333333333,33.33333333333333,0.3019333333333333,2.7333333333333334,26.666666666666668,0.3213733333333334,2.6,86.66666666666667,0.05904,3.6666666666666665,0.0,0.4464666666666666,4.466666666666667,0.0,0.5571533333333333,3.2666666666666666,6.666666666666667,0.30964,5.2,0.0,0.33033999999999997,5.0,66.66666666666666,0.04228666666666667,7.133333333333334,134.78,0.89,0.89
mean_0.67,1,0.67,0.15,beta,none,100.0,0.0,2.3333333333333335,46.666666666666664,0.38143999999999995,1.9333333333333333,93.33333333333333,0.040799999999999996,2.7333333333333334,86.66666666666667,0.07261333333333334,2.6,100.0,0.0,3.533333333333333,100.0,0.0,4.533333333333333,6.666666666666667,0.3641533333333334,3.2666666666666666,80.0,0.05164666666666667,5.133333333333334,73.33333333333333,0.04232,5.0,100.0,0.0,7.133333333333334,6.666666666666667,0.4587399999999999,2.3333333333333335,0.0,0.5714000000000001,1.9333333333333333,6.666666666666667,0.3585133333333333,2.7333333333333334,20.0,0.3512733333333333,2.6,66.66666666666666,0.09901333333333333,3.533333333333333,0.0,0.4408066666666667,4.533333333333333,0.0,0.57236,3.2666666666666666,6.666666666666667,0.3196866666666666,5.133333333333334,0.0,0.3478266666666667,5.0,66.66666666666666,0.06463333333333333,7.133333333333334,134.94,0.896,0.896
mean_0.67,2,0.67,0.15,beta,none,100.0,0.0,2.2666666666666666,33.33333333333333,0.3150133333333333,1.9333333333333333,93.33333333333333,0.04026,2.7333333333333334,93.33333333333333,0.04310666666666667,2.533333333333333,100.0,0.0,3.533333333333333,100.0,0.0,4.333333333333333,6.666666666666667,0.3237133333333333,3.2666666666666666,93.33333333333333,0.01916666666666667,5.066666666666666,93.33333333333333,0.028473333333333337,4.866666666666666,100.0,0.0,7.066666666666666,6.666666666666667,0.44040000000000007,2.2666666666666666,0.0,0.57454,1.9333333333333333,13.333333333333334,0.30767333333333335,2.7333333333333334,6.666666666666667,0.3617066666666666,2.533333333333333,73.33333333333333,0.06446,3.533333333333333,0.0,0.41691333333333336,4.333333333333333,0.0,0.5632666666666667,3.2666666666666666,0.0,0.3209533333333333,5.066666666666666,0.0,0.34009333333333325,4.866666666666666,66.66666666666666,0.05056,7.066666666666666,135.83,0.893,0.893
mean_0.67,3,0.67,0.15,beta,none,100.0,0.0,2.4,40.0,0.36075999999999997,1.9333333333333333,86.66666666666667,0.04936,2.7333333333333334,80.0,0.07357333333333332,2.6,100.0,0.0012066666666666664,3.6,100.0,0.0,4.533333333333333,0.0,0.37684,3.2666666666666666,86.66666666666667,0.03978666666666666,5.133333333333334,86.66666666666667,0.06057333333333334,5.0,100.0,0.0,7.133333333333334,0.0,0.45570666666666665,2.4,6.666666666666667,0.5586599999999999,1.9333333333333333,0.0,0.3694666666666667,2.7333333333333334,20.0,0.3246533333333333,2.6,86.66666666666667,0.0628,3.6,0.0,0.45755999999999997,4.533333333333333,0.0,0.5666733333333334,3.2666666666666666,0.0,0.32648,5.133333333333334,0.0,0.3423466666666667,5.0,46.666666666666664,0.06476,7.133333333333334,135.12,0.893,0.893
mean_0.67,4,0.67,0.15,beta,none,100.0,0.0,2.2666666666666666,60.0,0.29468,1.9333333333333333,80.0,0.03251333333333333,2.6666666666666665,86.66666666666667,0.036506666666666666,2.533333333333333,100.0,0.0,3.533333333333333,100.0,0.0,4.2,6.666666666666667,0.29830666666666666,3.2666666666666666,80.0,0.035579999999999994,5.0,93.33333333333333,0.0287,4.933333333333334,100.0,0.0,6.933333333333334,6.666666666666667,0.5192133333333333,2.2666666666666666,0.0,0.5847733333333334,1.9333333333333333,13.333333333333334,0.35628666666666664,2.6666666666666665,13.333333333333334,0.3808133333333333,2.533333333333333,66.66666666666666,0.09161333333333332,3.533333333333333,0.0,0.4763,4.2,0.0,0.5745333333333333,3.2666666666666666,0.0,0.3295466666666667,5.0,0.0,0.38488,4.933333333333334,26.666666666666668,0.08598,6.933333333333334,135.59,0.897,0.897
mean_0.67,5,0.67,0.15,beta,none,100.0,0.0,2.3333333333333335,33.33333333333333,0.3486866666666666,1.9333333333333333,86.66666666666667,0.04810666666666666,2.6666666666666665,86.66666666666667,0.07190666666666666,2.6,100.0,0.0,3.6,100.0,0.0,4.333333333333333,0.0,0.32432,3.2666666666666666,93.33333333333333,0.03806,5.066666666666666,86.66666666666667,0.05455333333333333,5.0,100.0,0.0,7.133333333333334,6.666666666666667,0.46325333333333335,2.3333333333333335,0.0,0.5738866666666667,1.9333333333333333,6.666666666666667,0.3331133333333333,2.6666666666666665,20.0,0.37882666666666664,2.6,60.0,0.08587333333333333,3.6,0.0,0.44403999999999993,4.333333333333333,0.0,0.5709333333333334,3.2666666666666666,6.666666666666667,0.3365000000000001,5.066666666666666,0.0,0.3527533333333333,5.0,66.66666666666666,0.060193333333333335,7.133333333333334,135.34,0.892,0.892
mean_0.67,6,0.67,0.15,beta,none,100.0,0.0,2.3333333333333335,40.0,0.37890666666666656,1.9333333333333333,93.33333333333333,0.04334666666666667,2.7333333333333334,86.66666666666667,0.09525333333333333,2.6,100.0,0.0,3.6,100.0,0.0,4.266666666666667,6.666666666666667,0.35879333333333335,3.2666666666666666,93.33333333333333,0.03680666666666667,5.133333333333334,86.66666666666667,0.04014666666666667,5.0,100.0,0.0,7.133333333333334,0.0,0.48274666666666666,2.3333333333333335,0.0,0.5381599999999999,1.9333333333333333,20.0,0.31886666666666663,2.7333333333333334,20.0,0.3021133333333334,2.6,86.66666666666667,0.03164,3.6,0.0,0.4748666666666668,4.266666666666667,0.0,0.5370933333333333,3.2666666666666666,0.0,0.29085333333333335,5.133333333333334,0.0,0.3225466666666667,5.0,80.0,0.038766666666666665,7.133333333333334,135.37,0.895,0.895
mean_0.67,7,0.67,0.15,beta,none,100.0,0.0,2.3333333333333335,46.666666666666664,0.3279133333333333,1.9333333333333333,73.33333333333333,0.0473,2.7333333333333334,100.0,0.0428,2.6,100.0,0.0,3.6,100.0,0.0,4.4,0.0,0.3174533333333334,3.2666666666666666,86.66666666666667,0.03292,5.133333333333334,80.0,0.04183333333333334,5.0,100.0,0.0,7.133333333333334,0.0,0.4685866666666667,2.3333333333333335,0.0,0.5763066666666667,1.9333333333333333,33.33333333333333,0.2764666666666667,2.7333333333333334,13.333333333333334,0.3632933333333333,2.6,73.33333333333333,0.08425999999999999,3.6,0.0,0.4706466666666666,4.4,0.0,0.56786,3.2666666666666666,6.666666666666667,0.3221866666666667,5.133333333333334,0.0,0.3489466666666666,5.0,60.0,0.05632,7.133333333333334,135.09,0.891,0.891
mean_0.67,8,0.67,0.15,beta,none,100.0,0.0,2.2,53.333333333333336,0.3228866666666667,1.9333333333333333,86.66666666666667,0.04259999999999999,2.7333333333333334,80.0,0.05857999999999999,2.6,100.0,0.0,3.6,100.0,0.0,4.2,20.0,0.3134,3.2666666666666666,73.33333333333333,0.0287,5.133333333333334,86.66666666666667,0.040279999999999996,5.0,100.0,0.0,7.133333333333334,0.0,0.45605999999999997,2.2,0.0,0.5735066666666666,1.9333333333333333,13.333333333333334,0.32716666666666666,2.7333333333333334,13.333333333333334,0.3479933333333333,2.6,86.66666666666667,0.07668666666666665,3.6,0.0,0.43794666666666665,4.2,0.0,0.5649133333333333,3.2666666666666666,6.666666666666667,0.3206933333333334,5.133333333333334,0.0,0.34515999999999997,5.0,60.0,0.05248,7.133333333333334,134.83,0.891,0.891
mean_0.67,9,0.67,0.15,beta,none,100.0,0.0,2.2666666666666666,46.666666666666664,0.30935333333333337,1.9333333333333333,100.0,0.01924666666666667,2.7333333333333334,93.33333333333333,0.03802666666666667,2.6,100.0,0.0,3.6,100.0,0.0,4.6,6.666666666666667,0.29427333333333333,3.2666666666666666,93.33333333333333,0.02138,5.2,86.66666666666667,0.02832,5.0,100.0,0.0,7.133333333333334,6.666666666666667,0.40656666666666663,2.2666666666666666,0.0,0.5791466666666667,1.9333333333333333,26.666666666666668,0.2938266666666667,2.7333333333333334,13.333333333333334,0.33876000000000006,2.6,80.0,0.07978666666666667,3.6,0.0,0.42000666666666664,4.6,0.0,0.5628133333333333,3.2666666666666666,6.666666666666667,0.29385333333333336,5.2,0.0,0.34575333333333336,5.0,60.0,0.05954666666666667,7.133333333333334,135.11,0.891,0.891
mean_0.75,0,0.75,0.15,beta,none,100.0,0.0,2.2,60.0,0.2484666666666667,1.9333333333333333,93.33333333333333,0.048326666666666664,2.3333333333333335,93.33333333333333,0.041093333333333336,2.3333333333333335,100.0,0.0,3.1333333333333333,100.0,0.0,4.0,26.666666666666668,0.24833333333333338,3.2666666666666666,86.66666666666667,0.03298,4.533333333333333,73.33333333333333,0.041666666666666664,4.2,100.0,0.0,6.133333333333334,0.0,0.46958,2.2,6.666666666666667,0.49480666666666673,1.9333333333333333,13.333333333333334,0.2961133333333334,2.3333333333333335,13.333333333333334,0.32572666666666666,2.3333333333333335,60.0,0.07024000000000001,3.1333333333333333,0.0,0.44141333333333327,4.0,0.0,0.5029933333333333,3.2666666666666666,6.666666666666667,0.3215,4.533333333333333,0.0,0.33071333333333336,4.2,66.66666666666666,0.0708,6.133333333333334,151.39,0.911,0.911
mean_0.75,1,0.75,0.15,beta,none,100.0,0.0,2.1333333333333333,40.0,0.2992066666666667,1.9333333333333333,73.33333333333333,0.09386666666666667,2.3333333333333335,73.33333333333333,0.11196666666666667,2.3333333333333335,100.0,0.003766666666666667,3.066666666666667,100.0,0.0,4.066666666666666,13.333333333333334,0.2851066666666667,3.2666666666666666,60.0,0.06390666666666665,4.533333333333333,53.333333333333336,0.06988,4.2,100.0,0.0,6.133333333333334,0.0,0.4521066666666667,2.1333333333333333,6.666666666666667,0.5414533333333333,1.9333333333333333,6.666666666666667,0.35883333333333334,2.3333333333333335,13.333333333333334,0.38003333333333333,2.3333333333333335,66.66666666666666,0.13324666666666665,3.066666666666667,0.0,0.4446733333333333,4.066666666666666,0.0,0.5343133333333333,3.2666666666666666,0.0,0.33986,4.533333333333333,0.0,0.37272666666666665,4.2,40.0,0.10023333333333334,6.133333333333334,151.31,0.911,0.911
mean_0.75,2,0.75,0.15,beta,none,100.0,0.0,2.1333333333333333,60.0,0.21256666666666663,1.9333333333333333,93.33333333333333,0.05605333333333333,2.3333333333333335,86.66666666666667,0.046273333333333326,2.3333333333333335,100.0,0.0,3.066666666666667,100.0,0.0,4.066666666666666,13.333333333333334,0.26297333333333334,3.2666666666666666,73.33333333333333,0.049,4.533333333333333,66.66666666666666,0.045746666666666665,4.2,100.0,0.0,6.133333333333334,0.0,0.46006,2.1333333333333333,0.0,0.52122,1.9333333333333333,13.333333333333334,0.28102666666666665,2.3333333333333335,6.666666666666667,0.3526333333333334,2.3333333333333335,53.333333333333336,0.09391333333333333,3.066666666666667,0.0,0.44045999999999996,4.066666666666666,0.0,0.5101266666666666,3.2666666666666666,0.0,0.30838,4.533333333333333,0.0,0.33588,4.2,53.333333333333336,0.07223333333333333,6.133333333333334,151.47,0.912,0.912
mean_0.75,3,0.75,0.15,beta,none,100.0,0.0,2.1333333333333333,60.0,0.26433333333333336,1.9333333333333333,86.66666666666667,0.05256,2.3333333333333335,80.0,0.07055333333333333,2.3333333333333335,100.0,0.0,3.066666666666667,100.0,0.0,4.0,20.0,0.2607933333333333,3.2666666666666666,73.33333333333333,0.03868666666666667,4.4,73.33333333333333,0.04391333333333333,4.133333333333334,100.0,0.0,6.133333333333334,6.666666666666667,0.41385333333333335,2.1333333333333333,6.666666666666667,0.5032066666666667,1.9333333333333333,0.0,0.3590733333333333,2.3333333333333335,13.333333333333334,0.3446733333333334,2.3333333333333335,60.0,0.09777333333333332,3.066666666666667,0.0,0.39728,4.0,0.0,0.5139733333333333,3.2666666666666666,0.0,0.3429066666666667,4.4,0.0,0.35753333333333337,4.133333333333334,53.333333333333336,0.08948666666666666,6.133333333333334,152.11,0.91,0.91
mean_0.75,4,0.75,0.15,beta,none,100.0,0.0,2.2,53.333333333333336,0.25998666666666664,1.9333333333333333,80.0,0.06593333333333333,2.3333333333333335,80.0,0.08106,2.3333333333333335,100.0,0.0,3.0,100.0,0.0,4.066666666666666,13.333333333333334,0.25046,3.2666666666666666,73.33333333333333,0.04134,4.666666666666667,80.0,0.031019999999999995,4.266666666666667,100.0,0.0,6.133333333333334,0.0,0.4554266666666667,2.2,6.666666666666667,0.5298200000000001,1.9333333333333333,13.333333333333334,0.3334933333333333,2.3333333333333335,20.0,0.36856000000000005,2.3333333333333335,60.0,0.10675333333333331,3.0,0.0,0.4381066666666666,4.066666666666666,0.0,0.5213333333333333,3.2666666666666666,0.0,0.32252,4.666666666666667,0.0,0.35728666666666664,4.266666666666667,40.0,0.11806666666666668,6.133333333333334,151.35,0.913,0.913
mean_0.75,5,0.75,0.15,beta,none,100.0,0.0,2.2,60.0,0.23771333333333333,1.9333333333333333,93.33333333333333,0.03199333333333333,2.3333333333333335,93.33333333333333,0.04703333333333334,2.3333333333333335,93.33333333333333,0.010239999999999999,3.066666666666667,100.0,0.0,4.0,13.333333333333334,0.22813333333333338,3.2666666666666666,93.33333333333333,0.012779999999999998,4.666666666666667,86.66666666666667,0.025546666666666662,4.2,100.0,0.0,6.133333333333334,6.666666666666667,0.4533333333333333,2.2,0.0,0.5254266666666667,1.9333333333333333,13.333333333333334,0.33178,2.3333333333333335,6.666666666666667,0.3685733333333333,2.3333333333333335,66.66666666666666,0.10709333333333333,3.066666666666667,0.0,0.44373333333333337,4.0,0.0,0.5204466666666667,3.2666666666666666,0.0,0.33042666666666665,4.666666666666667,0.0,0.35070666666666656,4.2,40.0,0.0854,6.133333333333334,151.18,0.908,0.908
mean_0.75,6,0.75,0.15,beta,none,100.0,0.0,2.066666666666667,46.666666666666664,0.22835999999999998,1.9333333333333333,80.0,0.035519999999999996,2.3333333333333335,86.66666666666667,0.02866,2.3333333333333335,100.0,0.0,3.066666666666667,100.0,0.0,4.066666666666666,20.0,0.23265333333333338,3.2666666666666666,80.0,0.024813333333333337,4.466666666666667,80.0,0.03321333333333333,4.133333333333334,100.0,0.0,6.133333333333334,13.333333333333334,0.4433933333333334,2.066666666666667,6.666666666666667,0.47693333333333343,1.9333333333333333,13.333333333333334,0.31106,2.3333333333333335,20.0,0.3149466666666667,2.3333333333333335,80.0,0.05158,3.066666666666667,0.0,0.4129333333333333,4.066666666666666,0.0,0.4785466666666666,3.2666666666666666,13.333333333333334,0.2991466666666667,4.466666666666667,0.0,0.3193533333333333,4.133333333333334,53.333333333333336,0.07096666666666668,6.133333333333334,152.18,0.913,0.913
mean_0.75,7,0.75,0.15,beta,none,100.0,0.0,2.2,53.333333333333336,0.24283333333333335,1.9333333333333333,93.33333333333333,0.03391333333333334,2.3333333333333335,86.66666666666667,0.05399333333333333,2.3333333333333335,100.0,0.0,3.066666666666667,100.0,0.0,4.0,6.666666666666667,0.25841333333333333,3.2666666666666666,86.66666666666667,0.02945333333333333,4.466666666666667,73.33333333333333,0.02938666666666667,4.133333333333334,100.0,0.0,6.133333333333334,13.333333333333334,0.43744666666666665,2.2,0.0,0.5261333333333333,1.9333333333333333,26.666666666666668,0.27926666666666666,2.3333333333333335,13.333333333333334,0.37122000000000005,2.3333333333333335,66.66666666666666,0.11369333333333334,3.066666666666667,0.0,0.4305666666666666,4.0,0.0,0.51702,3.2666666666666666,6.666666666666667,0.32159333333333334,4.466666666666667,0.0,0.3571466666666666,4.133333333333334,60.0,0.08031333333333333,6.133333333333334,151.84,0.912,0.912
mean_0.75,8,0.75,0.15,beta,none,100.0,0.0,2.1333333333333333,60.0,0.26672000000000007,1.9333333333333333,80.0,0.06684,2.3333333333333335,93.33333333333333,0.06278666666666667,2.3333333333333335,100.0,0.0,3.066666666666667,100.0,0.0,3.933333333333333,13.333333333333334,0.27053999999999995,3.2666666666666666,86.66666666666667,0.02933333333333333,4.666666666666667,66.66666666666666,0.05926000000000001,4.2,100.0,0.0,6.133333333333334,0.0,0.43007333333333336,2.1333333333333333,6.666666666666667,0.5187066666666665,1.9333333333333333,6.666666666666667,0.3264533333333334,2.3333333333333335,13.333333333333334,0.3467000000000001,2.3333333333333335,73.33333333333333,0.08453333333333332,3.066666666666667,0.0,0.41714666666666667,3.933333333333333,0.0,0.51178,3.2666666666666666,0.0,0.311,4.666666666666667,0.0,0.34334666666666663,4.2,46.666666666666664,0.08970000000000002,6.133333333333334,151.04,0.908,0.908
mean_0.75,9,0.75,0.15,beta,none,100.0,0.0,2.066666666666667,66.66666666666666,0.24445999999999998,1.9333333333333333,93.33333333333333,0.025599999999999998,2.3333333333333335,86.66666666666667,0.0593,2.3333333333333335,100.0,0.0,3.066666666666667,100.0,0.0,3.933333333333333,20.0,0.25286666666666663,3.2666666666666666,93.33333333333333,0.011920000000000002,4.666666666666667,80.0,0.046273333333333326,4.266666666666667,100.0,0.0,6.133333333333334,6.666666666666667,0.44594666666666666,2.066666666666667,6.666666666666667,0.5308733333333333,1.9333333333333333,20.0,0.31906000000000007,2.3333333333333335,26.666666666666668,0.35503333333333337,2.3333333333333335,73.33333333333333,0.10475333333333332,3.066666666666667,0.0,0.43015333333333333,3.933333333333333,0.0,0.5153866666666667,3.2666666666666666,6.666666666666667,0.31702666666666673,4.666666666666667,6.666666666666667,0.3659266666666667,4.266666666666667,46.666666666666664,0.11315333333333336,6.133333333333334,151.41,0.907,0.907
mean_0.8,0,0.8,0.15,beta,none,100.0,0.0,2.2,66.66666666666666,0.22458666666666668,1.9333333333333333,80.0,0.06832666666666667,2.2666666666666666,86.66666666666667,0.055839999999999994,2.2,100.0,0.00318,2.8666666666666667,100.0,0.0,3.8,26.666666666666668,0.22064666666666669,3.2666666666666666,86.66666666666667,0.03605333333333333,4.2,80.0,0.050699999999999995,4.066666666666666,100.0,0.0,5.466666666666667,13.333333333333334,0.3772999999999999,2.2,13.333333333333334,0.46115999999999985,1.9333333333333333,20.0,0.29325333333333325,2.2666666666666666,26.666666666666668,0.3227066666666667,2.2,80.0,0.08284666666666667,2.8666666666666667,0.0,0.40704,3.8,0.0,0.4684266666666667,3.2666666666666666,13.333333333333334,0.30811333333333335,4.2,6.666666666666667,0.3262933333333333,4.066666666666666,33.33333333333333,0.07856666666666667,5.466666666666667,161.26,0.919,0.919
mean_0.8,1,0.8,0.15,beta,none,100.0,0.0,2.066666666666667,66.66666666666666,0.2496066666666667,1.9333333333333333,80.0,0.05838666666666667,2.2666666666666666,80.0,0.07265333333333333,2.2,100.0,0.0,2.8666666666666667,100.0,0.0,3.933333333333333,33.33333333333333,0.21911999999999995,3.2666666666666666,80.0,0.03517333333333334,4.2,73.33333333333333,0.0542,4.066666666666666,100.0,0.0,5.466666666666667,6.666666666666667,0.45031999999999994,2.066666666666667,13.333333333333334,0.5070866666666666,1.9333333333333333,6.666666666666667,0.33216,2.2666666666666666,20.0,0.37301999999999996,2.2,66.66666666666666,0.14353333333333335,2.8666666666666667,0.0,0.42606000000000005,3.933333333333333,0.0,0.49156000000000005,3.2666666666666666,6.666666666666667,0.32577999999999996,4.2,0.0,0.36086,4.066666666666666,33.33333333333333,0.11914666666666668,5.466666666666667,161.4,0.918,0.918
mean_0.8,2,0.8,0.15,beta,none,100.0,0.0,2.066666666666667,73.33333333333333,0.18484,1.9333333333333333,86.66666666666667,0.026459999999999997,2.2666666666666666,93.33333333333333,0.036413333333333325,2.2,100.0,0.0,2.8666666666666667,100.0,0.0,3.8666666666666667,33.33333333333333,0.18878000000000003,3.2666666666666666,93.33333333333333,0.015186666666666664,4.2,93.33333333333333,0.02356666666666667,4.066666666666666,100.0,0.0,5.466666666666667,13.333333333333334,0.39932666666666666,2.066666666666667,13.333333333333334,0.48728666666666665,1.9333333333333333,33.33333333333333,0.28422666666666657,2.2666666666666666,26.666666666666668,0.3528599999999999,2.2,80.0,0.11532000000000003,2.8666666666666667,0.0,0.4108933333333334,3.8666666666666667,0.0,0.47616,3.2666666666666666,0.0,0.30852,4.2,0.0,0.3385600000000001,4.066666666666666,46.666666666666664,0.08884,5.466666666666667,161.82,0.92,0.92
mean_0.8,3,0.8,0.15,beta,none,100.0,0.0,2.0,86.66666666666667,0.14455333333333337,1.9333333333333333,93.33333333333333,0.03206666666666667,2.2666666666666666,100.0,0.030693333333333336,2.2666666666666666,100.0,0.0,2.8666666666666667,100.0,0.0,3.8666666666666667,40.0,0.1798,3.2666666666666666,86.66666666666667,0.02700666666666667,4.2,93.33333333333333,0.028326666666666667,4.066666666666666,100.0,0.0,5.466666666666667,0.0,0.42642,2.0,13.333333333333334,0.47230666666666676,1.9333333333333333,6.666666666666667,0.348,2.2666666666666666,26.666666666666668,0.34337999999999996,2.2666666666666666,66.66666666666666,0.09472666666666667,2.8666666666666667,0.0,0.43029333333333336,3.8666666666666667,0.0,0.48000000000000004,3.2666666666666666,0.0,0.3427466666666666,4.2,0.0,0.35772666666666664,4.066666666666666,26.666666666666668,0.10872000000000001,5.466666666666667,161.51,0.918,0.918
mean_0.8,4,0.8,0.15,beta,none,100.0,0.0,2.0,80.0,0.16014,1.9333333333333333,93.33333333333333,0.015146666666666668,2.2666666666666666,93.33333333333333,0.0245,2.2,100.0,0.0,2.8666666666666667,100.0,0.0,3.6666666666666665,33.33333333333333,0.16062666666666667,3.2666666666666666,100.0,0.006926666666666667,4.2,93.33333333333333,0.01994,4.066666666666666,100.0,0.0,5.466666666666667,6.666666666666667,0.44902000000000003,2.0,13.333333333333334,0.49446666666666667,1.9333333333333333,13.333333333333334,0.32554,2.2666666666666666,26.666666666666668,0.36357333333333336,2.2,66.66666666666666,0.11832000000000001,2.8666666666666667,0.0,0.45397999999999994,3.6666666666666665,0.0,0.48717333333333335,3.2666666666666666,0.0,0.3260933333333334,4.2,0.0,0.35436666666666666,4.066666666666666,13.333333333333334,0.14764,5.466666666666667,161.2,0.919,0.919
mean_0.8,5,0.8,0.15,beta,none,100.0,0.0,2.1333333333333333,73.33333333333333,0.20842666666666668,1.9333333333333333,80.0,0.08563333333333333,2.2666666666666666,86.66666666666667,0.054086666666666665,2.2,100.0,0.0,2.8666666666666667,100.0,0.0,4.0,6.666666666666667,0.22687333333333332,3.2666666666666666,80.0,0.05327333333333333,4.2,73.33333333333333,0.07055333333333333,4.066666666666666,100.0,0.0,5.466666666666667,6.666666666666667,0.45098,2.1333333333333333,6.666666666666667,0.4937666666666667,1.9333333333333333,20.0,0.3293933333333333,2.2666666666666666,20.0,0.36043333333333333,2.2,60.0,0.13838000000000003,2.8666666666666667,0.0,0.44238,4.0,0.0,0.4878466666666667,3.2666666666666666,0.0,0.3178133333333333,4.2,0.0,0.35131999999999997,4.066666666666666,40.0,0.10867333333333334,5.466666666666667,161.6,0.918,0.918
mean_0.8,6,0.8,0.15,beta,none,100.0,0.0,2.066666666666667,86.66666666666667,0.12854,1.9333333333333333,93.33333333333333,0.024573333333333332,2.2666666666666666,100.0,0.015133333333333332,2.2,100.0,0.0,2.8666666666666667,100.0,0.0,3.6666666666666665,40.0,0.14943999999999996,3.2666666666666666,100.0,0.0059,4.2,86.66666666666667,0.022119999999999997,4.0,100.0,0.0,5.466666666666667,13.333333333333334,0.4305666666666666,2.066666666666667,20.0,0.44636000000000003,1.9333333333333333,33.33333333333333,0.31473333333333336,2.2666666666666666,33.33333333333333,0.3134066666666667,2.2,86.66666666666667,0.06497333333333333,2.8666666666666667,0.0,0.4124666666666667,3.6666666666666665,0.0,0.44881999999999994,3.2666666666666666,0.0,0.2922866666666667,4.2,0.0,0.31903333333333334,4.0,53.333333333333336,0.07202000000000001,5.466666666666667,161.73,0.919,0.919
mean_0.8,7,0.8,0.15,beta,none,100.0,0.0,2.1333333333333333,66.66666666666666,0.18798666666666666,1.9333333333333333,86.66666666666667,0.05499333333333333,2.2666666666666666,86.66666666666667,0.03357333333333333,2.2,100.0,0.0,2.8666666666666667,100.0,0.0,4.0,20.0,0.20615333333333336,3.2666666666666666,93.33333333333333,0.0326,4.2,73.33333333333333,0.03387333333333333,4.066666666666666,100.0,0.0,5.466666666666667,6.666666666666667,0.4290333333333333,2.1333333333333333,0.0,0.4972733333333333,1.9333333333333333,26.666666666666668,0.28696,2.2666666666666666,13.333333333333334,0.38164000000000003,2.2,46.666666666666664,0.13760666666666665,2.8666666666666667,0.0,0.4171266666666667,4.0,0.0,0.48697999999999997,3.2666666666666666,13.333333333333334,0.31970000000000004,4.2,0.0,0.3576933333333333,4.066666666666666,46.666666666666664,0.10197999999999999,5.466666666666667,161.9,0.919,0.919
mean_0.8,8,0.8,0.15,beta,none,100.0,0.0,2.066666666666667,73.33333333333333,0.19180666666666665,1.9333333333333333,93.33333333333333,0.04169333333333333,2.2666666666666666,100.0,0.027806666666666667,2.2,100.0,0.0,2.8666666666666667,100.0,0.0,3.7333333333333334,33.33333333333333,0.17070666666666667,3.2666666666666666,93.33333333333333,0.01968,4.2,100.0,0.009319999999999998,4.066666666666666,100.0,0.0,5.466666666666667,6.666666666666667,0.4151533333333334,2.066666666666667,13.333333333333334,0.48334666666666665,1.9333333333333333,13.333333333333334,0.33318666666666663,2.2666666666666666,20.0,0.3556266666666667,2.2,73.33333333333333,0.09758000000000001,2.8666666666666667,0.0,0.42494,3.7333333333333334,0.0,0.47847333333333336,3.2666666666666666,6.666666666666667,0.3136533333333333,4.2,6.666666666666667,0.3488866666666667,4.066666666666666,33.33333333333333,0.10491333333333334,5.466666666666667,161.86,0.917,0.917
mean_0.8,9,0.8,0.15,beta,none,100.0,0.0,2.1333333333333333,66.66666666666666,0.18952,1.9333333333333333,93.33333333333333,0.024833333333333332,2.2666666666666666,86.66666666666667,0.046239999999999996,2.2,100.0,0.0,2.8666666666666667,100.0,0.0,3.8,26.666666666666668,0.18859333333333334,3.2666666666666666,93.33333333333333,0.023126666666666667,4.2,93.33333333333333,0.01762,4.066666666666666,100.0,0.0,5.466666666666667,6.666666666666667,0.44270666666666675,2.1333333333333333,6.666666666666667,0.5010666666666667,1.9333333333333333,20.0,0.33040666666666674,2.2666666666666666,20.0,0.37021333333333334,2.2,66.66666666666666,0.11136666666666666,2.8666666666666667,0.0,0.4299200000000001,3.8,0.0,0.48552666666666666,3.2666666666666666,6.666666666666667,0.3181266666666667,4.2,6.666666666666667,0.37074666666666667,4.066666666666666,13.333333333333334,0.13645333333333332,5.466666666666667,161.68,0.918,0.918
std_0.05,0,0.67,0.05,beta,none,100.0,0.0,2.466666666666667,20.0,0.3361466666666667,1.9333333333333333,93.33333333333333,0.016579999999999998,2.7333333333333334,86.66666666666667,0.022886666666666666,2.6,100.0,0.0,2.8666666666666667,100.0,0.0,4.866666666666666,0.0,0.33568000000000003,3.2666666666666666,100.0,0.01938,5.133333333333334,100.0,0.008653333333333334,5.0,100.0,0.0,5.266666666666667,13.333333333333334,0.3613466666666667,2.466666666666667,0.0,0.5584266666666668,1.9333333333333333,26.666666666666668,0.3101266666666666,2.7333333333333334,6.666666666666667,0.33778,2.6,20.0,0.26668000000000003,2.8666666666666667,0.0,0.35788,4.866666666666666,0.0,0.5614733333333334,3.2666666666666666,6.666666666666667,0.31107333333333337,5.133333333333334,0.0,0.34086000000000005,5.0,0.0,0.2660666666666666,5.266666666666667,135.31,0.988,0.988
std_0.05,1,0.67,0.05,beta,none,100.0,0.0,2.6,33.33333333333333,0.31934,1.9333333333333333,93.33333333333333,0.017653333333333333,2.7333333333333334,100.0,0.008320000000000001,2.6,100.0,0.0,2.8,100.0,0.0,4.733333333333333,0.0,0.31874,3.2666666666666666,100.0,0.013946666666666668,5.133333333333334,100.0,0.011433333333333332,5.0,100.0,0.0,5.2,13.333333333333334,0.37863333333333327,2.6,0.0,0.5665733333333333,1.9333333333333333,6.666666666666667,0.32943333333333336,2.7333333333333334,20.0,0.3500266666666666,2.6,20.0,0.2812666666666666,2.8,0.0,0.36596666666666666,4.733333333333333,0.0,0.5665266666666666,3.2666666666666666,6.666666666666667,0.3174466666666667,5.133333333333334,0.0,0.3480799999999999,5.0,0.0,0.27814666666666665,5.2,135.36,0.988,0.988
std_0.05,2,0.67,0.05,beta,none,100.0,0.0,2.466666666666667,46.666666666666664,0.32376,1.9333333333333333,93.33333333333333,0.02749333333333333,2.7333333333333334,100.0,0.013786666666666668,2.6,100.0,0.0,2.8666666666666667,100.0,0.0,4.666666666666667,6.666666666666667,0.3320266666666667,3.2666666666666666,93.33333333333333,0.016806666666666668,5.133333333333334,93.33333333333333,0.01152,5.0,100.0,0.0,5.2,0.0,0.3727866666666667,2.466666666666667,0.0,0.5664866666666666,1.9333333333333333,13.333333333333334,0.31270000000000003,2.7333333333333334,6.666666666666667,0.34681333333333336,2.6,13.333333333333334,0.27547999999999995,2.8666666666666667,0.0,0.36077999999999993,4.666666666666667,0.0,0.5629866666666667,3.2666666666666666,6.666666666666667,0.3176933333333333,5.133333333333334,0.0,0.3419,5.0,0.0,0.26761999999999997,5.2,135.35,0.988,0.988
std_0.05,3,0.67,0.05,beta,none,100.0,0.0,2.4,40.0,0.34561333333333333,1.9333333333333333,93.33333333333333,0.021693333333333335,2.7333333333333334,93.33333333333333,0.024266666666666662,2.6,100.0,0.0,2.8666666666666667,100.0,0.0,4.8,0.0,0.3386666666666666,3.2666666666666666,100.0,0.00864,5.133333333333334,93.33333333333333,0.015173333333333332,5.0,100.0,0.0,5.2,6.666666666666667,0.37636,2.4,0.0,0.5625133333333333,1.9333333333333333,0.0,0.3304733333333333,2.7333333333333334,6.666666666666667,0.33952000000000004,2.6,6.666666666666667,0.2733,2.8666666666666667,0.0,0.36569333333333337,4.8,0.0,0.5656800000000001,3.2666666666666666,6.666666666666667,0.31555999999999995,5.133333333333334,0.0,0.34378,5.0,0.0,0.27374000000000004,5.2,135.33,0.988,0.988
std_0.05,4,0.67,0.05,beta,none,100.0,0.0,2.533333333333333,33.33333333333333,0.3398133333333334,1.9333333333333333,86.66666666666667,0.03720666666666667,2.7333333333333334,100.0,0.015953333333333333,2.6,100.0,0.0,2.8,100.0,0.0,5.0,0.0,0.33808666666666665,3.2666666666666666,100.0,0.02072,5.2,100.0,0.018453333333333332,5.0,100.0,0.0,5.2,6.666666666666667,0.35619333333333336,2.533333333333333,0.0,0.5705799999999999,1.9333333333333333,13.333333333333334,0.32059999999999994,2.7333333333333334,6.666666666666667,0.35024000000000005,2.6,20.0,0.28121333333333337,2.8,0.0,0.3588266666666666,5.0,0.0,0.5666066666666667,3.2666666666666666,6.666666666666667,0.31332,5.2,0.0,0.35266000000000003,5.0,0.0,0.2858266666666667,5.2,135.25,0.988,0.988
std_0.05,5,0.67,0.05,beta,none,100.0,0.0,2.533333333333333,33.33333333333333,0.34458,1.9333333333333333,93.33333333333333,0.02435333333333333,2.7333333333333334,93.33333333333333,0.021326666666666667,2.6,100.0,0.0,2.8666666666666667,100.0,0.0,4.8,0.0,0.33787999999999996,3.2666666666666666,93.33333333333333,0.014213333333333333,5.2,86.66666666666667,0.01390666666666667,5.0,100.0,0.0,5.2,13.333333333333334,0.3683666666666667,2.533333333333333,0.0,0.5624933333333334,1.9333333333333333,13.333333333333334,0.3108,2.7333333333333334,20.0,0.34466666666666673,2.6,26.666666666666668,0.27362,2.8666666666666667,0.0,0.35861333333333334,4.8,0.0,0.5631066666666666,3.2666666666666666,6.666666666666667,0.3126,5.2,0.0,0.3391333333333334,5.0,0.0,0.2697866666666667,5.2,135.1,0.988,0.988
std_0.05,6,0.67,0.05,beta,none,100.0,0.0,2.533333333333333,40.0,0.3306533333333333,1.9333333333333333,93.33333333333333,0.023653333333333335,2.7333333333333334,100.0,0.01454,2.6,100.0,0.0,2.8666666666666667,100.0,0.0,4.866666666666666,0.0,0.3275,3.2666666666666666,100.0,0.010733333333333334,5.133333333333334,93.33333333333333,0.00806,5.0,100.0,0.0,5.2,6.666666666666667,0.3536933333333333,2.533333333333333,0.0,0.5559933333333333,1.9333333333333333,6.666666666666667,0.3133066666666667,2.7333333333333334,6.666666666666667,0.33042000000000005,2.6,13.333333333333334,0.25833333333333336,2.8666666666666667,0.0,0.3555399999999999,4.866666666666666,0.0,0.5553000000000001,3.2666666666666666,6.666666666666667,0.30462666666666666,5.133333333333334,0.0,0.33653333333333335,5.0,0.0,0.26468,5.2,135.25,0.988,0.988
std_0.05,7,0.67,0.05,beta,none,100.0,0.0,2.6,26.666666666666668,0.33672,1.9333333333333333,93.33333333333333,0.02802,2.7333333333333334,93.33333333333333,0.02505333333333333,2.6,100.0,0.0,2.8666666666666667,100.0,0.0,4.8,0.0,0.33230000000000004,3.2666666666666666,93.33333333333333,0.02168666666666667,5.133333333333334,93.33333333333333,0.012533333333333334,5.0,100.0,0.0,5.2,6.666666666666667,0.36888,2.6,0.0,0.5656266666666667,1.9333333333333333,20.0,0.2988800000000001,2.7333333333333334,6.666666666666667,0.34842666666666666,2.6,20.0,0.2776133333333333,2.8666666666666667,0.0,0.3590933333333333,4.8,0.0,0.5633933333333334,3.2666666666666666,6.666666666666667,0.3143866666666667,5.133333333333334,0.0,0.34372666666666674,5.0,0.0,0.27046,5.2,135.41,0.988,0.988
std_0.05,8,0.67,0.05,beta,none,100.0,0.0,2.533333333333333,40.0,0.3303266666666667,1.9333333333333333,93.33333333333333,0.02518,2.7333333333333334,93.33333333333333,0.02444666666666667,2.6,100.0,0.0,2.8666666666666667,100.0,0.0,5.0,0.0,0.3274266666666667,3.2666666666666666,100.0,0.01444,5.133333333333334,93.33333333333333,0.012946666666666667,5.0,100.0,0.0,5.2,6.666666666666667,0.37198666666666663,2.533333333333333,0.0,0.5706,1.9333333333333333,13.333333333333334,0.31906666666666667,2.7333333333333334,6.666666666666667,0.34818666666666664,2.6,13.333333333333334,0.2738666666666667,2.8666666666666667,0.0,0.3568733333333333,5.0,0.0,0.5662933333333334,3.2666666666666666,6.666666666666667,0.31658,5.133333333333334,0.0,0.34597999999999995,5.0,0.0,0.27534,5.2,135.13,0.988,0.988
std_0.05,9,0.67,0.05,beta,none,100.0,0.0,2.533333333333333,40.0,0.32358,1.9333333333333333,93.33333333333333,0.02817333333333333,2.7333333333333334,100.0,0.016926666666666666,2.6,100.0,7.999999999999999e-05,2.8666666666666667,100.0,0.0,4.866666666666666,0.0,0.33322666666666667,3.2666666666666666,100.0,0.015826666666666666,5.133333333333334,100.0,0.0152,5.0,100.0,0.0,5.2,6.666666666666667,0.3649866666666667,2.533333333333333,0.0,0.5714799999999999,1.9333333333333333,13.333333333333334,0.30765333333333333,2.7333333333333334,6.666666666666667,0.34678000000000003,2.6,13.333333333333334,0.2695333333333333,2.8666666666666667,0.0,0.3608133333333334,4.866666666666666,0.0,0.5635333333333333,3.2666666666666666,6.666666666666667,0.3131466666666667,5.133333333333334,0.0,0.3486133333333334,5.0,0.0,0.2754066666666667,5.2,135.44,0.988,0.988
std_0.1,0,0.67,0.1,beta,none,100.0,0.0,2.466666666666667,46.666666666666664,0.34844,1.9333333333333333,93.33333333333333,0.039066666666666666,2.7333333333333334,93.33333333333333,0.04664666666666666,2.6,100.0,0.006146666666666667,3.1333333333333333,100.0,0.0,4.666666666666667,0.0,0.34525999999999996,3.2666666666666666,86.66666666666667,0.02814666666666666,5.2,73.33333333333333,0.042806666666666666,5.0,100.0,0.0,6.133333333333334,6.666666666666667,0.39254666666666665,2.466666666666667,0.0,0.5539266666666667,1.9333333333333333,26.666666666666668,0.3061533333333334,2.7333333333333334,20.0,0.32834666666666673,2.6,60.0,0.16907999999999995,3.1333333333333333,0.0,0.38193333333333335,4.666666666666667,0.0,0.5597666666666665,3.2666666666666666,6.666666666666667,0.31051333333333336,5.2,0.0,0.33454666666666666,5.0,13.333333333333334,0.17600000000000002,6.133333333333334,135.12,0.951,0.951
std_0.1,1,0.67,0.1,beta,none,100.0,0.0,2.3333333333333335,33.33333333333333,0.3482933333333334,1.9333333333333333,100.0,0.03440666666666667,2.7333333333333334,100.0,0.028459999999999996,2.6,100.0,0.0,3.066666666666667,100.0,0.0,4.666666666666667,0.0,0.33512,3.2666666666666666,100.0,0.01916666666666667,5.133333333333334,93.33333333333333,0.031713333333333336,5.0,100.0,0.0,6.133333333333334,6.666666666666667,0.40303999999999995,2.3333333333333335,0.0,0.5700266666666667,1.9333333333333333,6.666666666666667,0.34329333333333334,2.7333333333333334,20.0,0.3526666666666667,2.6,33.33333333333333,0.19466,3.066666666666667,0.0,0.39199333333333336,4.666666666666667,0.0,0.5701933333333334,3.2666666666666666,6.666666666666667,0.31884000000000007,5.133333333333334,0.0,0.34924666666666665,5.0,6.666666666666667,0.18840666666666667,6.133333333333334,135.27,0.954,0.954
std_0.1,2,0.67,0.1,beta,none,100.0,0.0,2.4,46.666666666666664,0.29958,1.9333333333333333,86.66666666666667,0.038293333333333325,2.6666666666666665,93.33333333333333,0.02189333333333333,2.6,100.0,0.0,3.066666666666667,100.0,0.0,4.533333333333333,13.333333333333334,0.31334,3.2666666666666666,100.0,0.022453333333333332,5.133333333333334,93.33333333333333,0.024360000000000003,5.0,100.0,0.0,6.133333333333334,6.666666666666667,0.4117266666666667,2.4,0.0,0.5707266666666667,1.9333333333333333,6.666666666666667,0.30883333333333335,2.6666666666666665,6.666666666666667,0.3510133333333333,2.6,33.33333333333333,0.18924,3.066666666666667,0.0,0.40673333333333334,4.533333333333333,0.0,0.5633866666666666,3.2666666666666666,6.666666666666667,0.32303999999999994,5.133333333333334,0.0,0.3405933333333333,5.0,13.333333333333334,0.17901999999999996,6.133333333333334,135.7,0.953,0.953
std_0.1,3,0.67,0.1,beta,none,100.0,0.0,2.466666666666667,33.33333333333333,0.35292,1.9333333333333333,93.33333333333333,0.030459999999999997,2.7333333333333334,100.0,0.04008,2.6,100.0,0.0,3.066666666666667,100.0,0.0,4.733333333333333,0.0,0.35472,3.2666666666666666,100.0,0.023606666666666665,5.2,100.0,0.02688,5.0,100.0,0.0,6.133333333333334,6.666666666666667,0.40235333333333334,2.466666666666667,0.0,0.5612466666666668,1.9333333333333333,0.0,0.35025999999999996,2.7333333333333334,13.333333333333334,0.33259333333333335,2.6,33.33333333333333,0.18485333333333334,3.066666666666667,0.0,0.3904333333333333,4.733333333333333,0.0,0.5656266666666667,3.2666666666666666,0.0,0.32243333333333335,5.2,0.0,0.3440666666666666,5.0,6.666666666666667,0.1848666666666667,6.133333333333334,135.27,0.952,0.952
std_0.1,4,0.67,0.1,beta,none,100.0,0.0,2.3333333333333335,53.333333333333336,0.3534466666666667,1.9333333333333333,93.33333333333333,0.03475333333333334,2.7333333333333334,100.0,0.04243333333333333,2.6,100.0,0.0,3.066666666666667,100.0,0.0,4.533333333333333,6.666666666666667,0.33669333333333323,3.2666666666666666,93.33333333333333,0.016546666666666668,5.2,93.33333333333333,0.03882,4.933333333333334,100.0,0.0,6.133333333333334,6.666666666666667,0.42422000000000004,2.3333333333333335,0.0,0.5781066666666667,1.9333333333333333,13.333333333333334,0.33597333333333335,2.7333333333333334,6.666666666666667,0.3634866666666667,2.6,33.33333333333333,0.19764666666666666,3.066666666666667,0.0,0.41739999999999994,4.533333333333333,0.0,0.5707000000000001,3.2666666666666666,6.666666666666667,0.31972,5.2,0.0,0.36755333333333334,4.933333333333334,13.333333333333334,0.20393333333333336,6.133333333333334,135.59,0.955,0.955
std_0.1,5,0.67,0.1,beta,none,100.0,0.0,2.4,40.0,0.32321333333333335,1.9333333333333333,86.66666666666667,0.034666666666666665,2.7333333333333334,86.66666666666667,0.041813333333333334,2.6,93.33333333333333,0.00228,3.066666666666667,100.0,0.0,4.6,0.0,0.3251666666666667,3.2666666666666666,86.66666666666667,0.0182,5.2,86.66666666666667,0.029893333333333334,5.0,100.0,0.0,6.133333333333334,6.666666666666667,0.40056666666666657,2.4,0.0,0.5688600000000001,1.9333333333333333,6.666666666666667,0.31788666666666665,2.7333333333333334,20.0,0.36158666666666667,2.6,40.0,0.18978666666666666,3.066666666666667,0.0,0.3932866666666666,4.6,0.0,0.5675866666666667,3.2666666666666666,6.666666666666667,0.3240333333333333,5.2,0.0,0.34567333333333333,5.0,6.666666666666667,0.18166666666666667,6.133333333333334,135.53,0.953,0.953
std_0.1,6,0.67,0.1,beta,none,100.0,0.0,2.3333333333333335,53.333333333333336,0.32848666666666665,1.9333333333333333,93.33333333333333,0.026313333333333334,2.7333333333333334,93.33333333333333,0.03582,2.6,100.0,0.0,3.1333333333333333,100.0,0.0,4.533333333333333,0.0,0.3384933333333333,3.2666666666666666,93.33333333333333,0.021666666666666667,5.133333333333334,93.33333333333333,0.01904,5.0,100.0,0.0,6.133333333333334,0.0,0.3996666666666667,2.3333333333333335,0.0,0.5480400000000001,1.9333333333333333,6.666666666666667,0.31518,2.7333333333333334,13.333333333333334,0.3150199999999999,2.6,46.666666666666664,0.14912666666666666,3.1333333333333333,0.0,0.39362,4.533333333333333,0.0,0.5469666666666667,3.2666666666666666,0.0,0.29685333333333336,5.133333333333334,0.0,0.3280933333333333,5.0,6.666666666666667,0.16262666666666667,6.133333333333334,135.15,0.953,0.953
std_0.1,7,0.67,0.1,beta,none,100.0,0.0,2.466666666666667,40.0,0.35884,1.9333333333333333,93.33333333333333,0.027753333333333335,2.7333333333333334,93.33333333333333,0.057593333333333344,2.6,100.0,0.011973333333333334,3.066666666666667,100.0,0.0,4.6,0.0,0.3460533333333334,3.2666666666666666,86.66666666666667,0.0233,5.2,80.0,0.04481333333333333,5.0,100.0,0.0005533333333333333,6.133333333333334,13.333333333333334,0.3968933333333334,2.466666666666667,0.0,0.5707333333333334,1.9333333333333333,26.666666666666668,0.28541999999999995,2.7333333333333334,13.333333333333334,0.35304,2.6,53.333333333333336,0.1907066666666667,3.066666666666667,0.0,0.3946266666666666,4.6,0.0,0.5654199999999999,3.2666666666666666,6.666666666666667,0.3145266666666667,5.2,0.0,0.3420466666666667,5.0,6.666666666666667,0.17453333333333335,6.133333333333334,135.56,0.953,0.953
std_0.1,8,0.67,0.1,beta,none,100.0,0.0,2.3333333333333335,46.666666666666664,0.3118266666666667,1.9333333333333333,100.0,0.022793333333333336,2.7333333333333334,93.33333333333333,0.026546666666666666,2.6,100.0,0.0,3.066666666666667,100.0,0.0,4.533333333333333,0.0,0.31574,3.2666666666666666,100.0,0.01512,5.133333333333334,93.33333333333333,0.014680000000000002,5.0,100.0,0.0,6.133333333333334,6.666666666666667,0.43639999999999995,2.3333333333333335,0.0,0.578,1.9333333333333333,13.333333333333334,0.3298,2.7333333333333334,6.666666666666667,0.35291333333333336,2.6,33.33333333333333,0.18475999999999998,3.066666666666667,0.0,0.41031333333333336,4.533333333333333,0.0,0.56958,3.2666666666666666,6.666666666666667,0.32216000000000006,5.133333333333334,0.0,0.34862000000000004,5.0,6.666666666666667,0.18758666666666668,6.133333333333334,134.92,0.952,0.952
std_0.1,9,0.67,0.1,beta,none,100.0,0.0,2.4,33.33333333333333,0.3496533333333333,1.9333333333333333,86.66666666666667,0.05443333333333333,2.7333333333333334,86.66666666666667,0.047413333333333335,2.6,93.33333333333333,0.01152,3.1333333333333333,100.0,0.0,4.4,0.0,0.34884000000000004,3.2666666666666666,93.33333333333333,0.021006666666666667,5.133333333333334,100.0,0.030246666666666665,5.0,100.0,0.0,6.133333333333334,6.666666666666667,0.4250866666666668,2.4,0.0,0.5812333333333334,1.9333333333333333,20.0,0.3084066666666667,2.7333333333333334,13.333333333333334,0.35259333333333337,2.6,46.666666666666664,0.17979333333333336,3.1333333333333333,0.0,0.40659333333333336,4.4,0.0,0.56574,3.2666666666666666,6.666666666666667,0.31118,5.133333333333334,0.0,0.35624,5.0,13.333333333333334,0.18012666666666666,6.133333333333334,135.31,0.952,0.952
std_0.2,0,0.67,0.2,beta,none,100.0,0.0,2.2,46.666666666666664,0.34965999999999997,1.9333333333333333,80.0,0.05700000000000001,2.6666666666666665,73.33333333333333,0.09116,2.6,100.0,0.0,4.2,100.0,0.0,4.133333333333334,13.333333333333334,0.3287333333333333,3.2666666666666666,73.33333333333333,0.06626666666666665,5.133333333333334,73.33333333333333,0.07564666666666665,5.0,100.0,0.0,8.866666666666667,0.0,0.5056800000000001,2.2,6.666666666666667,0.54248,1.9333333333333333,33.33333333333333,0.29511333333333334,2.6666666666666665,26.666666666666668,0.31392000000000003,2.6,93.33333333333333,0.0078066666666666675,4.2,0.0,0.4674333333333334,4.133333333333334,0.0,0.5532333333333334,3.2666666666666666,6.666666666666667,0.31367999999999996,5.133333333333334,0.0,0.32514000000000004,5.0,100.0,0.0017533333333333333,8.866666666666667,135.06,0.813,0.813
std_0.2,1,0.67,0.2,beta,none,100.0,0.0,2.066666666666667,60.0,0.2658666666666667,1.9333333333333333,80.0,0.060919999999999995,2.7333333333333334,93.33333333333333,0.041273333333333335,2.6,100.0,0.0,4.133333333333334,100.0,0.0,4.2,20.0,0.2779066666666667,3.2666666666666666,73.33333333333333,0.05094,5.2,80.0,0.052673333333333336,5.0,100.0,0.0,8.733333333333333,0.0,0.48241333333333336,2.066666666666667,0.0,0.5985933333333335,1.9333333333333333,6.666666666666667,0.3760266666666666,2.7333333333333334,6.666666666666667,0.38869333333333334,2.6,86.66666666666667,0.04977333333333334,4.133333333333334,0.0,0.46985333333333323,4.2,0.0,0.5923466666666666,3.2666666666666666,6.666666666666667,0.3354533333333334,5.2,0.0,0.37112,5.0,86.66666666666667,0.018613333333333332,8.733333333333333,134.91,0.813,0.813
std_0.2,2,0.67,0.2,beta,none,100.0,0.0,2.2,66.66666666666666,0.3176266666666667,1.9333333333333333,86.66666666666667,0.05108666666666666,2.6666666666666665,86.66666666666667,0.054506666666666675,2.533333333333333,100.0,0.0,4.133333333333334,100.0,0.0,4.133333333333334,13.333333333333334,0.33508,3.2666666666666666,93.33333333333333,0.031106666666666668,5.066666666666666,73.33333333333333,0.04680666666666666,4.866666666666666,100.0,0.0,8.733333333333333,0.0,0.509,2.2,0.0,0.5774866666666667,1.9333333333333333,13.333333333333334,0.29356666666666664,2.6666666666666665,6.666666666666667,0.3680133333333334,2.533333333333333,93.33333333333333,0.008846666666666666,4.133333333333334,0.0,0.47142000000000006,4.133333333333334,0.0,0.5622533333333333,3.2666666666666666,0.0,0.3210266666666667,5.066666666666666,0.0,0.33780666666666664,4.866666666666666,93.33333333333333,0.0035066666666666666,8.733333333333333,135.69,0.822,0.822
std_0.2,3,0.67,0.2,beta,none,100.0,0.0,2.2666666666666666,40.0,0.40051333333333333,1.9333333333333333,86.66666666666667,0.03478666666666667,2.7333333333333334,73.33333333333333,0.12396666666666668,2.6,100.0,0.0,4.133333333333334,100.0,0.0,4.2,6.666666666666667,0.3628533333333333,3.2666666666666666,86.66666666666667,0.029206666666666662,5.2,73.33333333333333,0.06838666666666665,5.0,100.0,0.0,8.733333333333333,0.0,0.5129266666666668,2.2666666666666666,6.666666666666667,0.5540866666666667,1.9333333333333333,6.666666666666667,0.3784133333333334,2.7333333333333334,26.666666666666668,0.31151999999999996,2.6,86.66666666666667,0.021813333333333334,4.133333333333334,0.0,0.5210199999999999,4.2,0.0,0.5625199999999999,3.2666666666666666,0.0,0.3301666666666667,5.2,0.0,0.3392466666666667,5.0,93.33333333333333,0.01176,8.733333333333333,134.84,0.809,0.809
std_0.2,4,0.67,0.2,beta,none,100.0,0.0,2.2,40.0,0.37371333333333323,1.9333333333333333,86.66666666666667,0.06374666666666666,2.7333333333333334,73.33333333333333,0.12670666666666666,2.6,100.0,0.0,4.133333333333334,100.0,0.0,4.133333333333334,6.666666666666667,0.38852666666666663,3.2666666666666666,73.33333333333333,0.06076,5.2,60.0,0.08673333333333333,5.0,100.0,0.0,8.733333333333333,0.0,0.5481933333333334,2.2,0.0,0.5893933333333333,1.9333333333333333,20.0,0.3499999999999999,2.7333333333333334,13.333333333333334,0.36556,2.6,86.66666666666667,0.035513333333333334,4.133333333333334,0.0,0.49463333333333337,4.133333333333334,0.0,0.5771133333333333,3.2666666666666666,0.0,0.31215333333333334,5.2,0.0,0.3882,5.0,86.66666666666667,0.006753333333333334,8.733333333333333,134.95,0.818,0.818
std_0.2,5,0.67,0.2,beta,none,100.0,0.0,2.2,60.0,0.2558133333333334,1.9333333333333333,86.66666666666667,0.06748,2.6666666666666665,100.0,0.016006666666666666,2.6,100.0,0.0,4.133333333333334,100.0,0.0,4.133333333333334,0.0,0.30107333333333325,3.2666666666666666,80.0,0.032826666666666664,5.2,73.33333333333333,0.053939999999999995,5.0,100.0,0.0,8.733333333333333,0.0,0.47684,2.2,0.0,0.5657133333333333,1.9333333333333333,6.666666666666667,0.3209266666666667,2.6666666666666665,20.0,0.37135333333333337,2.6,86.66666666666667,0.027286666666666667,4.133333333333334,0.0,0.4656399999999999,4.133333333333334,0.0,0.5653266666666666,3.2666666666666666,6.666666666666667,0.32828666666666667,5.2,6.666666666666667,0.34451333333333334,5.0,93.33333333333333,0.007093333333333333,8.733333333333333,136.15,0.821,0.821
std_0.2,6,0.67,0.2,beta,none,100.0,0.0,2.2666666666666666,40.0,0.29514666666666667,1.9333333333333333,80.0,0.11678666666666666,2.6666666666666665,86.66666666666667,0.06986666666666667,2.6,100.0,0.0,4.133333333333334,100.0,0.0,4.066666666666666,6.666666666666667,0.2998133333333334,3.2666666666666666,73.33333333333333,0.049126666666666666,5.0,80.0,0.04436,4.933333333333334,100.0,0.0,8.8,6.666666666666667,0.4660733333333333,2.2666666666666666,0.0,0.5234599999999999,1.9333333333333333,33.33333333333333,0.31686000000000003,2.6666666666666665,20.0,0.29363999999999996,2.6,93.33333333333333,0.01264,4.133333333333334,0.0,0.46412000000000003,4.066666666666666,0.0,0.52512,3.2666666666666666,0.0,0.29146,5.0,0.0,0.31032000000000004,4.933333333333334,100.0,0.0015000000000000002,8.8,135.49,0.815,0.815
std_0.2,7,0.67,0.2,beta,none,100.0,0.0,2.1333333333333333,40.0,0.35772666666666664,1.9333333333333333,80.0,0.11052666666666666,2.7333333333333334,73.33333333333333,0.10224666666666667,2.6,100.0,0.0,4.2,100.0,0.0,4.333333333333333,0.0,0.3438133333333333,3.2666666666666666,73.33333333333333,0.06828,5.133333333333334,73.33333333333333,0.083,5.0,100.0,0.0,8.8,0.0,0.50448,2.1333333333333333,0.0,0.55482,1.9333333333333333,40.0,0.2639533333333334,2.7333333333333334,20.0,0.3254733333333333,2.6,86.66666666666667,0.027066666666666666,4.2,0.0,0.5341,4.333333333333333,0.0,0.5491533333333333,3.2666666666666666,6.666666666666667,0.2988133333333334,5.133333333333334,0.0,0.32384666666666667,5.0,93.33333333333333,0.003993333333333333,8.8,135.67,0.816,0.816
std_0.2,8,0.67,0.2,beta,none,100.0,0.0,2.2,26.666666666666668,0.3439133333333334,1.9333333333333333,86.66666666666667,0.041093333333333336,2.7333333333333334,73.33333333333333,0.09809999999999999,2.6,100.0,0.0,4.133333333333334,100.0,0.0,4.066666666666666,13.333333333333334,0.3271933333333334,3.2666666666666666,86.66666666666667,0.03016,5.2,73.33333333333333,0.05007333333333333,5.0,100.0,0.0,8.733333333333333,0.0,0.52718,2.2,0.0,0.5742866666666665,1.9333333333333333,13.333333333333334,0.3320333333333334,2.7333333333333334,13.333333333333334,0.34425333333333336,2.6,100.0,0.010146666666666667,4.133333333333334,0.0,0.4890333333333333,4.066666666666666,0.0,0.5644000000000001,3.2666666666666666,6.666666666666667,0.3176133333333333,5.2,0.0,0.3390733333333333,5.0,100.0,0.0,8.733333333333333,135.45,0.812,0.812
std_0.2,9,0.67,0.2,beta,none,100.0,0.0,2.2666666666666666,53.333333333333336,0.3524399999999999,1.9333333333333333,93.33333333333333,0.06856,2.7333333333333334,73.33333333333333,0.11022,2.6,100.0,0.0,4.133333333333334,100.0,0.0,4.2,6.666666666666667,0.35722,3.2666666666666666,93.33333333333333,0.03805999999999999,5.2,80.0,0.06254666666666667,5.0,100.0,0.0,8.8,6.666666666666667,0.5376200000000001,2.2666666666666666,0.0,0.5846066666666666,1.9333333333333333,26.666666666666668,0.30124,2.7333333333333334,13.333333333333334,0.34391333333333335,2.6,73.33333333333333,0.02843333333333333,4.133333333333334,0.0,0.48107333333333335,4.2,0.0,0.5663866666666667,3.2666666666666666,6.666666666666667,0.31387333333333334,5.2,6.666666666666667,0.3620533333333334,5.0,93.33333333333333,0.011479999999999999,8.8,135.53,0.817,0.817
dist_truncnorm,0,0.67,0.15,truncnorm,none,100.0,0.0,2.1333333333333333,26.666666666666668,0.36421333333333333,1.9333333333333333,93.33333333333333,0.042473333333333335,2.7333333333333334,80.0,0.08760666666666667,2.6,100.0,0.0,3.466666666666667,100.0,0.0,4.266666666666667,0.0,0.34374000000000005,3.2666666666666666,80.0,0.021246666666666667,5.2,80.0,0.0352,5.0,100.0,0.0,6.8,0.0,0.49371999999999994,2.1333333333333333,0.0,0.5747533333333333,1.9333333333333333,20.0,0.30293333333333333,2.7333333333333334,20.0,0.34562000000000004,2.6,53.333333333333336,0.10503333333333333,3.466666666666667,0.0,0.4819133333333333,4.266666666666667,0.0,0.5679266666666667,3.2666666666666666,0.0,0.3130533333333334,5.2,0.0,0.3632933333333333,5.0,46.666666666666664,0.10542000000000001,6.8,134.37,0.906,0.906
dist_truncnorm,1,0.67,0.15,truncnorm,none,100.0,0.0,2.3333333333333335,33.33333333333333,0.39128666666666667,1.9333333333333333,80.0,0.03574,2.7333333333333334,86.66666666666667,0.08156,2.6,100.0,0.0,3.533333333333333,100.0,0.0,4.6,0.0,0.36596666666666666,3.2666666666666666,73.33333333333333,0.04919333333333333,5.2,86.66666666666667,0.05622000000000001,5.0,100.0,0.0,6.866666666666666,0.0,0.4464666666666666,2.3333333333333335,0.0,0.5459666666666666,1.9333333333333333,26.666666666666668,0.27836,2.7333333333333334,13.333333333333334,0.3107533333333333,2.6,86.66666666666667,0.06126666666666668,3.533333333333333,0.0,0.4215933333333334,4.6,0.0,0.5480266666666668,3.2666666666666666,6.666666666666667,0.29586666666666667,5.2,0.0,0.31286,5.0,53.333333333333336,0.05807333333333334,6.866666666666666,134.17,0.902,0.902
dist_truncnorm,2,0.67,0.15,truncnorm,none,100.0,0.0,2.4,46.666666666666664,0.34224000000000004,1.9333333333333333,93.33333333333333,0.02094,2.7333333333333334,93.33333333333333,0.030499999999999996,2.6,100.0,0.0,3.533333333333333,100.0,0.0,4.466666666666667,0.0,0.3262,3.2666666666666666,86.66666666666667,0.030073333333333337,5.2,80.0,0.03669333333333334,5.0,100.0,0.0,6.866666666666666,6.666666666666667,0.4358466666666667,2.4,0.0,0.5538266666666666,1.9333333333333333,26.666666666666668,0.27278,2.7333333333333334,20.0,0.3171533333333334,2.6,73.33333333333333,0.08102000000000002,3.533333333333333,0.0,0.4137866666666667,4.466666666666667,0.0,0.55492,3.2666666666666666,6.666666666666667,0.2785933333333333,5.2,0.0,0.31753333333333333,5.0,46.666666666666664,0.06920666666666667,6.866666666666666,133.76,0.902,0.902
dist_truncnorm,3,0.67,0.15,truncnorm,none,100.0,0.0,2.3333333333333335,40.0,0.35952666666666666,1.9333333333333333,93.33333333333333,0.04014666666666667,2.7333333333333334,93.33333333333333,0.05264666666666667,2.6,100.0,0.0,3.466666666666667,100.0,0.0,4.466666666666667,6.666666666666667,0.34738666666666673,3.2666666666666666,86.66666666666667,0.0369,5.2,80.0,0.03678000000000001,5.0,100.0,0.0,6.733333333333333,0.0,0.42776666666666663,2.3333333333333335,0.0,0.5458733333333333,1.9333333333333333,20.0,0.2715533333333333,2.7333333333333334,20.0,0.3168666666666667,2.6,73.33333333333333,0.07265333333333332,3.466666666666667,0.0,0.41697999999999996,4.466666666666667,0.0,0.5461266666666666,3.2666666666666666,0.0,0.28912,5.2,0.0,0.3102933333333333,5.0,46.666666666666664,0.060726666666666665,6.733333333333333,134.1,0.906,0.906
dist_truncnorm,4,0.67,0.15,truncnorm,none,100.0,0.0,2.466666666666667,33.33333333333333,0.34896,1.9333333333333333,93.33333333333333,0.03710666666666666,2.7333333333333334,93.33333333333333,0.05198666666666666,2.6,100.0,0.0,3.466666666666667,100.0,0.0,4.266666666666667,6.666666666666667,0.33962666666666663,3.2666666666666666,86.66666666666667,0.03605333333333333,5.2,86.66666666666667,0.04052,5.0,100.0,0.0,6.8,0.0,0.44252,2.466666666666667,0.0,0.5598533333333333,1.9333333333333333,6.666666666666667,0.32182666666666665,2.7333333333333334,6.666666666666667,0.34210666666666667,2.6,73.33333333333333,0.10693333333333332,3.466666666666667,0.0,0.43157333333333336,4.266666666666667,0.0,0.5727399999999999,3.2666666666666666,6.666666666666667,0.32070666666666675,5.2,0.0,0.3420933333333333,5.0,40.0,0.08914,6.8,134.27,0.905,0.905
dist_truncnorm,5,0.67,0.15,truncnorm,none,100.0,0.0,2.2666666666666666,53.333333333333336,0.29084000000000004,1.9333333333333333,100.0,0.04112000000000001,2.7333333333333334,100.0,0.0323,2.6,100.0,0.0,3.533333333333333,100.0,0.0,4.2,6.666666666666667,0.3168066666666667,3.2666666666666666,86.66666666666667,0.030766666666666668,5.133333333333334,93.33333333333333,0.029053333333333334,5.0,100.0,0.0,6.866666666666666,0.0,0.4897600000000001,2.2666666666666666,0.0,0.5669533333333334,1.9333333333333333,6.666666666666667,0.35174000000000005,2.7333333333333334,13.333333333333334,0.36927333333333334,2.6,53.333333333333336,0.12872,3.533333333333333,0.0,0.46718666666666664,4.2,0.0,0.5836933333333333,3.2666666666666666,0.0,0.34565999999999997,5.133333333333334,0.0,0.38454666666666665,5.0,13.333333333333334,0.13965333333333332,6.866666666666666,134.31,0.904,0.904
dist_truncnorm,6,0.67,0.15,truncnorm,none,100.0,0.0,2.2666666666666666,33.33333333333333,0.3353,1.9333333333333333,86.66666666666667,0.04502,2.7333333333333334,86.66666666666667,0.06012666666666667,2.6,100.0,0.0,3.466666666666667,100.0,0.0,4.533333333333333,6.666666666666667,0.3417333333333333,3.2666666666666666,86.66666666666667,0.028880000000000003,5.133333333333334,80.0,0.05048666666666667,5.0,100.0,0.0,6.733333333333333,0.0,0.4749,2.2666666666666666,0.0,0.5917133333333333,1.9333333333333333,6.666666666666667,0.3372333333333334,2.7333333333333334,6.666666666666667,0.37773333333333337,2.6,46.666666666666664,0.14664000000000002,3.466666666666667,0.0,0.4476933333333334,4.533333333333333,0.0,0.5905533333333332,3.2666666666666666,0.0,0.35206666666666664,5.133333333333334,0.0,0.3670933333333333,5.0,26.666666666666668,0.12104666666666668,6.733333333333333,134.88,0.904,0.904
dist_truncnorm,7,0.67,0.15,truncnorm,none,100.0,0.0,2.3333333333333335,40.0,0.30283999999999994,1.9333333333333333,80.0,0.0447,2.7333333333333334,100.0,0.04316666666666667,2.6,100.0,0.0013533333333333333,3.533333333333333,100.0,0.0,4.466666666666667,6.666666666666667,0.3206333333333333,3.2666666666666666,93.33333333333333,0.011199999999999998,5.133333333333334,86.66666666666667,0.03302666666666666,5.0,100.0,0.0,6.866666666666666,0.0,0.46691333333333335,2.3333333333333335,0.0,0.5676333333333333,1.9333333333333333,13.333333333333334,0.3067866666666667,2.7333333333333334,13.333333333333334,0.3455466666666666,2.6,73.33333333333333,0.07982000000000002,3.533333333333333,0.0,0.4728266666666666,4.466666666666667,0.0,0.5527533333333334,3.2666666666666666,0.0,0.31506000000000006,5.133333333333334,0.0,0.33808666666666665,5.0,40.0,0.0829,6.866666666666666,134.57,0.906,0.906
dist_truncnorm,8,0.67,0.15,truncnorm,none,100.0,0.0,2.2666666666666666,46.666666666666664,0.34047999999999995,1.9333333333333333,80.0,0.05004666666666667,2.7333333333333334,86.66666666666667,0.04978666666666666,2.6,100.0,0.0,3.466666666666667,100.0,0.0,4.333333333333333,0.0,0.3290066666666667,3.2666666666666666,93.33333333333333,0.026746666666666665,5.2,100.0,0.016220000000000002,5.0,100.0,0.0,6.733333333333333,0.0,0.46491999999999994,2.2666666666666666,0.0,0.5562533333333335,1.9333333333333333,13.333333333333334,0.30987999999999993,2.7333333333333334,13.333333333333334,0.33927999999999997,2.6,73.33333333333333,0.08,3.466666666666667,0.0,0.43378666666666665,4.333333333333333,0.0,0.5603599999999999,3.2666666666666666,6.666666666666667,0.29823999999999995,5.2,0.0,0.32094000000000006,5.0,60.0,0.05260666666666666,6.733333333333333,134.05,0.907,0.907
dist_truncnorm,9,0.67,0.15,truncnorm,none,100.0,0.0,2.4,40.0,0.3494666666666667,1.9333333333333333,100.0,0.03264,2.7333333333333334,86.66666666666667,0.07208666666666667,2.6,100.0,0.0,3.533333333333333,100.0,0.0,4.733333333333333,0.0,0.3409933333333334,3.2666666666666666,80.0,0.04161333333333333,5.133333333333334,80.0,0.04834666666666667,5.0,100.0,0.0,6.733333333333333,0.0,0.45535999999999993,2.4,0.0,0.5633666666666667,1.9333333333333333,13.333333333333334,0.29896,2.7333333333333334,13.333333333333334,0.3423,2.6,80.0,0.07467333333333333,3.533333333333333,0.0,0.4179733333333333,4.733333333333333,0.0,0.5671733333333333,3.2666666666666666,6.666666666666667,0.30256666666666665,5.133333333333334,0.0,0.32810666666666666,5.0,40.0,0.08179333333333333,6.733333333333333,134.19,0.904,0.904
dist_logitnorm,0,0.67,0.15,logitnorm,none,100.0,0.0,2.3333333333333335,33.33333333333333,0.32861999999999997,1.9333333333333333,86.66666666666667,0.06899333333333332,2.7333333333333334,93.33333333333333,0.055580000000000004,2.6,100.0,0.0,3.6666666666666665,100.0,0.0,4.4,0.0,0.3403866666666666,3.2666666666666666,93.33333333333333,0.03624666666666666,5.133333333333334,80.0,0.04654,5.0,100.0,0.0,7.133333333333334,0.0,0.45842,2.3333333333333335,0.0,0.6060266666666667,1.9333333333333333,20.0,0.33662000000000003,2.7333333333333334,6.666666666666667,0.38187333333333334,2.6,73.33333333333333,0.09605333333333332,3.6666666666666665,0.0,0.44188000000000005,4.4,0.0,0.5895133333333331,3.2666666666666666,6.666666666666667,0.3415066666666667,5.133333333333334,0.0,0.37342666666666674,5.0,40.0,0.07204666666666666,7.133333333333334,135.05,0.889,0.889
dist_logitnorm,1,0.67,0.15,logitnorm,none,100.0,0.0,2.3333333333333335,33.33333333333333,0.3420666666666667,1.9333333333333333,73.33333333333333,0.05985333333333333,2.7333333333333334,80.0,0.05042,2.6,100.0,0.0,3.6,100.0,0.0,4.4,6.666666666666667,0.3159466666666667,3.2666666666666666,80.0,0.058313333333333335,5.133333333333334,80.0,0.06345333333333332,5.0,100.0,0.0,7.066666666666666,6.666666666666667,0.47142666666666666,2.3333333333333335,0.0,0.5386400000000001,1.9333333333333333,13.333333333333334,0.32693333333333335,2.7333333333333334,20.0,0.30694,2.6,80.0,0.04636666666666667,3.6,0.0,0.43925999999999993,4.4,0.0,0.5441333333333334,3.2666666666666666,6.666666666666667,0.2992666666666667,5.133333333333334,0.0,0.32803999999999994,5.0,66.66666666666666,0.04322,7.066666666666666,135.06,0.892,0.892
dist_logitnorm,2,0.67,0.15,logitnorm,none,100.0,0.0,2.3333333333333335,33.33333333333333,0.30352666666666667,1.9333333333333333,86.66666666666667,0.05399333333333334,2.7333333333333334,80.0,0.04422,2.6,100.0,0.0,3.6,100.0,0.0,4.2,6.666666666666667,0.3185,3.2666666666666666,80.0,0.02942,5.2,86.66666666666667,0.03167333333333334,5.0,100.0,0.0,7.2,6.666666666666667,0.42848,2.3333333333333335,0.0,0.5526866666666667,1.9333333333333333,13.333333333333334,0.3192333333333333,2.7333333333333334,13.333333333333334,0.34859999999999997,2.6,66.66666666666666,0.07412,3.6,0.0,0.4170666666666667,4.2,0.0,0.5675000000000001,3.2666666666666666,6.666666666666667,0.30976000000000004,5.2,0.0,0.3306733333333334,5.0,80.0,0.04338,7.2,135.55,0.891,0.891
dist_logitnorm,3,0.67,0.15,logitnorm,none,100.0,0.0,2.2666666666666666,40.0,0.34459333333333336,1.9333333333333333,80.0,0.07672,2.7333333333333334,80.0,0.0618,2.6,100.0,0.0,3.6,100.0,0.0,4.466666666666667,6.666666666666667,0.33518,3.2666666666666666,93.33333333333333,0.040639999999999996,5.133333333333334,93.33333333333333,0.03041333333333333,5.0,100.0,0.0,7.2,0.0,0.4395866666666666,2.2666666666666666,0.0,0.56912,1.9333333333333333,20.0,0.26616,2.7333333333333334,6.666666666666667,0.3363466666666666,2.6,73.33333333333333,0.04264,3.6,0.0,0.40670000000000006,4.466666666666667,0.0,0.5528533333333333,3.2666666666666666,6.666666666666667,0.2794933333333333,5.133333333333334,0.0,0.30548000000000003,5.0,73.33333333333333,0.04286,7.2,134.93,0.892,0.892
dist_logitnorm,4,0.67,0.15,logitnorm,none,100.0,0.0,2.2,53.333333333333336,0.2726333333333333,1.9333333333333333,93.33333333333333,0.024253333333333335,2.7333333333333334,100.0,0.01682,2.6,100.0,0.0,3.6,100.0,0.0,4.266666666666667,6.666666666666667,0.28032666666666667,3.2666666666666666,100.0,0.01752666666666667,5.133333333333334,100.0,0.016546666666666668,5.0,100.0,0.0,7.133333333333334,0.0,0.46849333333333326,2.2,0.0,0.5417400000000001,1.9333333333333333,13.333333333333334,0.3148066666666667,2.7333333333333334,13.333333333333334,0.33482666666666666,2.6,86.66666666666667,0.026446666666666667,3.6,0.0,0.44707333333333327,4.266666666666667,0.0,0.54786,3.2666666666666666,6.666666666666667,0.2956266666666666,5.133333333333334,0.0,0.3452733333333333,5.0,66.66666666666666,0.05268666666666666,7.133333333333334,135.33,0.891,0.891
dist_logitnorm,5,0.67,0.15,logitnorm,none,100.0,0.0,2.1333333333333333,60.0,0.3066466666666667,1.9333333333333333,100.0,0.018340000000000002,2.6666666666666665,80.0,0.04902,2.533333333333333,100.0,0.0,3.6,100.0,0.0,4.266666666666667,6.666666666666667,0.31517333333333336,3.2666666666666666,100.0,0.00746,5.066666666666666,100.0,0.025586666666666667,4.933333333333334,100.0,0.0,7.133333333333334,0.0,0.4266466666666667,2.1333333333333333,0.0,0.5574933333333334,1.9333333333333333,6.666666666666667,0.31331333333333333,2.6666666666666665,0.0,0.33480666666666675,2.533333333333333,86.66666666666667,0.06399333333333332,3.6,0.0,0.41652000000000006,4.266666666666667,0.0,0.5586533333333333,3.2666666666666666,0.0,0.3290533333333333,5.066666666666666,0.0,0.3452266666666667,4.933333333333334,60.0,0.04516,7.133333333333334,135.77,0.891,0.891
dist_logitnorm,6,0.67,0.15,logitnorm,none,100.0,0.0,2.2,46.666666666666664,0.30745999999999996,1.9333333333333333,93.33333333333333,0.05553333333333334,2.6666666666666665,86.66666666666667,0.07276,2.6,100.0,0.0,3.533333333333333,100.0,0.0,4.333333333333333,0.0,0.3147399999999999,3.2666666666666666,93.33333333333333,0.02764,5.133333333333334,86.66666666666667,0.0512,5.0,100.0,0.0,7.133333333333334,6.666666666666667,0.4224533333333334,2.2,0.0,0.5659733333333334,1.9333333333333333,13.333333333333334,0.31998,2.6666666666666665,20.0,0.3529,2.6,66.66666666666666,0.07643333333333334,3.533333333333333,0.0,0.4300933333333333,4.333333333333333,0.0,0.5600533333333334,3.2666666666666666,6.666666666666667,0.28938,5.133333333333334,6.666666666666667,0.31892666666666675,5.0,80.0,0.044239999999999995,7.133333333333334,135.9,0.892,0.892
dist_logitnorm,7,0.67,0.15,logitnorm,none,100.0,0.0,2.2666666666666666,53.333333333333336,0.34154666666666667,1.9333333333333333,93.33333333333333,0.052,2.7333333333333334,86.66666666666667,0.055,2.6,100.0,0.0,3.533333333333333,100.0,0.0,4.4,6.666666666666667,0.32361333333333336,3.2666666666666666,86.66666666666667,0.03526,5.2,86.66666666666667,0.026179999999999995,5.0,100.0,0.0,7.133333333333334,6.666666666666667,0.47771333333333327,2.2666666666666666,0.0,0.5808800000000001,1.9333333333333333,6.666666666666667,0.34991999999999995,2.7333333333333334,6.666666666666667,0.35252,2.6,73.33333333333333,0.08685333333333332,3.533333333333333,0.0,0.46640000000000004,4.4,0.0,0.5719466666666667,3.2666666666666666,6.666666666666667,0.32001333333333337,5.2,0.0,0.3555733333333333,5.0,46.666666666666664,0.07037999999999998,7.133333333333334,135.18,0.89,0.89
dist_logitnorm,8,0.67,0.15,logitnorm,none,100.0,0.0,2.2666666666666666,20.0,0.3337466666666667,1.9333333333333333,86.66666666666667,0.07295333333333333,2.7333333333333334,80.0,0.06068666666666666,2.6,100.0,0.0,3.6666666666666665,100.0,0.0,4.4,6.666666666666667,0.33412000000000003,3.2666666666666666,73.33333333333333,0.032773333333333335,5.2,93.33333333333333,0.04594666666666667,5.0,100.0,0.0,7.266666666666667,6.666666666666667,0.45166,2.2666666666666666,0.0,0.6227533333333335,1.9333333333333333,13.333333333333334,0.3421133333333334,2.7333333333333334,6.666666666666667,0.4131066666666667,2.6,73.33333333333333,0.08792666666666667,3.6666666666666665,0.0,0.4656466666666666,4.4,0.0,0.5951799999999999,3.2666666666666666,6.666666666666667,0.34066,5.2,0.0,0.3783933333333333,5.0,60.0,0.08741333333333333,7.266666666666667,135.04,0.89,0.89
dist_logitnorm,9,0.67,0.15,logitnorm,none,100.0,0.0,2.4,40.0,0.32767999999999997,1.9333333333333333,86.66666666666667,0.06466,2.7333333333333334,93.33333333333333,0.04200666666666667,2.6,100.0,0.0,3.6,100.0,0.0,4.466666666666667,0.0,0.33307999999999993,3.2666666666666666,86.66666666666667,0.05541333333333333,5.2,86.66666666666667,0.05145333333333333,5.0,100.0,0.0,7.133333333333334,6.666666666666667,0.4124533333333334,2.4,6.666666666666667,0.5768666666666665,1.9333333333333333,20.0,0.3306199999999999,2.7333333333333334,6.666666666666667,0.33063333333333333,2.6,80.0,0.03565333333333333,3.6,0.0,0.4155333333333333,4.466666666666667,0.0,0.5490266666666667,3.2666666666666666,0.0,0.30659333333333333,5.2,0.0,0.33318,5.0,60.0,0.05910000000000001,7.133333333333334,135.33,0.891,0.891
persistence_half,0,0.67,0.15,beta,half,100.0,0.0,2.6,33.33333333333333,0.3368466666666666,1.9333333333333333,93.33333333333333,0.02272,2.7333333333333334,80.0,0.02485333333333333,2.6,100.0,0.0012133333333333334,2.8,100.0,0.0,4.933333333333334,0.0,0.3336933333333333,3.2666666666666666,100.0,0.018206666666666666,5.133333333333334,100.0,0.0171,5.0,100.0,0.0,5.2,13.333333333333334,0.36025333333333337,2.6,0.0,0.5646733333333334,1.9333333333333333,20.0,0.31073999999999996,2.7333333333333334,6.666666666666667,0.34972666666666663,2.6,20.0,0.30377333333333323,2.8,0.0,0.3585133333333334,4.933333333333334,0.0,0.5667266666666666,3.2666666666666666,6.666666666666667,0.31640666666666667,5.133333333333334,0.0,0.349,5.0,0.0,0.3027466666666667,5.2,135.12,0.994,0.994
persistence_half,1,0.67,0.15,beta,half,100.0,0.0,2.533333333333333,33.33333333333333,0.33333999999999997,1.9333333333333333,93.33333333333333,0.02646666666666667,2.7333333333333334,100.0,0.0061266666666666665,2.6,100.0,0.0,2.8,100.0,0.0,4.733333333333333,0.0,0.3293066666666667,3.2666666666666666,100.0,0.017126666666666665,5.133333333333334,100.0,0.008360000000000001,5.0,100.0,0.0,5.2,6.666666666666667,0.3586599999999999,2.533333333333333,0.0,0.5568799999999999,1.9333333333333333,0.0,0.32266,2.7333333333333334,6.666666666666667,0.33752,2.6,6.666666666666667,0.2879333333333333,2.8,0.0,0.3511266666666666,4.733333333333333,0.0,0.5618333333333333,3.2666666666666666,6.666666666666667,0.31388,5.133333333333334,0.0,0.3427933333333334,5.0,0.0,0.29457999999999995,5.2,135.06,0.994,0.994
persistence_half,2,0.67,0.15,beta,half,100.0,0.0,2.533333333333333,40.0,0.33252000000000004,1.9333333333333333,93.33333333333333,0.02416,2.7333333333333334,100.0,0.010253333333333331,2.6,100.0,0.0,2.8,100.0,0.0,4.933333333333334,0.0,0.33548666666666666,3.2666666666666666,100.0,0.017973333333333334,5.133333333333334,100.0,0.006506666666666666,5.0,100.0,0.0,5.2,6.666666666666667,0.35461333333333334,2.533333333333333,0.0,0.5643533333333334,1.9333333333333333,6.666666666666667,0.3188266666666666,2.7333333333333334,13.333333333333334,0.34430666666666665,2.6,13.333333333333334,0.2992333333333333,2.8,0.0,0.3487466666666667,4.933333333333334,0.0,0.5638466666666667,3.2666666666666666,6.666666666666667,0.3136533333333333,5.133333333333334,0.0,0.34479333333333334,5.0,0.0,0.2984066666666667,5.2,135.27,0.994,0.994
persistence_half,3,0.67,0.15,beta,half,100.0,0.0,2.6,33.33333333333333,0.3395066666666666,1.9333333333333333,93.33333333333333,0.0271,2.7333333333333334,100.0,0.02218,2.6,100.0,0.0011533333333333333,2.8,100.0,0.0,4.866666666666666,0.0,0.34623333333333334,3.2666666666666666,100.0,0.01855333333333333,5.2,93.33333333333333,0.01738666666666667,5.0,100.0,0.0,5.2,6.666666666666667,0.34456666666666674,2.6,0.0,0.5637933333333334,1.9333333333333333,6.666666666666667,0.30257333333333336,2.7333333333333334,6.666666666666667,0.34294666666666657,2.6,6.666666666666667,0.29825999999999997,2.8,0.0,0.3438066666666666,4.866666666666666,0.0,0.5631933333333333,3.2666666666666666,6.666666666666667,0.3065933333333334,5.2,0.0,0.3394266666666666,5.0,0.0,0.2942599999999999,5.2,135.02,0.994,0.994
persistence_half,4,0.67,0.15,beta,half,100.0,0.0,2.6,33.33333333333333,0.32794666666666666,1.9333333333333333,86.66666666666667,0.04238666666666666,2.7333333333333334,100.0,0.01934,2.6,100.0,0.0,2.8,100.0,0.0,4.666666666666667,0.0,0.3337066666666667,3.2666666666666666,86.66666666666667,0.025273333333333335,5.133333333333334,93.33333333333333,0.01402,5.0,100.0,0.0,5.2,6.666666666666667,0.3606066666666667,2.6,0.0,0.5631933333333333,1.9333333333333333,13.333333333333334,0.31126000000000004,2.7333333333333334,13.333333333333334,0.34245333333333333,2.6,20.0,0.2941266666666666,2.8,0.0,0.35689333333333334,4.666666666666667,0.0,0.5619466666666668,3.2666666666666666,6.666666666666667,0.3102933333333333,5.133333333333334,0.0,0.34846000000000005,5.0,0.0,0.30083333333333334,5.2,135.18,0.994,0.994
persistence_half,5,0.67,0.15,beta,half,100.0,0.0,2.4,46.666666666666664,0.3267333333333333,1.9333333333333333,93.33333333333333,0.026820000000000004,2.7333333333333334,100.0,0.007506666666666667,2.6,100.0,0.0,2.8,100.0,0.0,4.933333333333334,0.0,0.33313333333333334,3.2666666666666666,100.0,0.01116,5.133333333333334,100.0,0.00704,5.0,100.0,0.0,5.2,6.666666666666667,0.36713999999999997,2.4,0.0,0.5666066666666667,1.9333333333333333,0.0,0.31858666666666674,2.7333333333333334,6.666666666666667,0.34804666666666667,2.6,6.666666666666667,0.30206,2.8,0.0,0.3565933333333333,4.933333333333334,0.0,0.5652133333333332,3.2666666666666666,6.666666666666667,0.3141533333333333,5.133333333333334,0.0,0.3453466666666667,5.0,0.0,0.2995466666666666,5.2,135.27,0.994,0.994
persistence_half,6,0.67,0.15,beta,half,100.0,0.0,2.466666666666667,46.666666666666664,0.3286066666666666,1.9333333333333333,93.33333333333333,0.015926666666666665,2.7333333333333334,100.0,0.011093333333333334,2.6,100.0,0.0,2.8,100.0,0.0,4.933333333333334,0.0,0.3299333333333333,3.2666666666666666,100.0,0.012160000000000002,5.133333333333334,93.33333333333333,0.008413333333333333,5.0,100.0,0.0,5.2,6.666666666666667,0.35816666666666663,2.466666666666667,0.0,0.5651066666666666,1.9333333333333333,13.333333333333334,0.3124133333333333,2.7333333333333334,13.333333333333334,0.3447933333333334,2.6,13.333333333333334,0.29913333333333336,2.8,0.0,0.3469333333333333,4.933333333333334,0.0,0.56202,3.2666666666666666,6.666666666666667,0.30878,5.133333333333334,0.0,0.33774666666666664,5.0,0.0,0.29126,5.2,135.21,0.994,0.994
persistence_half,7,0.67,0.15,beta,half,100.0,0.0,2.6666666666666665,26.666666666666668,0.34550000000000003,1.9333333333333333,93.33333333333333,0.023173333333333334,2.7333333333333334,93.33333333333333,0.0148,2.6,100.0,0.0,2.8,100.0,0.0,4.933333333333334,0.0,0.3390533333333333,3.2666666666666666,100.0,0.017646666666666665,5.2,100.0,0.00926666666666667,5.0,100.0,0.0,5.2,6.666666666666667,0.35025333333333336,2.6666666666666665,0.0,0.5639800000000001,1.9333333333333333,13.333333333333334,0.30993333333333334,2.7333333333333334,6.666666666666667,0.34787999999999997,2.6,13.333333333333334,0.3068133333333333,2.8,0.0,0.3492666666666667,4.933333333333334,0.0,0.5681933333333333,3.2666666666666666,6.666666666666667,0.31586666666666663,5.2,0.0,0.34590000000000004,5.0,0.0,0.30047333333333337,5.2,135.12,0.994,0.994
persistence_half,8,0.67,0.15,beta,half,100.0,0.0,2.533333333333333,40.0,0.3326799999999999,1.9333333333333333,93.33333333333333,0.01944,2.7333333333333334,100.0,0.011573333333333333,2.6,100.0,0.0,2.8,100.0,0.0,4.933333333333334,0.0,0.33068000000000003,3.2666666666666666,100.0,0.013253333333333334,5.2,100.0,0.006346666666666667,5.0,100.0,0.0,5.2,6.666666666666667,0.3665666666666667,2.533333333333333,0.0,0.5723266666666668,1.9333333333333333,0.0,0.3249666666666667,2.7333333333333334,6.666666666666667,0.3583133333333333,2.6,6.666666666666667,0.3128266666666667,2.8,0.0,0.3620266666666667,4.933333333333334,0.0,0.57502,3.2666666666666666,6.666666666666667,0.3201133333333333,5.2,0.0,0.3489466666666666,5.0,0.0,0.30196666666666666,5.2,134.84,0.994,0.994
persistence_half,9,0.67,0.15,beta,half,100.0,0.0,2.533333333333333,40.0,0.3373733333333334,1.9333333333333333,93.33333333333333,0.02922,2.7333333333333334,100.0,0.01968666666666667,2.6,100.0,0.0007266666666666667,2.8,100.0,0.0,4.933333333333334,0.0,0.34397333333333335,3.2666666666666666,100.0,0.016706666666666665,5.2,93.33333333333333,0.017586666666666664,5.0,100.0,1.3333333333333333e-05,5.2,6.666666666666667,0.33925999999999995,2.533333333333333,0.0,0.5629733333333333,1.9333333333333333,20.0,0.3093333333333333,2.7333333333333334,6.666666666666667,0.3376266666666667,2.6,20.0,0.2924866666666667,2.8,0.0,0.3374533333333334,4.933333333333334,0.0,0.5601466666666667,3.2666666666666666,6.666666666666667,0.30818,5.2,0.0,0.3347333333333333,5.0,0.0,0.28968666666666665,5.2,134.79,0.994,0.994
persistence_full,0,0.67,0.15,beta,full,100.0,0.0,2.3333333333333335,33.33333333333333,0.3469066666666666,1.9333333333333333,86.66666666666667,0.047806666666666664,2.6666666666666665,80.0,0.049113333333333335,2.533333333333333,100.0,0.0,3.466666666666667,100.0,0.0,4.133333333333334,13.333333333333334,0.3192933333333333,3.2666666666666666,60.0,0.06023333333333333,5.0,66.66666666666666,0.05551333333333334,4.8,100.0,0.0,6.733333333333333,6.666666666666667,0.4108733333333333,2.3333333333333335,13.333333333333334,0.48430666666666666,1.9333333333333333,40.0,0.23845333333333332,2.6666666666666665,40.0,0.24023333333333335,2.533333333333333,100.0,0.0008466666666666667,3.466666666666667,0.0,0.4197399999999999,4.133333333333334,0.0,0.49422000000000005,3.2666666666666666,0.0,0.2879066666666666,5.0,0.0,0.29102666666666666,4.8,66.66666666666666,0.03228,6.733333333333333,136.84,0.901,0.901
persistence_full,1,0.67,0.15,beta,full,100.0,0.0,2.2,73.33333333333333,0.19521333333333332,1.9333333333333333,100.0,0.01672,2.7333333333333334,100.0,0.0,2.6,100.0,0.0,3.6,100.0,0.0,4.066666666666666,20.0,0.2346466666666667,3.2666666666666666,100.0,0.008526666666666665,5.2,100.0,0.0008133333333333333,5.0,100.0,0.0,7.133333333333334,0.0,0.4504466666666667,2.2,0.0,0.5445399999999999,1.9333333333333333,0.0,0.35002000000000005,2.7333333333333334,6.666666666666667,0.35433333333333333,2.6,60.0,0.08582666666666666,3.6,0.0,0.4434933333333334,4.066666666666666,0.0,0.58568,3.2666666666666666,6.666666666666667,0.29655333333333334,5.2,0.0,0.3480533333333334,5.0,46.666666666666664,0.053306666666666655,7.133333333333334,133.63,0.892,0.892
persistence_full,2,0.67,0.15,beta,full,100.0,0.0,2.533333333333333,40.0,0.34345333333333333,1.9333333333333333,86.66666666666667,0.04287333333333333,2.7333333333333334,100.0,0.021066666666666668,2.6,100.0,0.0,3.6666666666666665,100.0,0.0,4.6,0.0,0.3295599999999999,3.2666666666666666,100.0,0.021833333333333333,5.2,93.33333333333333,0.007213333333333333,5.0,100.0,0.0,7.266666666666667,6.666666666666667,0.3665733333333333,2.533333333333333,0.0,0.56334,1.9333333333333333,0.0,0.3385333333333333,2.7333333333333334,13.333333333333334,0.33394666666666667,2.6,80.0,0.03382666666666667,3.6666666666666665,0.0,0.39508000000000004,4.6,0.0,0.5588133333333334,3.2666666666666666,6.666666666666667,0.3076866666666668,5.2,0.0,0.33774666666666664,5.0,73.33333333333333,0.030033333333333335,7.266666666666667,135.36,0.895,0.895
persistence_full,3,0.67,0.15,beta,full,100.0,0.0,2.2,60.0,0.23963333333333334,1.9333333333333333,100.0,0.02086,2.7333333333333334,80.0,0.030926666666666665,2.6,100.0,0.0,3.6666666666666665,100.0,0.0,4.133333333333334,26.666666666666668,0.2829466666666666,3.2666666666666666,100.0,0.029580000000000006,5.133333333333334,100.0,0.012606666666666665,5.0,100.0,0.0,7.533333333333333,0.0,0.4396533333333334,2.2,0.0,0.5789066666666666,1.9333333333333333,0.0,0.3950266666666667,2.7333333333333334,6.666666666666667,0.36545999999999995,2.6,73.33333333333333,0.05641333333333333,3.6666666666666665,0.0,0.44261333333333336,4.133333333333334,0.0,0.5771933333333333,3.2666666666666666,6.666666666666667,0.362,5.133333333333334,0.0,0.3785066666666667,5.0,53.333333333333336,0.08167333333333333,7.533333333333333,133.91,0.883,0.883
persistence_full,4,0.67,0.15,beta,full,100.0,0.0,2.2,40.0,0.30382,1.9333333333333333,86.66666666666667,0.034519999999999995,2.7333333333333334,100.0,0.0038866666666666663,2.6,100.0,0.0,3.6666666666666665,100.0,0.0,4.266666666666667,13.333333333333334,0.28908,3.2666666666666666,100.0,0.01116,5.133333333333334,100.0,0.00428,5.0,100.0,0.0,7.2,6.666666666666667,0.4339133333333333,2.2,0.0,0.5471799999999999,1.9333333333333333,13.333333333333334,0.31571999999999995,2.7333333333333334,13.333333333333334,0.30954,2.6,86.66666666666667,0.03387333333333333,3.6666666666666665,0.0,0.4660333333333334,4.266666666666667,0.0,0.5469000000000002,3.2666666666666666,0.0,0.30534666666666666,5.133333333333334,0.0,0.3728466666666666,5.0,33.33333333333333,0.06124666666666668,7.2,135.03,0.89,0.89
persistence_full,5,0.67,0.15,beta,full,100.0,0.0,2.3333333333333335,46.666666666666664,0.34659333333333336,1.9333333333333333,93.33333333333333,0.027293333333333333,2.6666666666666665,86.66666666666667,0.05958666666666668,2.533333333333333,100.0,0.0,3.533333333333333,100.0,0.0,4.133333333333334,13.333333333333334,0.3172933333333333,3.2666666666666666,93.33333333333333,0.004540000000000001,5.0,86.66666666666667,0.015253333333333334,4.866666666666666,100.0,0.0,6.866666666666666,0.0,0.5424599999999999,2.3333333333333335,0.0,0.6479266666666668,1.9333333333333333,0.0,0.45791333333333334,2.6666666666666665,6.666666666666667,0.4550933333333333,2.533333333333333,26.666666666666668,0.18604,3.533333333333333,0.0,0.49106000000000005,4.133333333333334,0.0,0.6233333333333333,3.2666666666666666,0.0,0.4080066666666667,5.0,0.0,0.4296,4.866666666666666,6.666666666666667,0.17266,6.866666666666666,135.19,0.893,0.893
persistence_full,6,0.67,0.15,beta,full,100.0,0.0,2.2,40.0,0.3173466666666666,1.9333333333333333,86.66666666666667,0.05426666666666667,2.6666666666666665,100.0,3.9999999999999996e-05,2.6,100.0,0.0,3.466666666666667,100.0,0.0,4.133333333333334,13.333333333333334,0.2879933333333333,3.2666666666666666,100.0,0.012053333333333334,5.066666666666666,100.0,0.0064199999999999995,4.933333333333334,100.0,0.0,6.733333333333333,0.0,0.5264,2.2,0.0,0.5594533333333332,1.9333333333333333,0.0,0.34846000000000005,2.6666666666666665,13.333333333333334,0.33862666666666663,2.6,66.66666666666666,0.08005333333333332,3.466666666666667,0.0,0.45839333333333343,4.133333333333334,0.0,0.5568266666666666,3.2666666666666666,0.0,0.32611333333333337,5.066666666666666,0.0,0.35228,4.933333333333334,33.33333333333333,0.08352666666666668,6.733333333333333,137.0,0.898,0.898
persistence_full,7,0.67,0.15,beta,full,100.0,0.0,2.533333333333333,40.0,0.3491533333333334,1.9333333333333333,100.0,0.019386666666666667,2.7333333333333334,80.0,0.04652,2.6,100.0,0.0,3.533333333333333,100.0,0.0,4.666666666666667,0.0,0.35824,3.2666666666666666,93.33333333333333,0.025333333333333333,5.2,93.33333333333333,0.049420000000000006,5.0,100.0,0.0,7.133333333333334,13.333333333333334,0.4005466666666667,2.533333333333333,0.0,0.5485133333333334,1.9333333333333333,33.33333333333333,0.2301133333333333,2.7333333333333334,6.666666666666667,0.33129333333333333,2.6,80.0,0.06966666666666667,3.533333333333333,0.0,0.38563333333333344,4.666666666666667,0.0,0.5576933333333333,3.2666666666666666,6.666666666666667,0.2879,5.2,0.0,0.29777333333333333,5.0,73.33333333333333,0.0269,7.133333333333334,134.76,0.89,0.89
persistence_full,8,0.67,0.15,beta,full,100.0,0.0,2.2666666666666666,40.0,0.31889999999999996,1.9333333333333333,100.0,0.0068000000000000005,2.7333333333333334,100.0,0.005606666666666666,2.6,100.0,0.0,3.6666666666666665,100.0,0.0,4.133333333333334,13.333333333333334,0.2611866666666666,3.2666666666666666,100.0,0.0,5.2,100.0,0.0020066666666666666,5.0,100.0,0.0,7.2,0.0,0.54664,2.2666666666666666,0.0,0.5829533333333334,1.9333333333333333,0.0,0.43952,2.7333333333333334,6.666666666666667,0.39868666666666663,2.6,66.66666666666666,0.10914,3.6666666666666665,0.0,0.5237933333333333,4.133333333333334,0.0,0.6000733333333333,3.2666666666666666,0.0,0.3519333333333333,5.2,0.0,0.3697466666666666,5.0,66.66666666666666,0.06956666666666668,7.2,134.22,0.885,0.885
persistence_full,9,0.67,0.15,beta,full,100.0,0.0,2.2666666666666666,33.33333333333333,0.36184666666666665,1.9333333333333333,86.66666666666667,0.054393333333333335,2.7333333333333334,73.33333333333333,0.06856,2.6,100.0,0.0,3.6666666666666665,100.0,0.0,4.6,0.0,0.36887333333333333,3.2666666666666666,93.33333333333333,0.02623333333333333,5.266666666666667,66.66666666666666,0.05281333333333333,5.0,100.0,0.0,7.466666666666667,0.0,0.49168666666666666,2.2666666666666666,0.0,0.57936,1.9333333333333333,13.333333333333334,0.36378666666666665,2.7333333333333334,13.333333333333334,0.3447733333333333,2.6,86.66666666666667,0.06590666666666667,3.6666666666666665,0.0,0.42096,4.6,0.0,0.5764333333333334,3.2666666666666666,0.0,0.3018466666666667,5.266666666666667,0.0,0.34521333333333337,5.0,66.66666666666666,0.04156,7.466666666666667,133.53,0.883,0.883
